SUMLEV,STATE,COUNTY,PLACE,COUSUB,CONCIT,NAME,,STNAME,CENSUS2010POP,ESTIMATESBASE2010,POPESTIMATE2010,POPESTIMATE2011
40,12,0,0,0,0,Florida,Florida,,18801310,18801311,18838613,19057542
162,12,0,375,0,0,Alachua,CITY,Florida,9059,9060,9062,9139
162,12,0,625,0,0,Alford,TOWN,Florida,489,489,488,483
162,12,0,950,0,0,Altamonte Springs,CITY,Florida,41496,41496,41544,41727
162,12,0,1000,0,0,Altha,TOWN,Florida,536,536,537,541
162,12,0,1475,0,0,Anna Maria,CITY,Florida,1503,1503,1506,1524
162,12,0,1625,0,0,Apalachicola,CITY,Florida,2231,2231,2236,2242
162,12,0,1700,0,0,Apopka,CITY,Florida,41542,41604,41709,42467
162,12,0,1750,0,0,Arcadia,CITY,Florida,7637,7637,7657,7643
162,12,0,1775,0,0,Archer,CITY,Florida,1118,1118,1119,1128
162,12,0,2250,0,0,Astatula,TOWN,Florida,1810,1810,1814,1836
162,12,0,2400,0,0,Atlantic Beach,CITY,Florida,12655,12655,12672,12751
162,12,0,2500,0,0,Atlantis,CITY,Florida,2005,2005,2009,2029
162,12,0,2550,0,0,Auburndale,CITY,Florida,13507,13507,13525,13675
162,12,0,2681,0,0,Aventura,CITY,Florida,35762,35762,35858,36610
162,12,0,2750,0,0,Avon Park,CITY,Florida,8836,8838,8834,8825
162,12,0,3250,0,0,Baldwin,TOWN,Florida,1425,1425,1426,1437
162,12,0,3275,0,0,Bal Harbour,VILLAGE,Florida,2513,2514,2521,2574
162,12,0,3675,0,0,Bartow,CITY,Florida,17298,17298,17321,17501
162,12,0,3725,0,0,Bascom,TOWN,Florida,121,121,121,120
162,12,0,3975,0,0,Bay Harbor Islands,TOWN,Florida,5628,5628,5644,5762
162,12,0,4150,0,0,Bay Lake,CITY,Florida,47,47,47,48
162,12,0,4975,0,0,Bell,TOWN,Florida,456,456,459,459
162,12,0,5075,0,0,Belleair,TOWN,Florida,3869,3869,3867,3872
162,12,0,5100,0,0,Belleair Beach,CITY,Florida,1560,1560,1559,1561
162,12,0,5125,0,0,Belleair Bluffs,CITY,Florida,2031,2031,2030,2032
162,12,0,5150,0,0,Belleair Shore,TOWN,Florida,109,109,109,109
162,12,0,5200,0,0,Belle Glade,CITY,Florida,17467,17467,17505,17667
162,12,0,5300,0,0,Belle Isle,CITY,Florida,5988,5988,6004,6111
162,12,0,5375,0,0,Belleview,CITY,Florida,4492,4492,4494,4509
162,12,0,6100,0,0,Beverly Beach,TOWN,Florida,338,338,339,344
162,12,0,6600,0,0,Biscayne Park,VILLAGE,Florida,3055,3055,3062,3126
162,12,0,6925,0,0,Blounts Town,CITY,Florida,2514,2501,2502,2523
162,12,0,7300,0,0,Boca Raton,CITY,Florida,84392,84392,84566,85329
162,12,0,7450,0,0,Bonifay,CITY,Florida,2793,2804,2794,2796
162,12,0,7525,0,0,Bonita Springs,CITY,Florida,43914,43914,44036,44816
162,12,0,7775,0,0,Bowling Green,CITY,Florida,2930,2930,2938,2947
162,12,0,7875,0,0,Boynton Beach,CITY,Florida,68217,68217,68361,68996
162,12,0,7950,0,0,Bradenton,CITY,Florida,49546,49546,49639,50193
162,12,0,7975,0,0,Bradenton Beach,CITY,Florida,1171,1171,1173,1187
162,12,0,8175,0,0,Branford,TOWN,Florida,712,712,712,720
162,12,0,8575,0,0,Briny Breezes,TOWN,Florida,601,601,602,608
162,12,0,8600,0,0,Bristol,CITY,Florida,996,995,994,989
162,12,0,8700,0,0,Bronson,TOWN,Florida,1113,1113,1111,1096
162,12,0,8725,0,0,Brooker,TOWN,Florida,338,338,337,334
162,12,0,8800,0,0,Brooksville,CITY,Florida,7719,7721,7732,7735
162,12,0,9550,0,0,Bunnell,CITY,Florida,2676,2676,2685,2717
162,12,0,9625,0,0,Bushnell,CITY,Florida,2418,2418,2439,2524
162,12,0,9700,0,0,Callahan,TOWN,Florida,1123,1123,1126,1136
162,12,0,9725,0,0,Callaway,CITY,Florida,14405,14405,14443,14493
162,12,0,9900,0,0,Campbellton,TOWN,Florida,230,230,230,227
162,12,0,10250,0,0,Cape Canaveral,CITY,Florida,9912,9912,9921,9916
162,12,0,10275,0,0,Cape Coral,CITY,Florida,154305,154305,154734,157476
162,12,0,10725,0,0,Carrabelle,CITY,Florida,2778,2778,2780,2785
162,12,0,10975,0,0,Caryville,TOWN,Florida,411,411,411,412
162,12,0,11050,0,0,Casselberry,CITY,Florida,26241,26241,26273,26387
162,12,0,11225,0,0,Cedar Key,CITY,Florida,702,705,703,693
162,12,0,11325,0,0,Center Hill,CITY,Florida,988,988,998,1038
162,12,0,11362,0,0,Century,TOWN,Florida,1698,1698,1700,1706
162,12,0,11800,0,0,Chattahoochee,CITY,Florida,3652,3648,3650,3636
162,12,0,11925,0,0,Chiefland,CITY,Florida,2245,2245,2240,2209
162,12,0,11975,0,0,Chipley,CITY,Florida,3605,3605,3607,3611
162,12,0,12325,0,0,Cinco Bayou,TOWN,Florida,383,383,383,389
162,12,0,12875,0,0,Clearwater,CITY,Florida,107685,107685,107648,107784
162,12,0,12925,0,0,Clermont,CITY,Florida,28742,28740,28819,29126
162,12,0,13000,0,0,Clewiston,CITY,Florida,7155,7155,7156,7146
162,12,0,13050,0,0,Cloud Lake,TOWN,Florida,135,135,135,136
162,12,0,13150,0,0,Cocoa,CITY,Florida,17140,17140,17154,17147
162,12,0,13175,0,0,Cocoa Beach,CITY,Florida,11231,11231,11240,11235
162,12,0,13275,0,0,Coconut Creek,CITY,Florida,52909,52936,53061,53915
162,12,0,13400,0,0,Coleman,CITY,Florida,703,694,702,731
162,12,0,14125,0,0,Cooper City,CITY,Florida,28547,28547,28614,29076
162,12,0,14250,0,0,Coral Gables,CITY,Florida,46780,46780,46894,47783
162,12,0,14400,0,0,Coral Springs,CITY,Florida,121096,121098,121382,123338
162,12,0,14850,0,0,Cottondale,TOWN,Florida,933,933,931,923
162,12,0,15375,0,0,Crescent City,CITY,Florida,1577,1577,1576,1571
162,12,0,15475,0,0,Crestview,CITY,Florida,20978,20978,20976,21284
162,12,0,15575,0,0,Cross City,TOWN,Florida,1728,1728,1726,1735
162,12,0,15775,0,0,Crystal River,CITY,Florida,3108,3110,3111,3086
162,12,0,15968,0,0,Cutler Bay,TOWN,Florida,40286,40286,40392,41236
162,12,0,16125,0,0,Dade City,CITY,Florida,6437,6437,6449,6461
162,12,0,16335,0,0,Dania Beach,CITY,Florida,29639,29639,29709,30183
162,12,0,16450,0,0,Davenport,CITY,Florida,2888,2895,2899,2931
162,12,0,16475,0,0,Davie,TOWN,Florida,91992,91992,92205,93674
162,12,0,16525,0,0,Daytona Beach,CITY,Florida,61005,61005,61011,61028
162,12,0,16550,0,0,Daytona Beach Shores,CITY,Florida,4247,4251,4251,4253
162,12,0,16675,0,0,DeBary,CITY,Florida,19320,19315,19316,19324
162,12,0,16725,0,0,Deerfield Beach,CITY,Florida,75018,75018,75191,76389
162,12,0,16800,0,0,DeFuniak Springs,CITY,Florida,5177,5177,5202,5248
162,12,0,16875,0,0,DeLand,CITY,Florida,27031,27031,27033,27041
162,12,0,17100,0,0,Delray Beach,CITY,Florida,60522,60522,60650,61209
162,12,0,17200,0,0,Deltona,CITY,Florida,85182,85182,85191,85219
162,12,0,17325,0,0,Destin,CITY,Florida,12305,12305,12303,12489
162,12,0,17935,0,0,Doral,CITY,Florida,45704,45704,45827,46789
162,12,0,18550,0,0,Dundee,TOWN,Florida,3717,3717,3723,3764
162,12,0,18575,0,0,Dunedin,CITY,Florida,35321,35321,35308,35354
162,12,0,18675,0,0,Dunnellon,CITY,Florida,1733,1733,1734,1740
162,12,0,18875,0,0,Eagle Lake,CITY,Florida,2255,2255,2259,2283
162,12,0,19650,0,0,Eatonville,TOWN,Florida,2159,2159,2163,2199
162,12,0,19725,0,0,Ebro,TOWN,Florida,270,270,270,271
162,12,0,19825,0,0,Edgewater,CITY,Florida,20750,20753,20756,20761
162,12,0,19900,0,0,Edgewood,CITY,Florida,2503,2503,2509,2555
162,12,0,20650,0,0,El Portal,VILLAGE,Florida,2325,2325,2331,2380
162,12,0,21250,0,0,Esto,TOWN,Florida,364,364,363,362
162,12,0,21350,0,0,Eustis,CITY,Florida,18558,18558,18610,18805
162,12,0,21425,0,0,Everglades,CITY,Florida,400,400,402,408
162,12,0,21850,0,0,Fanning Springs,CITY,Florida,764,764,764,758
162,12,0,22100,0,0,Fellsmere,CITY,Florida,5197,5197,5207,5229
162,12,0,22175,0,0,Fernandina Beach,CITY,Florida,11487,11487,11517,11624
162,12,0,22550,0,0,Flagler Beach,CITY,Florida,4484,4484,4500,4563
162,12,0,22975,0,0,Florida City,CITY,Florida,11245,11245,11275,11511
162,12,0,24000,0,0,Fort Lauderdale,CITY,Florida,165521,165521,165900,168528
162,12,0,24100,0,0,Fort Meade,CITY,Florida,5626,5626,5632,5696
162,12,0,24125,0,0,Fort Myers,CITY,Florida,62298,62296,62460,63512
162,12,0,24150,0,0,Fort Myers Beach,TOWN,Florida,6277,6277,6294,6406
162,12,0,24300,0,0,Fort Pierce,CITY,Florida,41590,41606,41746,41993
162,12,0,24475,0,0,Fort Walton Beach,CITY,Florida,19507,19507,19505,19793
162,12,0,24500,0,0,Fort White,TOWN,Florida,567,567,567,566
162,12,0,24825,0,0,Freeport,CITY,Florida,1787,1787,1795,1812
162,12,0,24900,0,0,Frostproof,CITY,Florida,2992,2992,2997,3030
162,12,0,24975,0,0,Fruitland Park,CITY,Florida,4078,4078,4090,4132
162,12,0,25175,0,0,Gainesville,CITY,Florida,124354,124354,124394,125326
162,12,0,26050,0,0,Glen Ridge,TOWN,Florida,219,219,219,220
162,12,0,26075,0,0,Glen St. Mary,TOWN,Florida,437,439,438,440
162,12,0,26250,0,0,Golden Beach,TOWN,Florida,919,919,921,940
162,12,0,26550,0,0,Golf,VILLAGE,Florida,252,252,252,255
162,12,0,27000,0,0,Graceville,CITY,Florida,2278,2278,2275,2258
162,12,0,27175,0,0,Grand Ridge,TOWN,Florida,892,895,894,885
162,12,0,27256,0,0,Grant-Valkaria,TOWN,Florida,3850,3850,3854,3851
162,12,0,27322,0,0,Greenacres,CITY,Florida,37573,37573,37655,38009
162,12,0,27400,0,0,Green Cove Springs,CITY,Florida,6908,6908,6927,6958
162,12,0,27550,0,0,Greensboro,TOWN,Florida,602,645,645,642
162,12,0,27575,0,0,Greenville,TOWN,Florida,843,835,835,830
162,12,0,27600,0,0,Greenwood,TOWN,Florida,686,686,685,678
162,12,0,27650,0,0,Gretna,CITY,Florida,1460,1459,1459,1452
162,12,0,27800,0,0,Groveland,CITY,Florida,8729,8729,8752,8846
162,12,0,28000,0,0,Gulf Breeze,CITY,Florida,5763,5763,5788,5870
162,12,0,28175,0,0,Gulfport,CITY,Florida,12029,12029,12026,12041
162,12,0,28275,0,0,Gulf Stream,TOWN,Florida,786,786,788,795
162,12,0,28400,0,0,Haines City,CITY,Florida,20535,20552,20579,20807
162,12,0,28452,0,0,Hallandale Beach,CITY,Florida,37113,37113,37200,37800
162,12,0,28575,0,0,Hampton,CITY,Florida,500,500,499,496
162,12,0,29100,0,0,Hastings,TOWN,Florida,580,580,584,598
162,12,0,29150,0,0,Havana,TOWN,Florida,1754,1753,1754,1743
162,12,0,29200,0,0,Haverhill,TOWN,Florida,1873,1873,1878,1896
162,12,0,29275,0,0,Hawthorne,CITY,Florida,1417,1417,1418,1428
162,12,0,30000,0,0,Hialeah,CITY,Florida,224669,224669,225269,229969
162,12,0,30025,0,0,Hialeah Gardens,CITY,Florida,21744,21744,21803,22257
162,12,0,30200,0,0,Highland Beach,TOWN,Florida,3539,3539,3547,3580
162,12,0,30325,0,0,Highland Park,VILLAGE,Florida,230,230,230,233
162,12,0,30525,0,0,High Springs,CITY,Florida,5350,5344,5347,5391
162,12,0,30700,0,0,Hillcrest Heights,TOWN,Florida,254,254,254,257
162,12,0,30750,0,0,Hilliard,TOWN,Florida,3086,3086,3094,3123
162,12,0,30850,0,0,Hillsboro Beach,TOWN,Florida,1875,1875,1879,1910
162,12,0,31350,0,0,Holly Hill,CITY,Florida,11659,11659,11660,11663
162,12,0,32000,0,0,Hollywood,CITY,Florida,140768,140768,141095,143357
162,12,0,32150,0,0,Holmes Beach,CITY,Florida,3836,3836,3844,3888
162,12,0,32275,0,0,Homestead,CITY,Florida,60512,60512,60673,61940
162,12,0,32650,0,0,Horseshoe Beach,TOWN,Florida,169,169,169,170
162,12,0,32775,0,0,Howey-in-the-Hills,TOWN,Florida,1098,1103,1106,1118
162,12,0,33150,0,0,Hypoluxo,TOWN,Florida,2588,2588,2593,2618
162,12,0,33375,0,0,Indialantic,TOWN,Florida,2720,2720,2723,2721
162,12,0,33425,0,0,Indian Creek,VILLAGE,Florida,86,86,86,88
162,12,0,33450,0,0,Indian Harbour Beach,CITY,Florida,8225,8225,8231,8228
162,12,0,33600,0,0,Indian River Shores,TOWN,Florida,3901,3899,3906,3924
162,12,0,33625,0,0,Indian Rocks Beach,CITY,Florida,4113,4113,4112,4117
162,12,0,33675,0,0,Indian Shores,TOWN,Florida,1420,1420,1420,1421
162,12,0,33800,0,0,Inglis,TOWN,Florida,1325,1325,1323,1304
162,12,0,33900,0,0,Interlachen,TOWN,Florida,1403,1403,1401,1396
162,12,0,33950,0,0,Inverness,CITY,Florida,7210,7210,7212,7152
162,12,0,34132,0,0,"Islamorada,Village of Islands",VILLAGE,Florida,6119,6119,6128,6184
162,12,0,35000,0,0,Jacksonville,CITY,Florida,821784,821784,822883,827908
162,12,0,35050,0,0,Jacksonville Beach,CITY,Florida,21362,21362,21392,21523
162,12,0,35200,0,0,Jacob City,CITY,Florida,250,250,250,247
162,12,0,35375,0,0,Jasper,CITY,Florida,4546,4546,4537,4528
162,12,0,35425,0,0,Jay,TOWN,Florida,533,533,536,543
162,12,0,35525,0,0,Jennings,TOWN,Florida,878,878,875,869
162,12,0,35850,0,0,Juno Beach,TOWN,Florida,3176,3176,3183,3213
162,12,0,35875,0,0,Jupiter,TOWN,Florida,55156,55276,55394,55911
162,12,0,35900,0,0,Jupiter Inlet Colony,TOWN,Florida,400,400,401,404
162,12,0,35925,0,0,Jupiter Island,TOWN,Florida,817,817,817,823
162,12,0,36175,0,0,Kenneth City,TOWN,Florida,4980,4980,4977,4984
162,12,0,36300,0,0,Key Biscayne,VILLAGE,Florida,12344,12344,12378,12637
162,12,0,36325,0,0,Key Colony Beach,CITY,Florida,797,797,798,806
162,12,0,36475,0,0,Keystone Heights,CITY,Florida,1350,1350,1354,1362
162,12,0,36550,0,0,Key West,CITY,Florida,24649,24649,24687,24909
162,12,0,36950,0,0,Kissimmee,CITY,Florida,59682,59682,59917,61346
162,12,0,37225,0,0,LaBelle,CITY,Florida,4640,4659,4658,4653
162,12,0,37300,0,0,La Crosse,TOWN,Florida,360,360,360,364
162,12,0,37375,0,0,Lady Lake,TOWN,Florida,13926,13926,13965,14111
162,12,0,37525,0,0,Lake Alfred,CITY,Florida,5015,5015,5023,5077
162,12,0,37625,0,0,Lake Buena Vista,CITY,Florida,10,10,10,10
162,12,0,37650,0,0,Lake Butler,CITY,Florida,1897,1897,1899,1871
162,12,0,37775,0,0,Lake City,CITY,Florida,12046,12034,12050,12026
162,12,0,37800,0,0,Lake Clarke Shores,TOWN,Florida,3376,3376,3384,3415
162,12,0,37975,0,0,Lake Hamilton,TOWN,Florida,1231,1231,1233,1247
162,12,0,38025,0,0,Lake Helen,CITY,Florida,2624,2624,2625,2625
162,12,0,38250,0,0,Lakeland,CITY,Florida,97422,97419,97551,98589
162,12,0,38425,0,0,Lake Mary,CITY,Florida,13822,13822,13837,13900
162,12,0,38600,0,0,Lake Park,TOWN,Florida,8155,8155,8172,8248
162,12,0,38625,0,0,Lake Placid,TOWN,Florida,2223,2223,2223,2219
162,12,0,38950,0,0,Lake Wales,CITY,Florida,14225,14225,14245,14399
162,12,0,39075,0,0,Lake Worth,CITY,Florida,34910,34910,34984,35306
162,12,0,39375,0,0,Lantana,TOWN,Florida,10423,10423,10446,10543
162,12,0,39425,0,0,Largo,CITY,Florida,77648,77649,77622,77723
162,12,0,39475,0,0,Lauderdale-by-the-Sea,TOWN,Florida,6056,6056,6070,6168
162,12,0,39525,0,0,Lauderdale Lakes,CITY,Florida,32593,32593,32667,33191
162,12,0,39550,0,0,Lauderhill,CITY,Florida,66887,66887,67042,68117
162,12,0,39650,0,0,Laurel Hill,CITY,Florida,537,537,537,545
162,12,0,39700,0,0,Lawtey,CITY,Florida,730,730,730,721
162,12,0,39725,0,0,Layton,CITY,Florida,184,184,185,186
162,12,0,39750,0,0,Lazy Lake,VILLAGE,Florida,24,24,24,24
162,12,0,39850,0,0,Lee,TOWN,Florida,352,352,352,349
162,12,0,39875,0,0,Leesburg,CITY,Florida,20117,20125,20179,20390
162,12,0,40450,0,0,Lighthouse Point,CITY,Florida,10344,10344,10369,10536
162,12,0,40875,0,0,Live Oak,CITY,Florida,6850,6850,6848,6918
162,12,0,41150,0,0,Longboat Key,TOWN,Florida,6888,6888,6901,6953
162,12,0,41250,0,0,Longwood,CITY,Florida,13657,13657,13672,13732
162,12,0,41577,0,0,Loxahatchee Groves,TOWN,Florida,3180,3180,3186,3218
162,12,0,41825,0,0,Lynn Haven,CITY,Florida,18493,18493,18542,18607
162,12,0,41950,0,0,Macclenny,CITY,Florida,6374,6372,6369,6382
162,12,0,42150,0,0,McIntosh,TOWN,Florida,452,450,450,452
162,12,0,42400,0,0,Madeira Beach,CITY,Florida,4263,4263,4262,4267
162,12,0,42425,0,0,Madison,CITY,Florida,2843,2843,2845,2826
162,12,0,42575,0,0,Maitland,CITY,Florida,15751,15751,15792,16076
162,12,0,42625,0,0,Malabar,TOWN,Florida,2757,2757,2760,2758
162,12,0,42650,0,0,Malone,TOWN,Florida,2088,2088,2087,2081
162,12,0,42700,0,0,Manalapan,TOWN,Florida,406,406,407,411
162,12,0,42900,0,0,Mangonia Park,TOWN,Florida,1888,1888,1893,1910
162,12,0,43000,0,0,Marathon,CITY,Florida,8297,8297,8310,8387
162,12,0,43083,0,0,Marco Island,CITY,Florida,16413,16413,16475,16756
162,12,0,43125,0,0,Margate,CITY,Florida,53284,53284,53407,54270
162,12,0,43175,0,0,Marianna,CITY,Florida,6102,6103,6095,6043
162,12,0,43250,0,0,Marineland,TOWN,Florida,16,16,16,16
162,12,0,43375,0,0,Mary Esther,CITY,Florida,3851,3851,3851,3910
162,12,0,43425,0,0,Mascotte,CITY,Florida,5101,5105,5120,5175
162,12,0,43575,0,0,Mayo,TOWN,Florida,1237,1232,1237,1243
162,12,0,43900,0,0,Medley,TOWN,Florida,838,838,840,857
162,12,0,43975,0,0,Melbourne,CITY,Florida,76068,76068,76131,76095
162,12,0,44000,0,0,Melbourne Beach,TOWN,Florida,3101,3101,3104,3102
162,12,0,44075,0,0,Melbourne Village,TOWN,Florida,662,662,662,663
162,12,0,44300,0,0,Mexico Beach,CITY,Florida,1072,1072,1075,1078
162,12,0,45000,0,0,Miami,CITY,Florida,399457,399457,400509,408750
162,12,0,45025,0,0,Miami Beach,CITY,Florida,87779,87779,88012,89840
162,12,0,45060,0,0,Miami Gardens,CITY,Florida,107167,107167,107452,109680
162,12,0,45100,0,0,Miami Lakes,TOWN,Florida,29361,29361,29439,30057
162,12,0,45175,0,0,Miami Shores,VILLAGE,Florida,10493,10493,10519,10720
162,12,0,45200,0,0,Miami Springs,CITY,Florida,13809,13809,13845,14129
162,12,0,45225,0,0,Micanopy,TOWN,Florida,600,600,600,606
162,12,0,45425,0,0,Midway,CITY,Florida,3004,3004,3007,2987
162,12,0,45750,0,0,Milton,CITY,Florida,8826,8826,8864,8984
162,12,0,45900,0,0,Minneola,CITY,Florida,9403,9403,9431,9531
162,12,0,45975,0,0,Miramar,CITY,Florida,122041,122041,122327,124302
162,12,0,46500,0,0,Monticello,CITY,Florida,2506,2506,2505,2487
162,12,0,46525,0,0,Montverde,TOWN,Florida,1463,1463,1467,1482
162,12,0,46550,0,0,Moore Haven,CITY,Florida,1680,1680,1674,1643
162,12,0,47050,0,0,Mount Dora,CITY,Florida,12370,12370,12404,12534
162,12,0,47200,0,0,Mulberry,CITY,Florida,3817,3818,3824,3867
162,12,0,47625,0,0,Naples,CITY,Florida,19537,19537,19611,19939
162,12,0,48100,0,0,Neptune Beach,CITY,Florida,7037,7037,7047,7090
162,12,0,48200,0,0,Newberry,CITY,Florida,4950,4954,4955,4997
162,12,0,48500,0,0,New Port Richey,CITY,Florida,14911,14905,14932,14961
162,12,0,48625,0,0,New Smyrna Beach,CITY,Florida,22464,22471,22473,22481
162,12,0,48750,0,0,Niceville,CITY,Florida,12749,12749,12748,12941
162,12,0,48900,0,0,Noma,TOWN,Florida,211,211,210,210
162,12,0,49225,0,0,North Bay Village,CITY,Florida,7137,7137,7156,7305
162,12,0,49425,0,0,North Lauderdale,CITY,Florida,41023,41023,41118,41782
162,12,0,49450,0,0,North Miami,CITY,Florida,58786,58786,58939,60143
162,12,0,49475,0,0,North Miami Beach,CITY,Florida,41523,41523,41635,42504
162,12,0,49600,0,0,North Palm Beach,VILLAGE,Florida,12015,12015,12040,12153
162,12,0,49675,0,0,North Port,CITY,Florida,57357,57357,57448,57780
162,12,0,49725,0,0,North Redington Beach,TOWN,Florida,1417,1417,1416,1418
162,12,0,50450,0,0,Oak Hill,CITY,Florida,1792,1792,1793,1793
162,12,0,50525,0,0,Oakland,TOWN,Florida,2538,2538,2545,2590
162,12,0,50575,0,0,Oakland Park,CITY,Florida,41363,41363,41459,42126
162,12,0,50750,0,0,Ocala,CITY,Florida,56315,56315,56333,56517
162,12,0,50900,0,0,Ocean Breeze Park,TOWN,Florida,355,355,355,358
162,12,0,50950,0,0,Ocean Ridge,TOWN,Florida,1786,1786,1790,1806
162,12,0,51075,0,0,Ocoee,CITY,Florida,35579,35584,35674,36320
162,12,0,51200,0,0,Okeechobee,CITY,Florida,5621,5621,5629,5641
162,12,0,51350,0,0,Oldsmar,CITY,Florida,13591,13605,13600,13618
162,12,0,51650,0,0,Opa-locka,CITY,Florida,15219,15219,15259,15579
162,12,0,51825,0,0,Orange City,CITY,Florida,10599,10719,10721,10724
162,12,0,52125,0,0,Orange Park,TOWN,Florida,8412,8412,8436,8476
162,12,0,52175,0,0,Orchid,TOWN,Florida,415,415,416,418
162,12,0,53000,0,0,Orlando,CITY,Florida,238300,238304,238902,243195
162,12,0,53150,0,0,Ormond Beach,CITY,Florida,38137,38137,38142,38153
162,12,0,53500,0,0,Otter Creek,TOWN,Florida,134,134,134,132
162,12,0,53575,0,0,Oviedo,CITY,Florida,33342,33342,33381,33528
162,12,0,53800,0,0,Pahokee,CITY,Florida,5649,5649,5660,5712
162,12,0,53875,0,0,Palatka,CITY,Florida,10558,10558,10547,10514
162,12,0,54000,0,0,Palm Bay,CITY,Florida,103190,103190,103278,103227
162,12,0,54025,0,0,Palm Beach,TOWN,Florida,8348,8348,8366,8445
162,12,0,54075,0,0,Palm Beach Gardens,CITY,Florida,48452,48452,48556,49010
162,12,0,54150,0,0,Palm Beach Shores,TOWN,Florida,1142,1142,1144,1155
162,12,0,54200,0,0,Palm Coast,CITY,Florida,75180,75176,75430,76499
162,12,0,54250,0,0,Palmetto,CITY,Florida,12606,12606,12629,12774
162,12,0,54275,0,0,Palmetto Bay,VILLAGE,Florida,23410,23410,23473,23964
162,12,0,54425,0,0,Palm Shores,TOWN,Florida,900,900,900,900
162,12,0,54450,0,0,Palm Springs,VILLAGE,Florida,18928,18976,19016,19195
162,12,0,54700,0,0,Panama City,CITY,Florida,36484,36484,36576,36686
162,12,0,54725,0,0,Panama City Beach,CITY,Florida,12018,12018,12050,12092
162,12,0,55075,0,0,Parker,CITY,Florida,4317,4317,4329,4343
162,12,0,55125,0,0,Parkland,CITY,Florida,23962,23960,24017,24404
162,12,0,55475,0,0,Paxton,TOWN,Florida,644,644,648,654
162,12,0,55750,0,0,Pembroke Park,TOWN,Florida,6102,6102,6116,6214
162,12,0,55775,0,0,Pembroke Pines,CITY,Florida,154750,154750,155109,157594
162,12,0,55875,0,0,Penney Farms,TOWN,Florida,749,749,751,754
162,12,0,55925,0,0,Pensacola,CITY,Florida,51923,51923,51986,52197
162,12,0,56150,0,0,Perry,CITY,Florida,7017,6987,6990,7030
162,12,0,56425,0,0,Pierson,TOWN,Florida,1736,1736,1735,1738
162,12,0,56625,0,0,Pinecrest,VILLAGE,Florida,18223,18223,18273,18657
162,12,0,56975,0,0,Pinellas Park,CITY,Florida,49079,49104,49087,49150
162,12,0,57425,0,0,Plantation,CITY,Florida,84955,84955,85154,86524
162,12,0,57550,0,0,Plant City,CITY,Florida,34721,34714,34833,35817
162,12,0,57950,0,0,Polk City,TOWN,Florida,1562,1562,1564,1580
162,12,0,58025,0,0,Pomona Park,TOWN,Florida,912,912,911,908
162,12,0,58050,0,0,Pompano Beach,CITY,Florida,99845,99845,100070,101617
162,12,0,58175,0,0,Ponce de Leon,TOWN,Florida,598,598,596,598
162,12,0,58200,0,0,Ponce Inlet,TOWN,Florida,3032,3032,3033,3034
162,12,0,58575,0,0,Port Orange,CITY,Florida,56048,56505,56512,56529
162,12,0,58600,0,0,Port Richey,CITY,Florida,2671,2671,2675,2681
162,12,0,58675,0,0,Port St. Joe,CITY,Florida,3445,3445,3444,3440
162,12,0,58715,0,0,Port St. Lucie,CITY,Florida,164603,164603,165166,166149
162,12,0,59200,0,0,Punta Gorda,CITY,Florida,16641,16641,16657,16697
162,12,0,59325,0,0,Quincy,CITY,Florida,7972,7973,7979,7933
162,12,0,59400,0,0,Raiford,TOWN,Florida,255,255,255,251
162,12,0,59675,0,0,Reddick,TOWN,Florida,506,506,506,508
162,12,0,59725,0,0,Redington Beach,TOWN,Florida,1427,1427,1426,1428
162,12,0,59750,0,0,Redington Shores,TOWN,Florida,2121,2121,2120,2123
162,12,0,60975,0,0,Riviera Beach,CITY,Florida,32488,32488,32556,32861
162,12,0,61500,0,0,Rockledge,CITY,Florida,24926,24926,24948,24935
162,12,0,62100,0,0,Royal Palm Beach,VILLAGE,Florida,34140,34140,34213,34533
162,12,0,62425,0,0,Safety Harbor,CITY,Florida,16884,16885,16880,16901
162,12,0,62500,0,0,St. Augustine,CITY,Florida,12975,12975,13051,13336
162,12,0,62525,0,0,St. Augustine Beach,CITY,Florida,6176,6176,6215,6366
162,12,0,62625,0,0,St. Cloud,CITY,Florida,35183,35183,35322,36163
162,12,0,62775,0,0,St. Leo,TOWN,Florida,1340,1340,1340,1340
162,12,0,62800,0,0,St. Lucie Village,TOWN,Florida,590,590,592,595
162,12,0,62825,0,0,St. Marks,CITY,Florida,293,293,294,296
162,12,0,62885,0,0,St. Pete Beach,CITY,Florida,9346,9346,9343,9355
162,12,0,63000,0,0,St. Petersburg,CITY,Florida,244769,244769,244683,244997
162,12,0,63375,0,0,San Antonio,CITY,Florida,1138,1138,1140,1142
162,12,0,63650,0,0,Sanford,CITY,Florida,53570,53633,53695,53926
162,12,0,63700,0,0,Sanibel,CITY,Florida,6469,6469,6487,6602
162,12,0,64175,0,0,Sarasota,CITY,Florida,51917,51983,52060,52341
162,12,0,64400,0,0,Satellite Beach,CITY,Florida,10109,10109,10117,10113
162,12,0,64725,0,0,Sea Ranch Lakes,VILLAGE,Florida,670,670,672,682
162,12,0,64825,0,0,Sebastian,CITY,Florida,21929,21929,21967,22067
162,12,0,64875,0,0,Sebring,CITY,Florida,10491,10489,10486,10474
162,12,0,64975,0,0,Seminole,CITY,Florida,17233,17233,17227,17250
162,12,0,65225,0,0,Sewall's Point,TOWN,Florida,1996,1996,2000,2013
162,12,0,65425,0,0,Shalimar,TOWN,Florida,717,717,717,728
162,12,0,66725,0,0,Sneads,TOWN,Florida,1849,1849,1846,1830
162,12,0,66925,0,0,Sopchoppy,CITY,Florida,457,457,459,460
162,12,0,67175,0,0,South Bay,CITY,Florida,4876,4876,4882,4911
162,12,0,67325,0,0,South Daytona,CITY,Florida,12252,12252,12254,12258
162,12,0,67550,0,0,South Miami,CITY,Florida,11657,11657,11688,11932
162,12,0,67650,0,0,South Palm Beach,TOWN,Florida,1171,1171,1174,1185
162,12,0,67675,0,0,South Pasadena,CITY,Florida,4964,4964,4962,4968
162,12,0,68135,0,0,Southwest Ranches,TOWN,Florida,7345,7345,7361,7480
162,12,0,68275,0,0,Springfield,CITY,Florida,8903,8902,8926,8954
162,12,0,68525,0,0,Starke,CITY,Florida,5449,5446,5438,5389
162,12,0,68875,0,0,Stuart,CITY,Florida,15593,15593,15612,15718
162,12,0,69555,0,0,Sunny Isles Beach,CITY,Florida,20832,20832,20888,21327
162,12,0,69700,0,0,Sunrise,CITY,Florida,84439,84439,84636,85995
162,12,0,70075,0,0,Surfside,TOWN,Florida,5744,5743,5759,5879
162,12,0,70345,0,0,Sweetwater,CITY,Florida,13499,19952,20004,20424
162,12,0,70600,0,0,Tallahassee,CITY,Florida,181376,181376,181626,182965
162,12,0,70675,0,0,Tamarac,CITY,Florida,60427,60427,60567,61542
162,12,0,71000,0,0,Tampa,CITY,Florida,335709,335709,336820,346037
162,12,0,71150,0,0,Tarpon Springs,CITY,Florida,23484,23484,23477,23507
162,12,0,71225,0,0,Tavares,CITY,Florida,13951,13957,13993,14133
162,12,0,71400,0,0,Temple Terrace,CITY,Florida,24541,24543,24625,25314
162,12,0,71525,0,0,Tequesta,VILLAGE,Florida,5629,5629,5640,5693
162,12,0,71900,0,0,Titusville,CITY,Florida,43761,43761,43798,43777
162,12,0,72325,0,0,Treasure Island,CITY,Florida,6705,6705,6702,6711
162,12,0,72350,0,0,Trenton,CITY,Florida,1999,1999,2003,2005
162,12,0,73025,0,0,Umatilla,CITY,Florida,3456,3456,3466,3503
162,12,0,73675,0,0,Valparaiso,CITY,Florida,5036,5036,5036,5094
162,12,0,73900,0,0,Venice,CITY,Florida,20748,20748,20780,20897
162,12,0,74125,0,0,Vernon,CITY,Florida,687,687,688,688
162,12,0,74150,0,0,Vero Beach,CITY,Florida,15220,15222,15248,15318
162,12,0,74575,0,0,Virginia Gardens,VILLAGE,Florida,2375,2375,2381,2431
162,12,0,74925,0,0,Waldo,CITY,Florida,1015,1015,1014,1023
162,12,0,75375,0,0,Wauchula,CITY,Florida,5001,5023,5036,5053
162,12,0,75450,0,0,Wausau,TOWN,Florida,383,383,383,383
162,12,0,75600,0,0,Webster,CITY,Florida,785,785,794,825
162,12,0,75625,0,0,Weeki Wachee,CITY,Florida,12,12,12,12
162,12,0,75750,0,0,Welaka,TOWN,Florida,701,701,700,698
162,12,0,75812,0,0,Wellington,VILLAGE,Florida,56508,56508,56629,57163
162,12,0,76500,0,0,West Melbourne,CITY,Florida,18355,18356,18371,18362
162,12,0,76525,0,0,West Miami,CITY,Florida,5965,5965,5980,6105
162,12,0,76582,0,0,Weston,CITY,Florida,65333,65333,65485,66544
162,12,0,76600,0,0,West Palm Beach,CITY,Florida,99919,99920,100128,101043
162,12,0,76658,0,0,West Park,CITY,Florida,14156,14156,14188,14417
162,12,0,76975,0,0,Westville,TOWN,Florida,289,289,288,288
162,12,0,77100,0,0,Wewahitchka,CITY,Florida,1981,1981,1980,1977
162,12,0,77400,0,0,White Springs,TOWN,Florida,777,777,773,769
162,12,0,77675,0,0,Wildwood,CITY,Florida,6709,6709,6779,7043
162,12,0,77825,0,0,Williston,CITY,Florida,2768,2768,2764,2726
162,12,0,78000,0,0,Wilton Manors,CITY,Florida,11632,11632,11659,11843
162,12,0,78050,0,0,Windermere,TOWN,Florida,2462,2462,2469,2514
162,12,0,78250,0,0,Winter Garden,CITY,Florida,34568,34577,34664,35287
162,12,0,78275,0,0,Winter Haven,CITY,Florida,33874,33874,33920,34291
162,12,0,78300,0,0,Winter Park,CITY,Florida,27852,27852,27918,28398
162,12,0,78325,0,0,Winter Springs,CITY,Florida,33282,33282,33320,33468
162,12,0,78775,0,0,Worthington Springs,TOWN,Florida,181,181,181,178
162,12,0,78925,0,0,Yankeetown,TOWN,Florida,502,502,501,494
162,12,0,79225,0,0,Zephyrhills,CITY,Florida,13288,13288,13312,13337
162,12,0,79250,0,0,Zolfo Springs,TOWN,Florida,1827,1827,1834,1839
,,,,,,,,,,,,
50,12,1,0,0,0,Alachua County,COUNTY,Florida,247336,247336,247418,249365
157,12,1,375,0,0,Alachua,CITY,Florida,9059,9060,9062,9139
157,12,1,1775,0,0,Archer,CITY,Florida,1118,1118,1119,1128
157,12,1,25175,0,0,Gainesville,CITY,Florida,124354,124354,124394,125326
157,12,1,29275,0,0,Hawthorne,CITY,Florida,1417,1417,1418,1428
157,12,1,30525,0,0,High Springs,CITY,Florida,5350,5344,5347,5391
157,12,1,37300,0,0,La Crosse,TOWN,Florida,360,360,360,364
157,12,1,45225,0,0,Micanopy,TOWN,Florida,600,600,600,606
157,12,1,48200,0,0,Newberry,CITY,Florida,4950,4954,4955,4997
157,12,1,74925,0,0,Waldo,CITY,Florida,1015,1015,1014,1023
157,12,1,99990,0,0,Balance of Alachua County,COUNTY,Florida,99113,99114,99149,99963
50,12,3,0,0,0,Baker County,COUNTY,Florida,27115,27115,27099,27154
157,12,3,26075,0,0,Glen St. Mary,TOWN,Florida,437,439,438,440
157,12,3,41950,0,0,Macclenny,CITY,Florida,6374,6372,6369,6382
157,12,3,99990,0,0,Balance of Baker County,COUNTY,Florida,20304,20304,20292,20332
50,12,5,0,0,0,Bay County,COUNTY,Florida,168852,168852,169295,169856
157,12,5,9725,0,0,Callaway,CITY,Florida,14405,14405,14443,14493
157,12,5,41825,0,0,Lynn Haven,CITY,Florida,18493,18493,18542,18607
157,12,5,44300,0,0,Mexico Beach,CITY,Florida,1072,1072,1075,1078
157,12,5,54700,0,0,Panama City,CITY,Florida,36484,36484,36576,36686
157,12,5,54725,0,0,Panama City Beach,CITY,Florida,12018,12018,12050,12092
157,12,5,55075,0,0,Parker,CITY,Florida,4317,4317,4329,4343
157,12,5,68275,0,0,Springfield,CITY,Florida,8903,8902,8926,8954
157,12,5,99990,0,0,Balance of Bay County,COUNTY,Florida,73160,73161,73354,73603
50,12,7,0,0,0,Bradford County,COUNTY,Florida,28520,28520,28483,28255
157,12,7,8725,0,0,Brooker,TOWN,Florida,338,338,337,334
157,12,7,28575,0,0,Hampton,CITY,Florida,500,500,499,496
157,12,7,39700,0,0,Lawtey,CITY,Florida,730,730,730,721
157,12,7,68525,0,0,Starke,CITY,Florida,5449,5446,5438,5389
157,12,7,99990,0,0,Balance of Bradford County,COUNTY,Florida,21503,21506,21479,21315
50,12,9,0,0,0,Brevard County,COUNTY,Florida,543376,543372,543828,543566
157,12,9,10250,0,0,Cape Canaveral,CITY,Florida,9912,9912,9921,9916
157,12,9,13150,0,0,Cocoa,CITY,Florida,17140,17140,17154,17147
157,12,9,13175,0,0,Cocoa Beach,CITY,Florida,11231,11231,11240,11235
157,12,9,27256,0,0,Grant-Valkaria,TOWN,Florida,3850,3850,3854,3851
157,12,9,33375,0,0,Indialantic,TOWN,Florida,2720,2720,2723,2721
157,12,9,33450,0,0,Indian Harbour Beach,CITY,Florida,8225,8225,8231,8228
157,12,9,42625,0,0,Malabar,TOWN,Florida,2757,2757,2760,2758
157,12,9,43975,0,0,Melbourne,CITY,Florida,76068,76068,76131,76095
157,12,9,44000,0,0,Melbourne Beach,TOWN,Florida,3101,3101,3104,3102
157,12,9,44075,0,0,Melbourne Village,TOWN,Florida,662,662,662,663
157,12,9,54000,0,0,Palm Bay,CITY,Florida,103190,103190,103278,103227
157,12,9,54425,0,0,Palm Shores,TOWN,Florida,900,900,900,900
157,12,9,61500,0,0,Rockledge,CITY,Florida,24926,24926,24948,24935
157,12,9,64400,0,0,Satellite Beach,CITY,Florida,10109,10109,10117,10113
157,12,9,71900,0,0,Titusville,CITY,Florida,43761,43761,43798,43777
157,12,9,76500,0,0,West Melbourne,CITY,Florida,18355,18356,18371,18362
157,12,9,99990,0,0,Balance of Brevard County,COUNTY,Florida,206469,206464,206636,206536
50,12,11,0,0,0,Broward County,COUNTY,Florida,1748066,1748066,1752122,1780172
157,12,11,13275,0,0,Coconut Creek,CITY,Florida,52909,52936,53061,53915
157,12,11,14125,0,0,Cooper City,CITY,Florida,28547,28547,28614,29076
157,12,11,14400,0,0,Coral Springs,CITY,Florida,121096,121098,121382,123338
157,12,11,16335,0,0,Dania Beach,CITY,Florida,29639,29639,29709,30183
157,12,11,16475,0,0,Davie,TOWN,Florida,91992,91992,92205,93674
157,12,11,16725,0,0,Deerfield Beach,CITY,Florida,75018,75018,75191,76389
157,12,11,24000,0,0,Fort Lauderdale,CITY,Florida,165521,165521,165900,168528
157,12,11,28452,0,0,Hallandale Beach,CITY,Florida,37113,37113,37200,37800
157,12,11,30850,0,0,Hillsboro Beach,TOWN,Florida,1875,1875,1879,1910
157,12,11,32000,0,0,Hollywood,CITY,Florida,140768,140768,141095,143357
157,12,11,39475,0,0,Lauderdale-by-the-Sea,TOWN,Florida,6056,6056,6070,6168
157,12,11,39525,0,0,Lauderdale Lakes,CITY,Florida,32593,32593,32667,33191
157,12,11,39550,0,0,Lauderhill,CITY,Florida,66887,66887,67042,68117
157,12,11,39750,0,0,Lazy Lake,VILLAGE,Florida,24,24,24,24
157,12,11,40450,0,0,Lighthouse Point,CITY,Florida,10344,10344,10369,10536
157,12,11,43125,0,0,Margate,CITY,Florida,53284,53284,53407,54270
157,12,11,45975,0,0,Miramar,CITY,Florida,122041,122041,122327,124302
157,12,11,49425,0,0,North Lauderdale,CITY,Florida,41023,41023,41118,41782
157,12,11,50575,0,0,Oakland Park,CITY,Florida,41363,41363,41459,42126
157,12,11,55125,0,0,Parkland,CITY,Florida,23962,23960,24017,24404
157,12,11,55750,0,0,Pembroke Park,TOWN,Florida,6102,6102,6116,6214
157,12,11,55775,0,0,Pembroke Pines,CITY,Florida,154750,154750,155109,157594
157,12,11,57425,0,0,Plantation,CITY,Florida,84955,84955,85154,86524
157,12,11,58050,0,0,Pompano Beach,CITY,Florida,99845,99845,100070,101617
157,12,11,64725,0,0,Sea Ranch Lakes,VILLAGE,Florida,670,670,672,682
157,12,11,68135,0,0,Southwest Ranches,TOWN,Florida,7345,7345,7361,7480
157,12,11,69700,0,0,Sunrise,CITY,Florida,84439,84439,84636,85995
157,12,11,70675,0,0,Tamarac,CITY,Florida,60427,60427,60567,61542
157,12,11,76582,0,0,Weston,CITY,Florida,65333,65333,65485,66544
157,12,11,76658,0,0,West Park,CITY,Florida,14156,14156,14188,14417
157,12,11,78000,0,0,Wilton Manors,CITY,Florida,11632,11632,11659,11843
157,12,11,99990,0,0,Balance of Broward County,COUNTY,Florida,16357,16330,16369,16630
50,12,13,0,0,0,Calhoun County,COUNTY,Florida,14625,14625,14633,14750
157,12,13,1000,0,0,Altha,TOWN,Florida,536,536,537,541
157,12,13,6925,0,0,Blounts Town,CITY,Florida,2514,2501,2502,2523
157,12,13,99990,0,0,Balance of Calhoun County,COUNTY,Florida,11575,11588,11594,11686
50,12,15,0,0,0,Charlotte County,COUNTY,Florida,159978,159978,160124,160511
157,12,15,59200,0,0,Punta Gorda,CITY,Florida,16641,16641,16657,16697
157,12,15,99990,0,0,Balance of Charlotte County,COUNTY,Florida,143337,143337,143467,143814
50,12,17,0,0,0,Citrus County,COUNTY,Florida,141236,141234,141277,140031
157,12,17,15775,0,0,Crystal River,CITY,Florida,3108,3110,3111,3086
157,12,17,33950,0,0,Inverness,CITY,Florida,7210,7210,7212,7152
157,12,17,99990,0,0,Balance of Citrus County,COUNTY,Florida,130918,130914,130954,129793
50,12,19,0,0,0,Clay County,COUNTY,Florida,190865,190865,191436,192370
157,12,19,27400,0,0,Green Cove Springs,CITY,Florida,6908,6908,6927,6958
157,12,19,36475,0,0,Keystone Heights,CITY,Florida,1350,1350,1354,1362
157,12,19,52125,0,0,Orange Park,TOWN,Florida,8412,8412,8436,8476
157,12,19,55875,0,0,Penney Farms,TOWN,Florida,749,749,751,754
157,12,19,99990,0,0,Balance of Clay County,COUNTY,Florida,173446,173446,173968,174820
50,12,21,0,0,0,Collier County,COUNTY,Florida,321520,321520,322739,328134
157,12,21,21425,0,0,Everglades,CITY,Florida,400,400,402,408
157,12,21,43083,0,0,Marco Island,CITY,Florida,16413,16413,16475,16756
157,12,21,47625,0,0,Naples,CITY,Florida,19537,19537,19611,19939
157,12,21,99990,0,0,Balance of Collier County,COUNTY,Florida,285170,285170,286251,291031
50,12,23,0,0,0,Columbia County,COUNTY,Florida,67531,67532,67617,67485
157,12,23,24500,0,0,Fort White,TOWN,Florida,567,567,567,566
157,12,23,37775,0,0,Lake City,CITY,Florida,12046,12034,12050,12026
157,12,23,99990,0,0,Balance of Columbia County,COUNTY,Florida,54918,54931,55000,54893
50,12,27,0,0,0,DeSoto County,COUNTY,Florida,34862,34862,34950,34894
157,12,27,1750,0,0,Arcadia,CITY,Florida,7637,7637,7657,7643
157,12,27,99990,0,0,Balance of DeSoto County,COUNTY,Florida,27225,27225,27293,27251
50,12,29,0,0,0,Dixie County,COUNTY,Florida,16422,16422,16401,16486
157,12,29,15575,0,0,Cross City,TOWN,Florida,1728,1728,1726,1735
157,12,29,32650,0,0,Horseshoe Beach,TOWN,Florida,169,169,169,170
157,12,29,99990,0,0,Balance of Dixie County,COUNTY,Florida,14525,14525,14506,14581
50,12,31,0,0,0,Duval County,COUNTY,Florida,864263,864263,865420,870709
157,12,31,2400,0,0,Atlantic Beach,CITY,Florida,12655,12655,12672,12751
157,12,31,3250,0,0,Baldwin,TOWN,Florida,1425,1425,1426,1437
157,12,31,35000,0,0,Jacksonville,CITY,Florida,821784,821784,822883,827908
157,12,31,35050,0,0,Jacksonville Beach,CITY,Florida,21362,21362,21392,21523
157,12,31,48100,0,0,Neptune Beach,CITY,Florida,7037,7037,7047,7090
50,12,33,0,0,0,Escambia County,COUNTY,Florida,297619,297619,297964,299114
157,12,33,11362,0,0,Century,TOWN,Florida,1698,1698,1700,1706
157,12,33,55925,0,0,Pensacola,CITY,Florida,51923,51923,51986,52197
157,12,33,99990,0,0,Balance of Escambia County,COUNTY,Florida,243998,243998,244278,245211
50,12,35,0,0,0,Flagler County,COUNTY,Florida,95696,95696,96019,97376
157,12,35,6100,0,0,Beverly Beach,TOWN,Florida,338,338,339,344
157,12,35,9550,0,0,Bunnell,CITY,Florida,2676,2676,2685,2717
157,12,35,22550,0,0,Flagler Beach,CITY (pt.),Florida,4424,4424,4440,4503
157,12,35,43250,0,0,Marineland,TOWN (pt.),Florida,16,16,16,16
157,12,35,54200,0,0,Palm Coast,CITY,Florida,75180,75176,75430,76499
157,12,35,99990,0,0,Balance of Flagler County,COUNTY,Florida,13062,13066,13109,13297
50,12,37,0,0,0,Franklin County,COUNTY,Florida,11549,11549,11568,11596
157,12,37,1625,0,0,Apalachicola,CITY,Florida,2231,2231,2236,2242
157,12,37,10725,0,0,Carrabelle,CITY,Florida,2778,2778,2780,2785
157,12,37,99990,0,0,Balance of Franklin County,COUNTY,Florida,6540,6540,6552,6569
50,12,39,0,0,0,Gadsden County,COUNTY,Florida,46389,46389,46422,46151
157,12,39,11800,0,0,Chattahoochee,CITY,Florida,3652,3648,3650,3636
157,12,39,27550,0,0,Greensboro,TOWN,Florida,602,645,645,642
157,12,39,27650,0,0,Gretna,CITY,Florida,1460,1459,1459,1452
157,12,39,29150,0,0,Havana,TOWN,Florida,1754,1753,1754,1743
157,12,39,45425,0,0,Midway,CITY,Florida,3004,3004,3007,2987
157,12,39,59325,0,0,Quincy,CITY,Florida,7972,7973,7979,7933
157,12,39,99990,0,0,Balance of Gadsden County,COUNTY,Florida,27945,29264,29285,29115
50,12,41,0,0,0,Gilchrist County,COUNTY,Florida,16939,16939,16977,17004
157,12,41,4975,0,0,Bell,TOWN,Florida,456,456,459,459
157,12,41,21850,0,0,Fanning Springs,CITY (pt.),Florida,278,278,278,279
157,12,41,72350,0,0,Trenton,CITY,Florida,1999,1999,2003,2005
157,12,41,99990,0,0,Balance of Gilchrist County,COUNTY,Florida,14206,14206,14237,14261
50,12,43,0,0,0,Glades County,COUNTY,Florida,12884,12884,12839,12635
157,12,43,46550,0,0,Moore Haven,CITY,Florida,1680,1680,1674,1643
157,12,43,99990,0,0,Balance of Glades County,COUNTY,Florida,11204,11204,11165,10992
50,12,45,0,0,0,Gulf County,COUNTY,Florida,15863,15863,15856,15844
157,12,45,58675,0,0,Port St. Joe,CITY,Florida,3445,3445,3444,3440
157,12,45,77100,0,0,Wewahitchka,CITY,Florida,1981,1981,1980,1977
157,12,45,99990,0,0,Balance of Gulf County,COUNTY,Florida,10437,10437,10432,10427
50,12,47,0,0,0,Hamilton County,COUNTY,Florida,14799,14799,14736,14671
157,12,47,35375,0,0,Jasper,CITY,Florida,4546,4546,4537,4528
157,12,47,35525,0,0,Jennings,TOWN,Florida,878,878,875,869
157,12,47,77400,0,0,White Springs,TOWN,Florida,777,777,773,769
157,12,47,99990,0,0,Balance of Hamilton County,COUNTY,Florida,8598,8598,8551,8505
50,12,49,0,0,0,Hardee County,COUNTY,Florida,27731,27731,27809,27887
157,12,49,7775,0,0,Bowling Green,CITY,Florida,2930,2930,2938,2947
157,12,49,75375,0,0,Wauchula,CITY,Florida,5001,5023,5036,5053
157,12,49,79250,0,0,Zolfo Springs,TOWN,Florida,1827,1827,1834,1839
157,12,49,99990,0,0,Balance of Hardee County,COUNTY,Florida,17973,17951,18001,18048
50,12,51,0,0,0,Hendry County,COUNTY,Florida,39140,39140,39139,39089
157,12,51,13000,0,0,Clewiston,CITY,Florida,7155,7155,7156,7146
157,12,51,37225,0,0,LaBelle,CITY,Florida,4640,4659,4658,4653
157,12,51,99990,0,0,Balance of Hendry County,COUNTY,Florida,27345,27326,27325,27290
50,12,53,0,0,0,Hernando County,COUNTY,Florida,172778,172778,173022,173094
157,12,53,8800,0,0,Brooksville,CITY,Florida,7719,7721,7732,7735
157,12,53,75625,0,0,Weeki Wachee,CITY,Florida,12,12,12,12
157,12,53,99990,0,0,Balance of Hernando County,COUNTY,Florida,165047,165045,165278,165347
50,12,55,0,0,0,Highlands County,COUNTY,Florida,98786,98786,98750,98630
157,12,55,2750,0,0,Avon Park,CITY,Florida,8836,8838,8834,8825
157,12,55,38625,0,0,Lake Placid,TOWN,Florida,2223,2223,2223,2219
157,12,55,64875,0,0,Sebring,CITY,Florida,10491,10489,10486,10474
157,12,55,99990,0,0,Balance of Highlands County,COUNTY,Florida,77236,77236,77207,77112
50,12,57,0,0,0,Hillsborough County,COUNTY,Florida,1229226,1229226,1233373,1267775
157,12,57,57550,0,0,Plant City,CITY,Florida,34721,34714,34833,35817
157,12,57,71000,0,0,Tampa,CITY,Florida,335709,335709,336820,346037
157,12,57,71400,0,0,Temple Terrace,CITY,Florida,24541,24543,24625,25314
157,12,57,99990,0,0,Balance of Hillsborough County,COUNTY,Florida,834255,834260,837095,860607
50,12,59,0,0,0,Holmes County,COUNTY,Florida,19927,19927,19864,19873
157,12,59,7450,0,0,Bonifay,CITY,Florida,2793,2804,2794,2796
157,12,59,21250,0,0,Esto,TOWN,Florida,364,364,363,362
157,12,59,48900,0,0,Noma,TOWN,Florida,211,211,210,210
157,12,59,58175,0,0,Ponce de Leon,TOWN,Florida,598,598,596,598
157,12,59,76975,0,0,Westville,TOWN,Florida,289,289,288,288
157,12,59,99990,0,0,Balance of Holmes County,COUNTY,Florida,15672,15661,15613,15619
50,12,61,0,0,0,Indian River County,COUNTY,Florida,138028,138028,138268,138894
157,12,61,22100,0,0,Fellsmere,CITY,Florida,5197,5197,5207,5229
157,12,61,33600,0,0,Indian River Shores,TOWN,Florida,3901,3899,3906,3924
157,12,61,52175,0,0,Orchid,TOWN,Florida,415,415,416,418
157,12,61,64825,0,0,Sebastian,CITY,Florida,21929,21929,21967,22067
157,12,61,74150,0,0,Vero Beach,CITY,Florida,15220,15222,15248,15318
157,12,61,99990,0,0,Balance of Indian River County,COUNTY,Florida,91366,91366,91524,91938
50,12,63,0,0,0,Jackson County,COUNTY,Florida,49746,49746,49687,49292
157,12,63,625,0,0,Alford,TOWN,Florida,489,489,488,483
157,12,63,3725,0,0,Bascom,TOWN,Florida,121,121,121,120
157,12,63,9900,0,0,Campbellton,TOWN,Florida,230,230,230,227
157,12,63,14850,0,0,Cottondale,TOWN,Florida,933,933,931,923
157,12,63,27000,0,0,Graceville,CITY,Florida,2278,2278,2275,2258
157,12,63,27175,0,0,Grand Ridge,TOWN,Florida,892,895,894,885
157,12,63,27600,0,0,Greenwood,TOWN,Florida,686,686,685,678
157,12,63,35200,0,0,Jacob City,CITY,Florida,250,250,250,247
157,12,63,42650,0,0,Malone,TOWN,Florida,2088,2088,2087,2081
157,12,63,43175,0,0,Marianna,CITY,Florida,6102,6103,6095,6043
157,12,63,66725,0,0,Sneads,TOWN,Florida,1849,1849,1846,1830
157,12,63,99990,0,0,Balance of Jackson County,COUNTY,Florida,33828,33824,33785,33517
50,12,65,0,0,0,Jefferson County,COUNTY,Florida,14761,14761,14761,14658
157,12,65,46500,0,0,Monticello,CITY,Florida,2506,2506,2505,2487
157,12,65,99990,0,0,Balance of Jefferson County,COUNTY,Florida,12255,12255,12256,12171
50,12,67,0,0,0,Lafayette County,COUNTY,Florida,8870,8870,8894,8942
157,12,67,43575,0,0,Mayo,TOWN,Florida,1237,1232,1237,1243
157,12,67,99990,0,0,Balance of Lafayette County,COUNTY,Florida,7633,7638,7657,7699
50,12,69,0,0,0,Lake County,COUNTY,Florida,297052,297052,297875,301019
157,12,69,2250,0,0,Astatula,TOWN,Florida,1810,1810,1814,1836
157,12,69,12925,0,0,Clermont,CITY,Florida,28742,28740,28819,29126
157,12,69,21350,0,0,Eustis,CITY,Florida,18558,18558,18610,18805
157,12,69,24975,0,0,Fruitland Park,CITY,Florida,4078,4078,4090,4132
157,12,69,27800,0,0,Groveland,CITY,Florida,8729,8729,8752,8846
157,12,69,32775,0,0,Howey-in-the-Hills,TOWN,Florida,1098,1103,1106,1118
157,12,69,37375,0,0,Lady Lake,TOWN,Florida,13926,13926,13965,14111
157,12,69,39875,0,0,Leesburg,CITY,Florida,20117,20125,20179,20390
157,12,69,43425,0,0,Mascotte,CITY,Florida,5101,5105,5120,5175
157,12,69,45900,0,0,Minneola,CITY,Florida,9403,9403,9431,9531
157,12,69,46525,0,0,Montverde,TOWN,Florida,1463,1463,1467,1482
157,12,69,47050,0,0,Mount Dora,CITY,Florida,12370,12370,12404,12534
157,12,69,71225,0,0,Tavares,CITY,Florida,13951,13957,13993,14133
157,12,69,73025,0,0,Umatilla,CITY,Florida,3456,3456,3466,3503
157,12,69,99990,0,0,Balance of Lake County,COUNTY,Florida,154250,154229,154659,156297
50,12,71,0,0,0,Lee County,COUNTY,Florida,618754,618754,620450,631330
157,12,71,7525,0,0,Bonita Springs,CITY,Florida,43914,43914,44036,44816
157,12,71,10275,0,0,Cape Coral,CITY,Florida,154305,154305,154734,157476
157,12,71,24125,0,0,Fort Myers,CITY,Florida,62298,62296,62460,63512
157,12,71,24150,0,0,Fort Myers Beach,TOWN,Florida,6277,6277,6294,6406
157,12,71,63700,0,0,Sanibel,CITY,Florida,6469,6469,6487,6602
157,12,71,99990,0,0,Balance of Lee County,COUNTY,Florida,345491,345493,346439,352518
50,12,73,0,0,0,Leon County,COUNTY,Florida,275487,275487,275876,277971
157,12,73,70600,0,0,Tallahassee,CITY,Florida,181376,181376,181626,182965
157,12,73,99990,0,0,Balance of Leon County,COUNTY,Florida,94111,94111,94250,95006
50,12,75,0,0,0,Levy County,COUNTY,Florida,40801,40801,40730,40156
157,12,75,8700,0,0,Bronson,TOWN,Florida,1113,1113,1111,1096
157,12,75,11225,0,0,Cedar Key,CITY,Florida,702,705,703,693
157,12,75,11925,0,0,Chiefland,CITY,Florida,2245,2245,2240,2209
157,12,75,21850,0,0,Fanning Springs,CITY (pt.),Florida,486,486,486,479
157,12,75,33800,0,0,Inglis,TOWN,Florida,1325,1325,1323,1304
157,12,75,53500,0,0,Otter Creek,TOWN,Florida,134,134,134,132
157,12,75,77825,0,0,Williston,CITY,Florida,2768,2768,2764,2726
157,12,75,78925,0,0,Yankee Town,TOWN,Florida,502,502,501,494
157,12,75,99990,0,0,Balance of Levy County,COUNTY,Florida,31526,31523,31468,31023
50,12,77,0,0,0,Liberty County,COUNTY,Florida,8365,8365,8357,8314
157,12,77,8600,0,0,Bristol,CITY,Florida,996,995,994,989
157,12,77,99990,0,0,Balance of Liberty County,COUNTY,Florida,7369,7370,7363,7325
50,12,79,0,0,0,Madison County,COUNTY,Florida,19224,19226,19234,19115
157,12,79,27575,0,0,Greenville,TOWN,Florida,843,835,835,830
157,12,79,39850,0,0,Lee,TOWN,Florida,352,352,352,349
157,12,79,42425,0,0,Madison,CITY,Florida,2843,2843,2845,2826
157,12,79,99990,0,0,Balance of Madison County,COUNTY,Florida,15186,15196,15202,15110
50,12,81,0,0,0,Manatee County,COUNTY,Florida,322833,322833,323453,327142
157,12,81,1475,0,0,Anna Maria,CITY,Florida,1503,1503,1506,1524
157,12,81,7950,0,0,Bradenton,CITY,Florida,49546,49546,49639,50193
157,12,81,7975,0,0,Bradenton Beach,CITY,Florida,1171,1171,1173,1187
157,12,81,32150,0,0,Holmes Beach,CITY,Florida,3836,3836,3844,3888
157,12,81,41150,0,0,Longboat Key,TOWN (pt.),Florida,2398,2398,2403,2430
157,12,81,54250,0,0,Palmetto,CITY,Florida,12606,12606,12629,12774
157,12,81,99990,0,0,Balance of Manatee County,COUNTY,Florida,251773,251773,252259,255146
50,12,83,0,0,0,Marion County,COUNTY,Florida,331298,331298,331407,332529
157,12,83,5375,0,0,Belleview,CITY,Florida,4492,4492,4494,4509
157,12,83,18675,0,0,Dunnellon,CITY,Florida,1733,1733,1734,1740
157,12,83,42150,0,0,McIntosh,TOWN,Florida,452,450,450,452
157,12,83,50750,0,0,Ocala,CITY,Florida,56315,56315,56333,56517
157,12,83,59675,0,0,Reddick,TOWN,Florida,506,506,506,508
157,12,83,99990,0,0,Balance of Marion County,COUNTY,Florida,267800,267802,267890,268803
50,12,85,0,0,0,Martin County,COUNTY,Florida,146318,146318,146488,147495
157,12,85,35925,0,0,Jupiter Island,TOWN,Florida,817,817,817,823
157,12,85,50900,0,0,Ocean Breeze Park,TOWN,Florida,355,355,355,358
157,12,85,65225,0,0,Sewall's Point,TOWN,Florida,1996,1996,2000,2013
157,12,85,68875,0,0,Stuart,CITY,Florida,15593,15593,15612,15718
157,12,85,99990,0,0,Balance of Martin County,COUNTY,Florida,127557,127557,127704,128583
50,12,86,0,0,0,Miami-Dade County,COUNTY,Florida,2496435,2496435,2503034,2554766
157,12,86,2681,0,0,Aventura,CITY,Florida,35762,35762,35858,36610
157,12,86,3275,0,0,Bal Harbour,VILLAGE,Florida,2513,2514,2521,2574
157,12,86,3975,0,0,Bay Harbor Islands,TOWN,Florida,5628,5628,5644,5762
157,12,86,6600,0,0,Biscayne Park,VILLAGE,Florida,3055,3055,3062,3126
157,12,86,14250,0,0,Coral Gables,CITY,Florida,46780,46780,46894,47783
157,12,86,15968,0,0,Cutler Bay,TOWN,Florida,40286,40286,40392,41236
157,12,86,17935,0,0,Doral,CITY,Florida,45704,45704,45827,46789
157,12,86,20650,0,0,El Portal,VILLAGE,Florida,2325,2325,2331,2380
157,12,86,22975,0,0,Florida City,CITY,Florida,11245,11245,11275,11511
157,12,86,26250,0,0,Golden Beach,TOWN,Florida,919,919,921,940
157,12,86,30000,0,0,Hialeah,CITY,Florida,224669,224669,225269,229969
157,12,86,30025,0,0,Hialeah Gardens,CITY,Florida,21744,21744,21803,22257
157,12,86,32275,0,0,Homestead,CITY,Florida,60512,60512,60673,61940
157,12,86,33425,0,0,Indian Creek,VILLAGE,Florida,86,86,86,88
157,12,86,36300,0,0,Key Biscayne,VILLAGE,Florida,12344,12344,12378,12637
157,12,86,43900,0,0,Medley,TOWN,Florida,838,838,840,857
157,12,86,45000,0,0,Miami,CITY,Florida,399457,399457,400509,408750
157,12,86,45025,0,0,Miami Beach,CITY,Florida,87779,87779,88012,89840
157,12,86,45060,0,0,Miami Gardens,CITY,Florida,107167,107167,107452,109680
157,12,86,45100,0,0,Miami Lakes,TOWN,Florida,29361,29361,29439,30057
157,12,86,45175,0,0,Miami Shores,VILLAGE,Florida,10493,10493,10519,10720
157,12,86,45200,0,0,Miami Springs,CITY,Florida,13809,13809,13845,14129
157,12,86,49225,0,0,North Bay Village,CITY,Florida,7137,7137,7156,7305
157,12,86,49450,0,0,North Miami,CITY,Florida,58786,58786,58939,60143
157,12,86,49475,0,0,North Miami Beach,CITY,Florida,41523,41523,41635,42504
157,12,86,51650,0,0,Opa-locka,CITY,Florida,15219,15219,15259,15579
157,12,86,54275,0,0,Palmetto Bay,VILLAGE,Florida,23410,23410,23473,23964
157,12,86,56625,0,0,Pinecrest,VILLAGE,Florida,18223,18223,18273,18657
157,12,86,67550,0,0,South Miami,CITY,Florida,11657,11657,11688,11932
157,12,86,69555,0,0,Sunny Isles Beach,CITY,Florida,20832,20832,20888,21327
157,12,86,70075,0,0,Surfside,TOWN,Florida,5744,5743,5759,5879
157,12,86,70345,0,0,Sweetwater,CITY,Florida,13499,19952,20004,20424
157,12,86,74575,0,0,Virginia Gardens,VILLAGE,Florida,2375,2375,2381,2431
157,12,86,76525,0,0,West Miami,CITY,Florida,5965,5965,5980,6105
157,12,86,99990,0,0,Balance of Miami-Dade County,COUNTY,Florida,1109589,1103136,1106049,1128881
50,12,87,0,0,0,Monroe County,COUNTY,Florida,73090,73090,73204,73873
157,12,87,34132,0,0,"Islamorada,Village of Islands",VILLAGE,Florida,6119,6119,6128,6184
157,12,87,36325,0,0,Key Colony Beach,CITY,Florida,797,797,798,806
157,12,87,36550,0,0,Key West,CITY,Florida,24649,24649,24687,24909
157,12,87,39725,0,0,Layton,CITY,Florida,184,184,185,186
157,12,87,43000,0,0,Marathon,CITY,Florida,8297,8297,8310,8387
157,12,87,99990,0,0,Balance of Monroe County,COUNTY,Florida,33044,33044,33096,33401
50,12,89,0,0,0,Nassau County,COUNTY,Florida,73314,73314,73505,74195
157,12,89,9700,0,0,Callahan,TOWN,Florida,1123,1123,1126,1136
157,12,89,22175,0,0,Fernandina Beach,CITY,Florida,11487,11487,11517,11624
157,12,89,30750,0,0,Hilliard,TOWN,Florida,3086,3086,3094,3123
157,12,89,99990,0,0,Balance of Nassau County,COUNTY,Florida,57618,57618,57768,58312
50,12,91,0,0,0,Okaloosa County,COUNTY,Florida,180822,180822,180801,183482
157,12,91,12325,0,0,Cinco Bayou,TOWN,Florida,383,383,383,389
157,12,91,15475,0,0,Crestview,CITY,Florida,20978,20978,20976,21284
157,12,91,17325,0,0,Destin,CITY,Florida,12305,12305,12303,12489
157,12,91,24475,0,0,Fort Walton Beach,CITY,Florida,19507,19507,19505,19793
157,12,91,39650,0,0,Laurel Hill,CITY,Florida,537,537,537,545
157,12,91,43375,0,0,Mary Esther,CITY,Florida,3851,3851,3851,3910
157,12,91,48750,0,0,Niceville,CITY,Florida,12749,12749,12748,12941
157,12,91,65425,0,0,Shalimar,TOWN,Florida,717,717,717,728
157,12,91,73675,0,0,Valparaiso,CITY,Florida,5036,5036,5036,5094
157,12,91,99990,0,0,Balance of Okaloosa County,COUNTY,Florida,104759,104759,104745,106309
50,12,93,0,0,0,Okeechobee County,COUNTY,Florida,39996,39996,40043,40140
157,12,93,51200,0,0,Okeechobee,CITY,Florida,5621,5621,5629,5641
157,12,93,99990,0,0,Balance of Okeechobee County,COUNTY,Florida,34375,34375,34414,34499
50,12,95,0,0,0,Orange County,COUNTY,Florida,1145956,1145956,1148787,1169107
157,12,95,1700,0,0,Apopka,CITY,Florida,41542,41604,41709,42467
157,12,95,4150,0,0,Bay Lake,CITY,Florida,47,47,47,48
157,12,95,5300,0,0,Belle Isle,CITY,Florida,5988,5988,6004,6111
157,12,95,19650,0,0,Eatonville,TOWN,Florida,2159,2159,2163,2199
157,12,95,19900,0,0,Edgewood,CITY,Florida,2503,2503,2509,2555
157,12,95,37625,0,0,Lake Buena Vista,CITY,Florida,10,10,10,10
157,12,95,42575,0,0,Maitland,CITY,Florida,15751,15751,15792,16076
157,12,95,50525,0,0,Oakland,TOWN,Florida,2538,2538,2545,2590
157,12,95,51075,0,0,Ocoee,CITY,Florida,35579,35584,35674,36320
157,12,95,53000,0,0,Orlando,CITY,Florida,238300,238304,238902,243195
157,12,95,78050,0,0,Windermere,TOWN,Florida,2462,2462,2469,2514
157,12,95,78250,0,0,Winter Garden,CITY,Florida,34568,34577,34664,35287
157,12,95,78300,0,0,Winter Park,CITY,Florida,27852,27852,27918,28398
157,12,95,99990,0,0,Balance of Orange County,COUNTY,Florida,736657,736577,738381,751337
50,12,97,0,0,0,Osceola County,COUNTY,Florida,268685,268685,269742,276163
157,12,97,36950,0,0,Kissimmee,CITY,Florida,59682,59682,59917,61346
157,12,97,62625,0,0,St. Cloud,CITY,Florida,35183,35183,35322,36163
157,12,97,99990,0,0,Balance of Osceola County,COUNTY,Florida,173820,173820,174503,178654
50,12,99,0,0,0,Palm Beach County,COUNTY,Florida,1320134,1320134,1322924,1335187
157,12,99,2500,0,0,Atlantis,CITY,Florida,2005,2005,2009,2029
157,12,99,5200,0,0,Belle Glade,CITY,Florida,17467,17467,17505,17667
157,12,99,7300,0,0,Boca Raton,CITY,Florida,84392,84392,84566,85329
157,12,99,7875,0,0,Boynton Beach,CITY,Florida,68217,68217,68361,68996
157,12,99,8575,0,0,Briny Breezes,TOWN,Florida,601,601,602,608
157,12,99,13050,0,0,Cloud Lake,TOWN,Florida,135,135,135,136
157,12,99,17100,0,0,Delray Beach,CITY,Florida,60522,60522,60650,61209
157,12,99,26050,0,0,Glen Ridge,TOWN,Florida,219,219,219,220
157,12,99,26550,0,0,Golf,VILLAGE,Florida,252,252,252,255
157,12,99,27322,0,0,Greenacres,CITY,Florida,37573,37573,37655,38009
157,12,99,28275,0,0,Gulf Stream,TOWN,Florida,786,786,788,795
157,12,99,29200,0,0,Haverhill,TOWN,Florida,1873,1873,1878,1896
157,12,99,30200,0,0,Highland Beach,TOWN,Florida,3539,3539,3547,3580
157,12,99,33150,0,0,Hypoluxo,TOWN,Florida,2588,2588,2593,2618
157,12,99,35850,0,0,Juno Beach,TOWN,Florida,3176,3176,3183,3213
157,12,99,35875,0,0,Jupiter,TOWN,Florida,55156,55276,55394,55911
157,12,99,35900,0,0,Jupiter Inlet Colony,TOWN,Florida,400,400,401,404
157,12,99,37800,0,0,Lake Clarke Shores,TOWN,Florida,3376,3376,3384,3415
157,12,99,38600,0,0,Lake Park,TOWN,Florida,8155,8155,8172,8248
157,12,99,39075,0,0,Lake Worth,CITY,Florida,34910,34910,34984,35306
157,12,99,39375,0,0,Lantana,TOWN,Florida,10423,10423,10446,10543
157,12,99,41577,0,0,Loxahatchee Groves,TOWN,Florida,3180,3180,3186,3218
157,12,99,42700,0,0,Manalapan,TOWN,Florida,406,406,407,411
157,12,99,42900,0,0,Mangonia Park,TOWN,Florida,1888,1888,1893,1910
157,12,99,49600,0,0,North Palm Beach,VILLAGE,Florida,12015,12015,12040,12153
157,12,99,50950,0,0,Ocean Ridge,TOWN,Florida,1786,1786,1790,1806
157,12,99,53800,0,0,Pahokee,CITY,Florida,5649,5649,5660,5712
157,12,99,54025,0,0,Palm Beach,TOWN,Florida,8348,8348,8366,8445
157,12,99,54075,0,0,Palm Beach Gardens,CITY,Florida,48452,48452,48556,49010
157,12,99,54150,0,0,Palm Beach Shores,TOWN,Florida,1142,1142,1144,1155
157,12,99,54450,0,0,Palm Springs,VILLAGE,Florida,18928,18976,19016,19195
157,12,99,60975,0,0,Riviera Beach,CITY,Florida,32488,32488,32556,32861
157,12,99,62100,0,0,Royal Palm Beach,VILLAGE,Florida,34140,34140,34213,34533
157,12,99,67175,0,0,South Bay,CITY,Florida,4876,4876,4882,4911
157,12,99,67650,0,0,South Palm Beach,TOWN,Florida,1171,1171,1174,1185
157,12,99,71525,0,0,Tequesta,VILLAGE,Florida,5629,5629,5640,5693
157,12,99,75812,0,0,Wellington,VILLAGE,Florida,56508,56508,56629,57163
157,12,99,76600,0,0,West Palm Beach,CITY,Florida,99919,99920,100128,101043
157,12,99,99990,0,0,Balance of Palm Beach County,COUNTY,Florida,587844,587675,588920,594396
50,12,101,0,0,0,Pasco County,COUNTY,Florida,464697,464697,465536,466457
157,12,101,16125,0,0,Dade City,CITY,Florida,6437,6437,6449,6461
157,12,101,48500,0,0,New Port Richey,CITY,Florida,14911,14905,14932,14961
157,12,101,58600,0,0,Port Richey,CITY,Florida,2671,2671,2675,2681
157,12,101,62775,0,0,St. Leo,TOWN,Florida,1340,1340,1340,1340
157,12,101,63375,0,0,San Antonio,CITY,Florida,1138,1138,1140,1142
157,12,101,79225,0,0,Zephyrhills,CITY,Florida,13288,13288,13312,13337
157,12,101,99990,0,0,Balance of Pasco County,COUNTY,Florida,424912,424918,425688,426535
50,12,103,0,0,0,Pinellas County,COUNTY,Florida,916542,916542,916220,917398
157,12,103,5075,0,0,Belleair,TOWN,Florida,3869,3869,3867,3872
157,12,103,5100,0,0,Belleair Beach,CITY,Florida,1560,1560,1559,1561
157,12,103,5125,0,0,Belleair Bluffs,CITY,Florida,2031,2031,2030,2032
157,12,103,5150,0,0,Belleair Shore,TOWN,Florida,109,109,109,109
157,12,103,12875,0,0,Clearwater,CITY,Florida,107685,107685,107648,107784
157,12,103,18575,0,0,Dunedin,CITY,Florida,35321,35321,35308,35354
157,12,103,28175,0,0,Gulfport,CITY,Florida,12029,12029,12026,12041
157,12,103,33625,0,0,Indian Rocks Beach,CITY,Florida,4113,4113,4112,4117
157,12,103,33675,0,0,Indian Shores,TOWN,Florida,1420,1420,1420,1421
157,12,103,36175,0,0,Kenneth City,TOWN,Florida,4980,4980,4977,4984
157,12,103,39425,0,0,Largo,CITY,Florida,77648,77649,77622,77723
157,12,103,42400,0,0,Madeira Beach,CITY,Florida,4263,4263,4262,4267
157,12,103,49725,0,0,North Redington Beach,TOWN,Florida,1417,1417,1416,1418
157,12,103,51350,0,0,Oldsmar,CITY,Florida,13591,13605,13600,13618
157,12,103,56975,0,0,Pinellas Park,CITY,Florida,49079,49104,49087,49150
157,12,103,59725,0,0,Redington Beach,TOWN,Florida,1427,1427,1426,1428
157,12,103,59750,0,0,Redington Shores,TOWN,Florida,2121,2121,2120,2123
157,12,103,62425,0,0,Safety Harbor,CITY,Florida,16884,16885,16880,16901
157,12,103,62885,0,0,St. Pete Beach,CITY,Florida,9346,9346,9343,9355
157,12,103,63000,0,0,St. Petersburg,CITY,Florida,244769,244769,244683,244997
157,12,103,64975,0,0,Seminole,CITY,Florida,17233,17233,17227,17250
157,12,103,67675,0,0,South Pasadena,CITY,Florida,4964,4964,4962,4968
157,12,103,71150,0,0,Tarpon Springs,CITY,Florida,23484,23484,23477,23507
157,12,103,72325,0,0,Treasure Island,CITY,Florida,6705,6705,6702,6711
157,12,103,99990,0,0,Balance of Pinellas County,COUNTY,Florida,270494,270453,270357,270707
50,12,105,0,0,0,Polk County,COUNTY,Florida,602095,602095,602924,609492
157,12,105,2550,0,0,Auburndale,CITY,Florida,13507,13507,13525,13675
157,12,105,3675,0,0,Bartow,CITY,Florida,17298,17298,17321,17501
157,12,105,16450,0,0,Davenport,CITY,Florida,2888,2895,2899,2931
157,12,105,18550,0,0,Dundee,TOWN,Florida,3717,3717,3723,3764
157,12,105,18875,0,0,Eagle Lake,CITY,Florida,2255,2255,2259,2283
157,12,105,24100,0,0,Fort Meade,CITY,Florida,5626,5626,5632,5696
157,12,105,24900,0,0,Frostproof,CITY,Florida,2992,2992,2997,3030
157,12,105,28400,0,0,Haines City,CITY,Florida,20535,20552,20579,20807
157,12,105,30325,0,0,Highland Park,VILLAGE,Florida,230,230,230,233
157,12,105,30700,0,0,Hillcrest Heights,TOWN,Florida,254,254,254,257
157,12,105,37525,0,0,Lake Alfred,CITY,Florida,5015,5015,5023,5077
157,12,105,37975,0,0,Lake Hamilton,TOWN,Florida,1231,1231,1233,1247
157,12,105,38250,0,0,Lakeland,CITY,Florida,97422,97419,97551,98589
157,12,105,38950,0,0,Lake Wales,CITY,Florida,14225,14225,14245,14399
157,12,105,47200,0,0,Mulberry,CITY,Florida,3817,3818,3824,3867
157,12,105,57950,0,0,Polk City,TOWN,Florida,1562,1562,1564,1580
157,12,105,78275,0,0,Winter Haven,CITY,Florida,33874,33874,33920,34291
157,12,105,99990,0,0,Balance of Polk County,COUNTY,Florida,375647,375625,376145,380265
50,12,107,0,0,0,Putnam County,COUNTY,Florida,74364,74366,74283,74041
157,12,107,15375,0,0,Crescent City,CITY,Florida,1577,1577,1576,1571
157,12,107,33900,0,0,Interlachen,TOWN,Florida,1403,1403,1401,1396
157,12,107,53875,0,0,Palatka,CITY,Florida,10558,10558,10547,10514
157,12,107,58025,0,0,Pomona Park,TOWN,Florida,912,912,911,908
157,12,107,75750,0,0,Welaka,TOWN,Florida,701,701,700,698
157,12,107,99990,0,0,Balance of Putnam County,COUNTY,Florida,59213,59215,59148,58954
50,12,109,0,0,0,St. Johns County,COUNTY,Florida,190039,190039,191242,195823
157,12,109,29100,0,0,Hastings,TOWN,Florida,580,580,584,598
157,12,109,43250,0,0,Marineland,TOWN (pt.),Florida,0,0,0,0
157,12,109,62500,0,0,St. Augustine,CITY,Florida,12975,12975,13051,13336
157,12,109,62525,0,0,St. Augustine Beach,CITY,Florida,6176,6176,6215,6366
157,12,109,99990,0,0,Balance of St. Johns County,COUNTY,Florida,170308,170308,171392,175523
50,12,111,0,0,0,St. Lucie County,COUNTY,Florida,277789,277789,278732,280379
157,12,111,24300,0,0,Fort Pierce,CITY,Florida,41590,41606,41746,41993
157,12,111,58715,0,0,Port St. Lucie,CITY,Florida,164603,164603,165166,166149
157,12,111,62800,0,0,St. Lucie Village,TOWN,Florida,590,590,592,595
157,12,111,99990,0,0,Balance of St. Lucie County,COUNTY,Florida,71006,70990,71228,71642
50,12,113,0,0,0,Santa Rosa County,COUNTY,Florida,151372,151372,152020,154104
157,12,113,28000,0,0,Gulf Breeze,CITY,Florida,5763,5763,5788,5870
157,12,113,35425,0,0,Jay,TOWN,Florida,533,533,536,543
157,12,113,45750,0,0,Milton,CITY,Florida,8826,8826,8864,8984
157,12,113,99990,0,0,Balance of Santa Rosa County,COUNTY,Florida,136250,136250,136832,138707
50,12,115,0,0,0,Sarasota County,COUNTY,Florida,379448,379448,380043,382213
157,12,115,41150,0,0,Longboat Key,TOWN (pt.),Florida,4490,4490,4498,4523
157,12,115,49675,0,0,North Port,CITY,Florida,57357,57357,57448,57780
157,12,115,64175,0,0,Sarasota,CITY,Florida,51917,51983,52060,52341
157,12,115,73900,0,0,Venice,CITY,Florida,20748,20748,20780,20897
157,12,115,99990,0,0,Balance of Sarasota County,COUNTY,Florida,244936,244870,245257,246672
50,12,117,0,0,0,Seminole County,COUNTY,Florida,422718,422718,423211,425071
157,12,117,950,0,0,Altamonte Springs,CITY,Florida,41496,41496,41544,41727
157,12,117,11050,0,0,Casselberry,CITY,Florida,26241,26241,26273,26387
157,12,117,38425,0,0,Lake Mary,CITY,Florida,13822,13822,13837,13900
157,12,117,41250,0,0,Longwood,CITY,Florida,13657,13657,13672,13732
157,12,117,53575,0,0,Oviedo,CITY,Florida,33342,33342,33381,33528
157,12,117,63650,0,0,Sanford,CITY,Florida,53570,53633,53695,53926
157,12,117,78325,0,0,Winter Springs,CITY,Florida,33282,33282,33320,33468
157,12,117,99990,0,0,Balance of Seminole County,COUNTY,Florida,207308,207245,207489,208403
50,12,119,0,0,0,Sumter County,COUNTY,Florida,93420,93420,94320,97756
157,12,119,9625,0,0,Bushnell,CITY,Florida,2418,2418,2439,2524
157,12,119,11325,0,0,Center Hill,CITY,Florida,988,988,998,1038
157,12,119,13400,0,0,Coleman,CITY,Florida,703,694,702,731
157,12,119,75600,0,0,Webster,CITY,Florida,785,785,794,825
157,12,119,77675,0,0,Wildwood,CITY,Florida,6709,6709,6779,7043
157,12,119,99990,0,0,Balance of Sumter County,COUNTY,Florida,81817,81826,82608,85595
50,12,121,0,0,0,Suwannee County,COUNTY,Florida,41551,41551,41536,41972
157,12,121,8175,0,0,Branford,TOWN,Florida,712,712,712,720
157,12,121,40875,0,0,Live Oak,CITY,Florida,6850,6850,6848,6918
157,12,121,99990,0,0,Balance of Suwannee County,COUNTY,Florida,33989,33989,33976,34334
50,12,123,0,0,0,Taylor County,COUNTY,Florida,22570,22568,22575,22691
157,12,123,56150,0,0,Perry,CITY,Florida,7017,6987,6990,7030
157,12,123,99990,0,0,Balance of Taylor County,COUNTY,Florida,15553,15581,15585,15661
50,12,125,0,0,0,Union County,COUNTY,Florida,15535,15535,15553,15388
157,12,125,37650,0,0,Lake Butler,CITY,Florida,1897,1897,1899,1871
157,12,125,59400,0,0,Raiford,TOWN,Florida,255,255,255,251
157,12,125,78775,0,0,Worthington Springs,TOWN,Florida,181,181,181,178
157,12,125,99990,0,0,Balance of Union County,COUNTY,Florida,13202,13202,13218,13088
50,12,127,0,0,0,Volusia County,COUNTY,Florida,494593,494597,494652,494804
157,12,127,16525,0,0,Daytona Beach,CITY,Florida,61005,61005,61011,61028
157,12,127,16550,0,0,Daytona Beach Shores,CITY,Florida,4247,4251,4251,4253
157,12,127,16675,0,0,DeBary,CITY,Florida,19320,19315,19316,19324
157,12,127,16875,0,0,DeLand,CITY,Florida,27031,27031,27033,27041
157,12,127,17200,0,0,Deltona,CITY,Florida,85182,85182,85191,85219
157,12,127,19825,0,0,Edgewater,CITY,Florida,20750,20753,20756,20761
157,12,127,22550,0,0,Flagler Beach,CITY (pt.),Florida,60,60,60,60
157,12,127,31350,0,0,Holly Hill,CITY,Florida,11659,11659,11660,11663
157,12,127,38025,0,0,Lake Helen,CITY,Florida,2624,2624,2625,2625
157,12,127,48625,0,0,New Smyrna Beach,CITY,Florida,22464,22471,22473,22481
157,12,127,50450,0,0,Oak Hill,CITY,Florida,1792,1792,1793,1793
157,12,127,51825,0,0,Orange City,CITY,Florida,10599,10719,10721,10724
157,12,127,53150,0,0,Ormond Beach,CITY,Florida,38137,38137,38142,38153
157,12,127,56425,0,0,Pierson,TOWN,Florida,1736,1736,1735,1738
157,12,127,58200,0,0,Ponce Inlet,TOWN,Florida,3032,3032,3033,3034
157,12,127,58575,0,0,Port Orange,CITY,Florida,56048,56505,56512,56529
157,12,127,67325,0,0,South Daytona,CITY,Florida,12252,12252,12254,12258
157,12,127,99990,0,0,Balance of Volusia County,COUNTY,Florida,116655,116073,116086,116120
50,12,129,0,0,0,Wakulla County,COUNTY,Florida,30776,30776,30856,30978
157,12,129,62825,0,0,St. Marks,CITY,Florida,293,293,294,296
157,12,129,66925,0,0,Sopchoppy,CITY,Florida,457,457,459,460
157,12,129,99990,0,0,Balance of Wakulla County,COUNTY,Florida,30026,30026,30103,30222
50,12,131,0,0,0,Walton County,COUNTY,Florida,55043,55043,55300,55793
157,12,131,16800,0,0,DeFuniak Springs,CITY,Florida,5177,5177,5202,5248
157,12,131,24825,0,0,Freeport,CITY,Florida,1787,1787,1795,1812
157,12,131,55475,0,0,Paxton,TOWN,Florida,644,644,648,654
157,12,131,99990,0,0,Balance of Walton County,COUNTY,Florida,47435,47435,47655,48079
50,12,133,0,0,0,Washington County,COUNTY,Florida,24896,24896,24910,24935
157,12,133,10975,0,0,Caryville,TOWN,Florida,411,411,411,412
157,12,133,11975,0,0,Chipley,CITY,Florida,3605,3605,3607,3611
157,12,133,19725,0,0,Ebro,TOWN,Florida,270,270,270,271
157,12,133,74125,0,0,Vernon,CITY,Florida,687,687,688,688
157,12,133,75450,0,0,Wausau,TOWN,Florida,383,383,383,383
157,12,133,99990,0,0,Balance of Washington County,COUNTY,Florida,19540,19540,19551,19570
