SUMLEV,STATE,COUNTY,PLACE,COUSUB,CONCIT,NAME,STNAME,CENSUS2010POP,ESTIMATESBASE2010,POPESTIMATE2010,POPESTIMATE2011
040,12,000,00000,00000,00000,Florida,Florida,18801310,18801311,18838613,19057542
162,12,000,00375,00000,00000,Alachua city,Florida,9059,9060,9062,9139
162,12,000,00625,00000,00000,Alford town,Florida,489,489,488,483
162,12,000,00950,00000,00000,Altamonte Springs city,Florida,41496,41496,41544,41727
162,12,000,01000,00000,00000,Altha town,Florida,536,536,537,541
162,12,000,01475,00000,00000,Anna Maria city,Florida,1503,1503,1506,1524
162,12,000,01625,00000,00000,Apalachicola city,Florida,2231,2231,2236,2242
162,12,000,01700,00000,00000,Apopka city,Florida,41542,41604,41709,42467
162,12,000,01750,00000,00000,Arcadia city,Florida,7637,7637,7657,7643
162,12,000,01775,00000,00000,Archer city,Florida,1118,1118,1119,1128
162,12,000,02250,00000,00000,Astatula town,Florida,1810,1810,1814,1836
162,12,000,02400,00000,00000,Atlantic Beach city,Florida,12655,12655,12672,12751
162,12,000,02500,00000,00000,Atlantis city,Florida,2005,2005,2009,2029
162,12,000,02550,00000,00000,Auburndale city,Florida,13507,13507,13525,13675
162,12,000,02681,00000,00000,Aventura city,Florida,35762,35762,35858,36610
162,12,000,02750,00000,00000,Avon Park city,Florida,8836,8838,8834,8825
162,12,000,03250,00000,00000,Baldwin town,Florida,1425,1425,1426,1437
162,12,000,03275,00000,00000,Bal Harbour village,Florida,2513,2514,2521,2574
162,12,000,03675,00000,00000,Bartow city,Florida,17298,17298,17321,17501
162,12,000,03725,00000,00000,Bascom town,Florida,121,121,121,120
162,12,000,03975,00000,00000,Bay Harbor Islands town,Florida,5628,5628,5644,5762
162,12,000,04150,00000,00000,Bay Lake city,Florida,47,47,47,48
162,12,000,04975,00000,00000,Bell town,Florida,456,456,459,459
162,12,000,05075,00000,00000,Belleair town,Florida,3869,3869,3867,3872
162,12,000,05100,00000,00000,Belleair Beach city,Florida,1560,1560,1559,1561
162,12,000,05125,00000,00000,Belleair Bluffs city,Florida,2031,2031,2030,2032
162,12,000,05150,00000,00000,Belleair Shore town,Florida,109,109,109,109
162,12,000,05200,00000,00000,Belle Glade city,Florida,17467,17467,17505,17667
162,12,000,05300,00000,00000,Belle Isle city,Florida,5988,5988,6004,6111
162,12,000,05375,00000,00000,Belleview city,Florida,4492,4492,4494,4509
162,12,000,06100,00000,00000,Beverly Beach town,Florida,338,338,339,344
162,12,000,06600,00000,00000,Biscayne Park village,Florida,3055,3055,3062,3126
162,12,000,06925,00000,00000,Blountstown city,Florida,2514,2501,2502,2523
162,12,000,07300,00000,00000,Boca Raton city,Florida,84392,84392,84566,85329
162,12,000,07450,00000,00000,Bonifay city,Florida,2793,2804,2794,2796
162,12,000,07525,00000,00000,Bonita Springs city,Florida,43914,43914,44036,44816
162,12,000,07775,00000,00000,Bowling Green city,Florida,2930,2930,2938,2947
162,12,000,07875,00000,00000,Boynton Beach city,Florida,68217,68217,68361,68996
162,12,000,07950,00000,00000,Bradenton city,Florida,49546,49546,49639,50193
162,12,000,07975,00000,00000,Bradenton Beach city,Florida,1171,1171,1173,1187
162,12,000,08175,00000,00000,Branford town,Florida,712,712,712,720
162,12,000,08575,00000,00000,Briny Breezes town,Florida,601,601,602,608
162,12,000,08600,00000,00000,Bristol city,Florida,996,995,994,989
162,12,000,08700,00000,00000,Bronson town,Florida,1113,1113,1111,1096
162,12,000,08725,00000,00000,Brooker town,Florida,338,338,337,334
162,12,000,08800,00000,00000,Brooksville city,Florida,7719,7721,7732,7735
162,12,000,09550,00000,00000,Bunnell city,Florida,2676,2676,2685,2717
162,12,000,09625,00000,00000,Bushnell city,Florida,2418,2418,2439,2524
162,12,000,09700,00000,00000,Callahan town,Florida,1123,1123,1126,1136
162,12,000,09725,00000,00000,Callaway city,Florida,14405,14405,14443,14493
162,12,000,09900,00000,00000,Campbellton town,Florida,230,230,230,227
162,12,000,10250,00000,00000,Cape Canaveral city,Florida,9912,9912,9921,9916
162,12,000,10275,00000,00000,Cape Coral city,Florida,154305,154305,154734,157476
162,12,000,10725,00000,00000,Carrabelle city,Florida,2778,2778,2780,2785
162,12,000,10975,00000,00000,Caryville town,Florida,411,411,411,412
162,12,000,11050,00000,00000,Casselberry city,Florida,26241,26241,26273,26387
162,12,000,11225,00000,00000,Cedar Key city,Florida,702,705,703,693
162,12,000,11325,00000,00000,Center Hill city,Florida,988,988,998,1038
162,12,000,11362,00000,00000,Century town,Florida,1698,1698,1700,1706
162,12,000,11800,00000,00000,Chattahoochee city,Florida,3652,3648,3650,3636
162,12,000,11925,00000,00000,Chiefland city,Florida,2245,2245,2240,2209
162,12,000,11975,00000,00000,Chipley city,Florida,3605,3605,3607,3611
162,12,000,12325,00000,00000,Cinco Bayou town,Florida,383,383,383,389
162,12,000,12875,00000,00000,Clearwater city,Florida,107685,107685,107648,107784
162,12,000,12925,00000,00000,Clermont city,Florida,28742,28740,28819,29126
162,12,000,13000,00000,00000,Clewiston city,Florida,7155,7155,7156,7146
162,12,000,13050,00000,00000,Cloud Lake town,Florida,135,135,135,136
162,12,000,13150,00000,00000,Cocoa city,Florida,17140,17140,17154,17147
162,12,000,13175,00000,00000,Cocoa Beach city,Florida,11231,11231,11240,11235
162,12,000,13275,00000,00000,Coconut Creek city,Florida,52909,52936,53061,53915
162,12,000,13400,00000,00000,Coleman city,Florida,703,694,702,731
162,12,000,14125,00000,00000,Cooper City city,Florida,28547,28547,28614,29076
162,12,000,14250,00000,00000,Coral Gables city,Florida,46780,46780,46894,47783
162,12,000,14400,00000,00000,Coral Springs city,Florida,121096,121098,121382,123338
162,12,000,14850,00000,00000,Cottondale town,Florida,933,933,931,923
162,12,000,15375,00000,00000,Crescent City city,Florida,1577,1577,1576,1571
162,12,000,15475,00000,00000,Crestview city,Florida,20978,20978,20976,21284
162,12,000,15575,00000,00000,Cross City town,Florida,1728,1728,1726,1735
162,12,000,15775,00000,00000,Crystal River city,Florida,3108,3110,3111,3086
162,12,000,15968,00000,00000,Cutler Bay town,Florida,40286,40286,40392,41236
162,12,000,16125,00000,00000,Dade City city,Florida,6437,6437,6449,6461
162,12,000,16335,00000,00000,Dania Beach city,Florida,29639,29639,29709,30183
162,12,000,16450,00000,00000,Davenport city,Florida,2888,2895,2899,2931
162,12,000,16475,00000,00000,Davie town,Florida,91992,91992,92205,93674
162,12,000,16525,00000,00000,Daytona Beach city,Florida,61005,61005,61011,61028
162,12,000,16550,00000,00000,Daytona Beach Shores city,Florida,4247,4251,4251,4253
162,12,000,16675,00000,00000,DeBary city,Florida,19320,19315,19316,19324
162,12,000,16725,00000,00000,Deerfield Beach city,Florida,75018,75018,75191,76389
162,12,000,16800,00000,00000,DeFuniak Springs city,Florida,5177,5177,5202,5248
162,12,000,16875,00000,00000,DeLand city,Florida,27031,27031,27033,27041
162,12,000,17100,00000,00000,Delray Beach city,Florida,60522,60522,60650,61209
162,12,000,17200,00000,00000,Deltona city,Florida,85182,85182,85191,85219
162,12,000,17325,00000,00000,Destin city,Florida,12305,12305,12303,12489
162,12,000,17935,00000,00000,Doral city,Florida,45704,45704,45827,46789
162,12,000,18550,00000,00000,Dundee town,Florida,3717,3717,3723,3764
162,12,000,18575,00000,00000,Dunedin city,Florida,35321,35321,35308,35354
162,12,000,18675,00000,00000,Dunnellon city,Florida,1733,1733,1734,1740
162,12,000,18875,00000,00000,Eagle Lake city,Florida,2255,2255,2259,2283
162,12,000,19650,00000,00000,Eatonville town,Florida,2159,2159,2163,2199
162,12,000,19725,00000,00000,Ebro town,Florida,270,270,270,271
162,12,000,19825,00000,00000,Edgewater city,Florida,20750,20753,20756,20761
162,12,000,19900,00000,00000,Edgewood city,Florida,2503,2503,2509,2555
162,12,000,20650,00000,00000,El Portal village,Florida,2325,2325,2331,2380
162,12,000,21250,00000,00000,Esto town,Florida,364,364,363,362
162,12,000,21350,00000,00000,Eustis city,Florida,18558,18558,18610,18805
162,12,000,21425,00000,00000,Everglades city,Florida,400,400,402,408
162,12,000,21850,00000,00000,Fanning Springs city,Florida,764,764,764,758
162,12,000,22100,00000,00000,Fellsmere city,Florida,5197,5197,5207,5229
162,12,000,22175,00000,00000,Fernandina Beach city,Florida,11487,11487,11517,11624
162,12,000,22550,00000,00000,Flagler Beach city,Florida,4484,4484,4500,4563
162,12,000,22975,00000,00000,Florida City city,Florida,11245,11245,11275,11511
162,12,000,24000,00000,00000,Fort Lauderdale city,Florida,165521,165521,165900,168528
162,12,000,24100,00000,00000,Fort Meade city,Florida,5626,5626,5632,5696
162,12,000,24125,00000,00000,Fort Myers city,Florida,62298,62296,62460,63512
162,12,000,24150,00000,00000,Fort Myers Beach town,Florida,6277,6277,6294,6406
162,12,000,24300,00000,00000,Fort Pierce city,Florida,41590,41606,41746,41993
162,12,000,24475,00000,00000,Fort Walton Beach city,Florida,19507,19507,19505,19793
162,12,000,24500,00000,00000,Fort White town,Florida,567,567,567,566
162,12,000,24825,00000,00000,Freeport city,Florida,1787,1787,1795,1812
162,12,000,24900,00000,00000,Frostproof city,Florida,2992,2992,2997,3030
162,12,000,24975,00000,00000,Fruitland Park city,Florida,4078,4078,4090,4132
162,12,000,25175,00000,00000,Gainesville city,Florida,124354,124354,124394,125326
162,12,000,26050,00000,00000,Glen Ridge town,Florida,219,219,219,220
162,12,000,26075,00000,00000,Glen St. Mary town,Florida,437,439,438,440
162,12,000,26250,00000,00000,Golden Beach town,Florida,919,919,921,940
162,12,000,26550,00000,00000,Golf village,Florida,252,252,252,255
162,12,000,27000,00000,00000,Graceville city,Florida,2278,2278,2275,2258
162,12,000,27175,00000,00000,Grand Ridge town,Florida,892,895,894,885
162,12,000,27256,00000,00000,Grant-Valkaria town,Florida,3850,3850,3854,3851
162,12,000,27322,00000,00000,Greenacres city,Florida,37573,37573,37655,38009
162,12,000,27400,00000,00000,Green Cove Springs city,Florida,6908,6908,6927,6958
162,12,000,27550,00000,00000,Greensboro town,Florida,602,645,645,642
162,12,000,27575,00000,00000,Greenville town,Florida,843,835,835,830
162,12,000,27600,00000,00000,Greenwood town,Florida,686,686,685,678
162,12,000,27650,00000,00000,Gretna city,Florida,1460,1459,1459,1452
162,12,000,27800,00000,00000,Groveland city,Florida,8729,8729,8752,8846
162,12,000,28000,00000,00000,Gulf Breeze city,Florida,5763,5763,5788,5870
162,12,000,28175,00000,00000,Gulfport city,Florida,12029,12029,12026,12041
162,12,000,28275,00000,00000,Gulf Stream town,Florida,786,786,788,795
162,12,000,28400,00000,00000,Haines City city,Florida,20535,20552,20579,20807
162,12,000,28452,00000,00000,Hallandale Beach city,Florida,37113,37113,37200,37800
162,12,000,28575,00000,00000,Hampton city,Florida,500,500,499,496
162,12,000,29100,00000,00000,Hastings town,Florida,580,580,584,598
162,12,000,29150,00000,00000,Havana town,Florida,1754,1753,1754,1743
162,12,000,29200,00000,00000,Haverhill town,Florida,1873,1873,1878,1896
162,12,000,29275,00000,00000,Hawthorne city,Florida,1417,1417,1418,1428
162,12,000,30000,00000,00000,Hialeah city,Florida,224669,224669,225269,229969
162,12,000,30025,00000,00000,Hialeah Gardens city,Florida,21744,21744,21803,22257
162,12,000,30200,00000,00000,Highland Beach town,Florida,3539,3539,3547,3580
162,12,000,30325,00000,00000,Highland Park village,Florida,230,230,230,233
162,12,000,30525,00000,00000,High Springs city,Florida,5350,5344,5347,5391
162,12,000,30700,00000,00000,Hillcrest Heights town,Florida,254,254,254,257
162,12,000,30750,00000,00000,Hilliard town,Florida,3086,3086,3094,3123
162,12,000,30850,00000,00000,Hillsboro Beach town,Florida,1875,1875,1879,1910
162,12,000,31350,00000,00000,Holly Hill city,Florida,11659,11659,11660,11663
162,12,000,32000,00000,00000,Hollywood city,Florida,140768,140768,141095,143357
162,12,000,32150,00000,00000,Holmes Beach city,Florida,3836,3836,3844,3888
162,12,000,32275,00000,00000,Homestead city,Florida,60512,60512,60673,61940
162,12,000,32650,00000,00000,Horseshoe Beach town,Florida,169,169,169,170
162,12,000,32775,00000,00000,Howey-in-the-Hills town,Florida,1098,1103,1106,1118
162,12,000,33150,00000,00000,Hypoluxo town,Florida,2588,2588,2593,2618
162,12,000,33375,00000,00000,Indialantic town,Florida,2720,2720,2723,2721
162,12,000,33425,00000,00000,Indian Creek village,Florida,86,86,86,88
162,12,000,33450,00000,00000,Indian Harbour Beach city,Florida,8225,8225,8231,8228
162,12,000,33600,00000,00000,Indian River Shores town,Florida,3901,3899,3906,3924
162,12,000,33625,00000,00000,Indian Rocks Beach city,Florida,4113,4113,4112,4117
162,12,000,33675,00000,00000,Indian Shores town,Florida,1420,1420,1420,1421
162,12,000,33800,00000,00000,Inglis town,Florida,1325,1325,1323,1304
162,12,000,33900,00000,00000,Interlachen town,Florida,1403,1403,1401,1396
162,12,000,33950,00000,00000,Inverness city,Florida,7210,7210,7212,7152
162,12,000,34132,00000,00000,"Islamorada, Village of Islands village",Florida,6119,6119,6128,6184
162,12,000,35000,00000,00000,Jacksonville city,Florida,821784,821784,822883,827908
162,12,000,35050,00000,00000,Jacksonville Beach city,Florida,21362,21362,21392,21523
162,12,000,35200,00000,00000,Jacob City city,Florida,250,250,250,247
162,12,000,35375,00000,00000,Jasper city,Florida,4546,4546,4537,4528
162,12,000,35425,00000,00000,Jay town,Florida,533,533,536,543
162,12,000,35525,00000,00000,Jennings town,Florida,878,878,875,869
162,12,000,35850,00000,00000,Juno Beach town,Florida,3176,3176,3183,3213
162,12,000,35875,00000,00000,Jupiter town,Florida,55156,55276,55394,55911
162,12,000,35900,00000,00000,Jupiter Inlet Colony town,Florida,400,400,401,404
162,12,000,35925,00000,00000,Jupiter Island town,Florida,817,817,817,823
162,12,000,36175,00000,00000,Kenneth City town,Florida,4980,4980,4977,4984
162,12,000,36300,00000,00000,Key Biscayne village,Florida,12344,12344,12378,12637
162,12,000,36325,00000,00000,Key Colony Beach city,Florida,797,797,798,806
162,12,000,36475,00000,00000,Keystone Heights city,Florida,1350,1350,1354,1362
162,12,000,36550,00000,00000,Key West city,Florida,24649,24649,24687,24909
162,12,000,36950,00000,00000,Kissimmee city,Florida,59682,59682,59917,61346
162,12,000,37225,00000,00000,LaBelle city,Florida,4640,4659,4658,4653
162,12,000,37300,00000,00000,La Crosse town,Florida,360,360,360,364
162,12,000,37375,00000,00000,Lady Lake town,Florida,13926,13926,13965,14111
162,12,000,37525,00000,00000,Lake Alfred city,Florida,5015,5015,5023,5077
162,12,000,37625,00000,00000,Lake Buena Vista city,Florida,10,10,10,10
162,12,000,37650,00000,00000,Lake Butler city,Florida,1897,1897,1899,1871
162,12,000,37775,00000,00000,Lake City city,Florida,12046,12034,12050,12026
162,12,000,37800,00000,00000,Lake Clarke Shores town,Florida,3376,3376,3384,3415
162,12,000,37975,00000,00000,Lake Hamilton town,Florida,1231,1231,1233,1247
162,12,000,38025,00000,00000,Lake Helen city,Florida,2624,2624,2625,2625
162,12,000,38250,00000,00000,Lakeland city,Florida,97422,97419,97551,98589
162,12,000,38425,00000,00000,Lake Mary city,Florida,13822,13822,13837,13900
162,12,000,38600,00000,00000,Lake Park town,Florida,8155,8155,8172,8248
162,12,000,38625,00000,00000,Lake Placid town,Florida,2223,2223,2223,2219
162,12,000,38950,00000,00000,Lake Wales city,Florida,14225,14225,14245,14399
162,12,000,39075,00000,00000,Lake Worth city,Florida,34910,34910,34984,35306
162,12,000,39375,00000,00000,Lantana town,Florida,10423,10423,10446,10543
162,12,000,39425,00000,00000,Largo city,Florida,77648,77649,77622,77723
162,12,000,39475,00000,00000,Lauderdale-by-the-Sea town,Florida,6056,6056,6070,6168
162,12,000,39525,00000,00000,Lauderdale Lakes city,Florida,32593,32593,32667,33191
162,12,000,39550,00000,00000,Lauderhill city,Florida,66887,66887,67042,68117
162,12,000,39650,00000,00000,Laurel Hill city,Florida,537,537,537,545
162,12,000,39700,00000,00000,Lawtey city,Florida,730,730,730,721
162,12,000,39725,00000,00000,Layton city,Florida,184,184,185,186
162,12,000,39750,00000,00000,Lazy Lake village,Florida,24,24,24,24
162,12,000,39850,00000,00000,Lee town,Florida,352,352,352,349
162,12,000,39875,00000,00000,Leesburg city,Florida,20117,20125,20179,20390
162,12,000,40450,00000,00000,Lighthouse Point city,Florida,10344,10344,10369,10536
162,12,000,40875,00000,00000,Live Oak city,Florida,6850,6850,6848,6918
162,12,000,41150,00000,00000,Longboat Key town,Florida,6888,6888,6901,6953
162,12,000,41250,00000,00000,Longwood city,Florida,13657,13657,13672,13732
162,12,000,41577,00000,00000,Loxahatchee Groves town,Florida,3180,3180,3186,3218
162,12,000,41825,00000,00000,Lynn Haven city,Florida,18493,18493,18542,18607
162,12,000,41950,00000,00000,Macclenny city,Florida,6374,6372,6369,6382
162,12,000,42150,00000,00000,McIntosh town,Florida,452,450,450,452
162,12,000,42400,00000,00000,Madeira Beach city,Florida,4263,4263,4262,4267
162,12,000,42425,00000,00000,Madison city,Florida,2843,2843,2845,2826
162,12,000,42575,00000,00000,Maitland city,Florida,15751,15751,15792,16076
162,12,000,42625,00000,00000,Malabar town,Florida,2757,2757,2760,2758
162,12,000,42650,00000,00000,Malone town,Florida,2088,2088,2087,2081
162,12,000,42700,00000,00000,Manalapan town,Florida,406,406,407,411
162,12,000,42900,00000,00000,Mangonia Park town,Florida,1888,1888,1893,1910
162,12,000,43000,00000,00000,Marathon city,Florida,8297,8297,8310,8387
162,12,000,43083,00000,00000,Marco Island city,Florida,16413,16413,16475,16756
162,12,000,43125,00000,00000,Margate city,Florida,53284,53284,53407,54270
162,12,000,43175,00000,00000,Marianna city,Florida,6102,6103,6095,6043
162,12,000,43250,00000,00000,Marineland town,Florida,16,16,16,16
162,12,000,43375,00000,00000,Mary Esther city,Florida,3851,3851,3851,3910
162,12,000,43425,00000,00000,Mascotte city,Florida,5101,5105,5120,5175
162,12,000,43575,00000,00000,Mayo town,Florida,1237,1232,1237,1243
162,12,000,43900,00000,00000,Medley town,Florida,838,838,840,857
162,12,000,43975,00000,00000,Melbourne city,Florida,76068,76068,76131,76095
162,12,000,44000,00000,00000,Melbourne Beach town,Florida,3101,3101,3104,3102
162,12,000,44075,00000,00000,Melbourne Village town,Florida,662,662,662,663
162,12,000,44300,00000,00000,Mexico Beach city,Florida,1072,1072,1075,1078
162,12,000,45000,00000,00000,Miami city,Florida,399457,399457,400509,408750
162,12,000,45025,00000,00000,Miami Beach city,Florida,87779,87779,88012,89840
162,12,000,45060,00000,00000,Miami Gardens city,Florida,107167,107167,107452,109680
162,12,000,45100,00000,00000,Miami Lakes town,Florida,29361,29361,29439,30057
162,12,000,45175,00000,00000,Miami Shores village,Florida,10493,10493,10519,10720
162,12,000,45200,00000,00000,Miami Springs city,Florida,13809,13809,13845,14129
162,12,000,45225,00000,00000,Micanopy town,Florida,600,600,600,606
162,12,000,45425,00000,00000,Midway city,Florida,3004,3004,3007,2987
162,12,000,45750,00000,00000,Milton city,Florida,8826,8826,8864,8984
162,12,000,45900,00000,00000,Minneola city,Florida,9403,9403,9431,9531
162,12,000,45975,00000,00000,Miramar city,Florida,122041,122041,122327,124302
162,12,000,46500,00000,00000,Monticello city,Florida,2506,2506,2505,2487
162,12,000,46525,00000,00000,Montverde town,Florida,1463,1463,1467,1482
162,12,000,46550,00000,00000,Moore Haven city,Florida,1680,1680,1674,1643
162,12,000,47050,00000,00000,Mount Dora city,Florida,12370,12370,12404,12534
162,12,000,47200,00000,00000,Mulberry city,Florida,3817,3818,3824,3867
162,12,000,47625,00000,00000,Naples city,Florida,19537,19537,19611,19939
162,12,000,48100,00000,00000,Neptune Beach city,Florida,7037,7037,7047,7090
162,12,000,48200,00000,00000,Newberry city,Florida,4950,4954,4955,4997
162,12,000,48500,00000,00000,New Port Richey city,Florida,14911,14905,14932,14961
162,12,000,48625,00000,00000,New Smyrna Beach city,Florida,22464,22471,22473,22481
162,12,000,48750,00000,00000,Niceville city,Florida,12749,12749,12748,12941
162,12,000,48900,00000,00000,Noma town,Florida,211,211,210,210
162,12,000,49225,00000,00000,North Bay Village city,Florida,7137,7137,7156,7305
162,12,000,49425,00000,00000,North Lauderdale city,Florida,41023,41023,41118,41782
162,12,000,49450,00000,00000,North Miami city,Florida,58786,58786,58939,60143
162,12,000,49475,00000,00000,North Miami Beach city,Florida,41523,41523,41635,42504
162,12,000,49600,00000,00000,North Palm Beach village,Florida,12015,12015,12040,12153
162,12,000,49675,00000,00000,North Port city,Florida,57357,57357,57448,57780
162,12,000,49725,00000,00000,North Redington Beach town,Florida,1417,1417,1416,1418
162,12,000,50450,00000,00000,Oak Hill city,Florida,1792,1792,1793,1793
162,12,000,50525,00000,00000,Oakland town,Florida,2538,2538,2545,2590
162,12,000,50575,00000,00000,Oakland Park city,Florida,41363,41363,41459,42126
162,12,000,50750,00000,00000,Ocala city,Florida,56315,56315,56333,56517
162,12,000,50900,00000,00000,Ocean Breeze Park town,Florida,355,355,355,358
162,12,000,50950,00000,00000,Ocean Ridge town,Florida,1786,1786,1790,1806
162,12,000,51075,00000,00000,Ocoee city,Florida,35579,35584,35674,36320
162,12,000,51200,00000,00000,Okeechobee city,Florida,5621,5621,5629,5641
162,12,000,51350,00000,00000,Oldsmar city,Florida,13591,13605,13600,13618
162,12,000,51650,00000,00000,Opa-locka city,Florida,15219,15219,15259,15579
162,12,000,51825,00000,00000,Orange City city,Florida,10599,10719,10721,10724
162,12,000,52125,00000,00000,Orange Park town,Florida,8412,8412,8436,8476
162,12,000,52175,00000,00000,Orchid town,Florida,415,415,416,418
162,12,000,53000,00000,00000,Orlando city,Florida,238300,238304,238902,243195
162,12,000,53150,00000,00000,Ormond Beach city,Florida,38137,38137,38142,38153
162,12,000,53500,00000,00000,Otter Creek town,Florida,134,134,134,132
162,12,000,53575,00000,00000,Oviedo city,Florida,33342,33342,33381,33528
162,12,000,53800,00000,00000,Pahokee city,Florida,5649,5649,5660,5712
162,12,000,53875,00000,00000,Palatka city,Florida,10558,10558,10547,10514
162,12,000,54000,00000,00000,Palm Bay city,Florida,103190,103190,103278,103227
162,12,000,54025,00000,00000,Palm Beach town,Florida,8348,8348,8366,8445
162,12,000,54075,00000,00000,Palm Beach Gardens city,Florida,48452,48452,48556,49010
162,12,000,54150,00000,00000,Palm Beach Shores town,Florida,1142,1142,1144,1155
162,12,000,54200,00000,00000,Palm Coast city,Florida,75180,75176,75430,76499
162,12,000,54250,00000,00000,Palmetto city,Florida,12606,12606,12629,12774
162,12,000,54275,00000,00000,Palmetto Bay village,Florida,23410,23410,23473,23964
162,12,000,54425,00000,00000,Palm Shores town,Florida,900,900,900,900
162,12,000,54450,00000,00000,Palm Springs village,Florida,18928,18976,19016,19195
162,12,000,54700,00000,00000,Panama City city,Florida,36484,36484,36576,36686
162,12,000,54725,00000,00000,Panama City Beach city,Florida,12018,12018,12050,12092
162,12,000,55075,00000,00000,Parker city,Florida,4317,4317,4329,4343
162,12,000,55125,00000,00000,Parkland city,Florida,23962,23960,24017,24404
162,12,000,55475,00000,00000,Paxton town,Florida,644,644,648,654
162,12,000,55750,00000,00000,Pembroke Park town,Florida,6102,6102,6116,6214
162,12,000,55775,00000,00000,Pembroke Pines city,Florida,154750,154750,155109,157594
162,12,000,55875,00000,00000,Penney Farms town,Florida,749,749,751,754
162,12,000,55925,00000,00000,Pensacola city,Florida,51923,51923,51986,52197
162,12,000,56150,00000,00000,Perry city,Florida,7017,6987,6990,7030
162,12,000,56425,00000,00000,Pierson town,Florida,1736,1736,1735,1738
162,12,000,56625,00000,00000,Pinecrest village,Florida,18223,18223,18273,18657
162,12,000,56975,00000,00000,Pinellas Park city,Florida,49079,49104,49087,49150
162,12,000,57425,00000,00000,Plantation city,Florida,84955,84955,85154,86524
162,12,000,57550,00000,00000,Plant City city,Florida,34721,34714,34833,35817
162,12,000,57950,00000,00000,Polk City town,Florida,1562,1562,1564,1580
162,12,000,58025,00000,00000,Pomona Park town,Florida,912,912,911,908
162,12,000,58050,00000,00000,Pompano Beach city,Florida,99845,99845,100070,101617
162,12,000,58175,00000,00000,Ponce de Leon town,Florida,598,598,596,598
162,12,000,58200,00000,00000,Ponce Inlet town,Florida,3032,3032,3033,3034
162,12,000,58575,00000,00000,Port Orange city,Florida,56048,56505,56512,56529
162,12,000,58600,00000,00000,Port Richey city,Florida,2671,2671,2675,2681
162,12,000,58675,00000,00000,Port St. Joe city,Florida,3445,3445,3444,3440
162,12,000,58715,00000,00000,Port St. Lucie city,Florida,164603,164603,165166,166149
162,12,000,59200,00000,00000,Punta Gorda city,Florida,16641,16641,16657,16697
162,12,000,59325,00000,00000,Quincy city,Florida,7972,7973,7979,7933
162,12,000,59400,00000,00000,Raiford town,Florida,255,255,255,251
162,12,000,59675,00000,00000,Reddick town,Florida,506,506,506,508
162,12,000,59725,00000,00000,Redington Beach town,Florida,1427,1427,1426,1428
162,12,000,59750,00000,00000,Redington Shores town,Florida,2121,2121,2120,2123
162,12,000,60975,00000,00000,Riviera Beach city,Florida,32488,32488,32556,32861
162,12,000,61500,00000,00000,Rockledge city,Florida,24926,24926,24948,24935
162,12,000,62100,00000,00000,Royal Palm Beach village,Florida,34140,34140,34213,34533
162,12,000,62425,00000,00000,Safety Harbor city,Florida,16884,16885,16880,16901
162,12,000,62500,00000,00000,St. Augustine city,Florida,12975,12975,13051,13336
162,12,000,62525,00000,00000,St. Augustine Beach city,Florida,6176,6176,6215,6366
162,12,000,62625,00000,00000,St. Cloud city,Florida,35183,35183,35322,36163
162,12,000,62775,00000,00000,St. Leo town,Florida,1340,1340,1340,1340
162,12,000,62800,00000,00000,St. Lucie Village town,Florida,590,590,592,595
162,12,000,62825,00000,00000,St. Marks city,Florida,293,293,294,296
162,12,000,62885,00000,00000,St. Pete Beach city,Florida,9346,9346,9343,9355
162,12,000,63000,00000,00000,St. Petersburg city,Florida,244769,244769,244683,244997
162,12,000,63375,00000,00000,San Antonio city,Florida,1138,1138,1140,1142
162,12,000,63650,00000,00000,Sanford city,Florida,53570,53633,53695,53926
162,12,000,63700,00000,00000,Sanibel city,Florida,6469,6469,6487,6602
162,12,000,64175,00000,00000,Sarasota city,Florida,51917,51983,52060,52341
162,12,000,64400,00000,00000,Satellite Beach city,Florida,10109,10109,10117,10113
162,12,000,64725,00000,00000,Sea Ranch Lakes village,Florida,670,670,672,682
162,12,000,64825,00000,00000,Sebastian city,Florida,21929,21929,21967,22067
162,12,000,64875,00000,00000,Sebring city,Florida,10491,10489,10486,10474
162,12,000,64975,00000,00000,Seminole city,Florida,17233,17233,17227,17250
162,12,000,65225,00000,00000,Sewall's Point town,Florida,1996,1996,2000,2013
162,12,000,65425,00000,00000,Shalimar town,Florida,717,717,717,728
162,12,000,66725,00000,00000,Sneads town,Florida,1849,1849,1846,1830
162,12,000,66925,00000,00000,Sopchoppy city,Florida,457,457,459,460
162,12,000,67175,00000,00000,South Bay city,Florida,4876,4876,4882,4911
162,12,000,67325,00000,00000,South Daytona city,Florida,12252,12252,12254,12258
162,12,000,67550,00000,00000,South Miami city,Florida,11657,11657,11688,11932
162,12,000,67650,00000,00000,South Palm Beach town,Florida,1171,1171,1174,1185
162,12,000,67675,00000,00000,South Pasadena city,Florida,4964,4964,4962,4968
162,12,000,68135,00000,00000,Southwest Ranches town,Florida,7345,7345,7361,7480
162,12,000,68275,00000,00000,Springfield city,Florida,8903,8902,8926,8954
162,12,000,68525,00000,00000,Starke city,Florida,5449,5446,5438,5389
162,12,000,68875,00000,00000,Stuart city,Florida,15593,15593,15612,15718
162,12,000,69555,00000,00000,Sunny Isles Beach city,Florida,20832,20832,20888,21327
162,12,000,69700,00000,00000,Sunrise city,Florida,84439,84439,84636,85995
162,12,000,70075,00000,00000,Surfside town,Florida,5744,5743,5759,5879
162,12,000,70345,00000,00000,Sweetwater city,Florida,13499,19952,20004,20424
162,12,000,70600,00000,00000,Tallahassee city,Florida,181376,181376,181626,182965
162,12,000,70675,00000,00000,Tamarac city,Florida,60427,60427,60567,61542
162,12,000,71000,00000,00000,Tampa city,Florida,335709,335709,336820,346037
162,12,000,71150,00000,00000,Tarpon Springs city,Florida,23484,23484,23477,23507
162,12,000,71225,00000,00000,Tavares city,Florida,13951,13957,13993,14133
162,12,000,71400,00000,00000,Temple Terrace city,Florida,24541,24543,24625,25314
162,12,000,71525,00000,00000,Tequesta village,Florida,5629,5629,5640,5693
162,12,000,71900,00000,00000,Titusville city,Florida,43761,43761,43798,43777
162,12,000,72325,00000,00000,Treasure Island city,Florida,6705,6705,6702,6711
162,12,000,72350,00000,00000,Trenton city,Florida,1999,1999,2003,2005
162,12,000,73025,00000,00000,Umatilla city,Florida,3456,3456,3466,3503
162,12,000,73675,00000,00000,Valparaiso city,Florida,5036,5036,5036,5094
162,12,000,73900,00000,00000,Venice city,Florida,20748,20748,20780,20897
162,12,000,74125,00000,00000,Vernon city,Florida,687,687,688,688
162,12,000,74150,00000,00000,Vero Beach city,Florida,15220,15222,15248,15318
162,12,000,74575,00000,00000,Virginia Gardens village,Florida,2375,2375,2381,2431
162,12,000,74925,00000,00000,Waldo city,Florida,1015,1015,1014,1023
162,12,000,75375,00000,00000,Wauchula city,Florida,5001,5023,5036,5053
162,12,000,75450,00000,00000,Wausau town,Florida,383,383,383,383
162,12,000,75600,00000,00000,Webster city,Florida,785,785,794,825
162,12,000,75625,00000,00000,Weeki Wachee city,Florida,12,12,12,12
162,12,000,75750,00000,00000,Welaka town,Florida,701,701,700,698
162,12,000,75812,00000,00000,Wellington village,Florida,56508,56508,56629,57163
162,12,000,76500,00000,00000,West Melbourne city,Florida,18355,18356,18371,18362
162,12,000,76525,00000,00000,West Miami city,Florida,5965,5965,5980,6105
162,12,000,76582,00000,00000,Weston city,Florida,65333,65333,65485,66544
162,12,000,76600,00000,00000,West Palm Beach city,Florida,99919,99920,100128,101043
162,12,000,76658,00000,00000,West Park city,Florida,14156,14156,14188,14417
162,12,000,76975,00000,00000,Westville town,Florida,289,289,288,288
162,12,000,77100,00000,00000,Wewahitchka city,Florida,1981,1981,1980,1977
162,12,000,77400,00000,00000,White Springs town,Florida,777,777,773,769
162,12,000,77675,00000,00000,Wildwood city,Florida,6709,6709,6779,7043
162,12,000,77825,00000,00000,Williston city,Florida,2768,2768,2764,2726
162,12,000,78000,00000,00000,Wilton Manors city,Florida,11632,11632,11659,11843
162,12,000,78050,00000,00000,Windermere town,Florida,2462,2462,2469,2514
162,12,000,78250,00000,00000,Winter Garden city,Florida,34568,34577,34664,35287
162,12,000,78275,00000,00000,Winter Haven city,Florida,33874,33874,33920,34291
162,12,000,78300,00000,00000,Winter Park city,Florida,27852,27852,27918,28398
162,12,000,78325,00000,00000,Winter Springs city,Florida,33282,33282,33320,33468
162,12,000,78775,00000,00000,Worthington Springs town,Florida,181,181,181,178
162,12,000,78925,00000,00000,Yankeetown town,Florida,502,502,501,494
162,12,000,79225,00000,00000,Zephyrhills city,Florida,13288,13288,13312,13337
162,12,000,79250,00000,00000,Zolfo Springs town,Florida,1827,1827,1834,1839
050,12,001,00000,00000,00000,Alachua County,Florida,247336,247336,247418,249365
157,12,001,00375,00000,00000,Alachua city,Florida,9059,9060,9062,9139
157,12,001,01775,00000,00000,Archer city,Florida,1118,1118,1119,1128
157,12,001,25175,00000,00000,Gainesville city,Florida,124354,124354,124394,125326
157,12,001,29275,00000,00000,Hawthorne city,Florida,1417,1417,1418,1428
157,12,001,30525,00000,00000,High Springs city,Florida,5350,5344,5347,5391
157,12,001,37300,00000,00000,La Crosse town,Florida,360,360,360,364
157,12,001,45225,00000,00000,Micanopy town,Florida,600,600,600,606
157,12,001,48200,00000,00000,Newberry city,Florida,4950,4954,4955,4997
157,12,001,74925,00000,00000,Waldo city,Florida,1015,1015,1014,1023
157,12,001,99990,00000,00000,Balance of Alachua County,Florida,99113,99114,99149,99963
050,12,003,00000,00000,00000,Baker County,Florida,27115,27115,27099,27154
157,12,003,26075,00000,00000,Glen St. Mary town,Florida,437,439,438,440
157,12,003,41950,00000,00000,Macclenny city,Florida,6374,6372,6369,6382
157,12,003,99990,00000,00000,Balance of Baker County,Florida,20304,20304,20292,20332
050,12,005,00000,00000,00000,Bay County,Florida,168852,168852,169295,169856
157,12,005,09725,00000,00000,Callaway city,Florida,14405,14405,14443,14493
157,12,005,41825,00000,00000,Lynn Haven city,Florida,18493,18493,18542,18607
157,12,005,44300,00000,00000,Mexico Beach city,Florida,1072,1072,1075,1078
157,12,005,54700,00000,00000,Panama City city,Florida,36484,36484,36576,36686
157,12,005,54725,00000,00000,Panama City Beach city,Florida,12018,12018,12050,12092
157,12,005,55075,00000,00000,Parker city,Florida,4317,4317,4329,4343
157,12,005,68275,00000,00000,Springfield city,Florida,8903,8902,8926,8954
157,12,005,99990,00000,00000,Balance of Bay County,Florida,73160,73161,73354,73603
050,12,007,00000,00000,00000,Bradford County,Florida,28520,28520,28483,28255
157,12,007,08725,00000,00000,Brooker town,Florida,338,338,337,334
157,12,007,28575,00000,00000,Hampton city,Florida,500,500,499,496
157,12,007,39700,00000,00000,Lawtey city,Florida,730,730,730,721
157,12,007,68525,00000,00000,Starke city,Florida,5449,5446,5438,5389
157,12,007,99990,00000,00000,Balance of Bradford County,Florida,21503,21506,21479,21315
050,12,009,00000,00000,00000,Brevard County,Florida,543376,543372,543828,543566
157,12,009,10250,00000,00000,Cape Canaveral city,Florida,9912,9912,9921,9916
157,12,009,13150,00000,00000,Cocoa city,Florida,17140,17140,17154,17147
157,12,009,13175,00000,00000,Cocoa Beach city,Florida,11231,11231,11240,11235
157,12,009,27256,00000,00000,Grant-Valkaria town,Florida,3850,3850,3854,3851
157,12,009,33375,00000,00000,Indialantic town,Florida,2720,2720,2723,2721
157,12,009,33450,00000,00000,Indian Harbour Beach city,Florida,8225,8225,8231,8228
157,12,009,42625,00000,00000,Malabar town,Florida,2757,2757,2760,2758
157,12,009,43975,00000,00000,Melbourne city,Florida,76068,76068,76131,76095
157,12,009,44000,00000,00000,Melbourne Beach town,Florida,3101,3101,3104,3102
157,12,009,44075,00000,00000,Melbourne Village town,Florida,662,662,662,663
157,12,009,54000,00000,00000,Palm Bay city,Florida,103190,103190,103278,103227
157,12,009,54425,00000,00000,Palm Shores town,Florida,900,900,900,900
157,12,009,61500,00000,00000,Rockledge city,Florida,24926,24926,24948,24935
157,12,009,64400,00000,00000,Satellite Beach city,Florida,10109,10109,10117,10113
157,12,009,71900,00000,00000,Titusville city,Florida,43761,43761,43798,43777
157,12,009,76500,00000,00000,West Melbourne city,Florida,18355,18356,18371,18362
157,12,009,99990,00000,00000,Balance of Brevard County,Florida,206469,206464,206636,206536
050,12,011,00000,00000,00000,Broward County,Florida,1748066,1748066,1752122,1780172
157,12,011,13275,00000,00000,Coconut Creek city,Florida,52909,52936,53061,53915
157,12,011,14125,00000,00000,Cooper City city,Florida,28547,28547,28614,29076
157,12,011,14400,00000,00000,Coral Springs city,Florida,121096,121098,121382,123338
157,12,011,16335,00000,00000,Dania Beach city,Florida,29639,29639,29709,30183
157,12,011,16475,00000,00000,Davie town,Florida,91992,91992,92205,93674
157,12,011,16725,00000,00000,Deerfield Beach city,Florida,75018,75018,75191,76389
157,12,011,24000,00000,00000,Fort Lauderdale city,Florida,165521,165521,165900,168528
157,12,011,28452,00000,00000,Hallandale Beach city,Florida,37113,37113,37200,37800
157,12,011,30850,00000,00000,Hillsboro Beach town,Florida,1875,1875,1879,1910
157,12,011,32000,00000,00000,Hollywood city,Florida,140768,140768,141095,143357
157,12,011,39475,00000,00000,Lauderdale-by-the-Sea town,Florida,6056,6056,6070,6168
157,12,011,39525,00000,00000,Lauderdale Lakes city,Florida,32593,32593,32667,33191
157,12,011,39550,00000,00000,Lauderhill city,Florida,66887,66887,67042,68117
157,12,011,39750,00000,00000,Lazy Lake village,Florida,24,24,24,24
157,12,011,40450,00000,00000,Lighthouse Point city,Florida,10344,10344,10369,10536
157,12,011,43125,00000,00000,Margate city,Florida,53284,53284,53407,54270
157,12,011,45975,00000,00000,Miramar city,Florida,122041,122041,122327,124302
157,12,011,49425,00000,00000,North Lauderdale city,Florida,41023,41023,41118,41782
157,12,011,50575,00000,00000,Oakland Park city,Florida,41363,41363,41459,42126
157,12,011,55125,00000,00000,Parkland city,Florida,23962,23960,24017,24404
157,12,011,55750,00000,00000,Pembroke Park town,Florida,6102,6102,6116,6214
157,12,011,55775,00000,00000,Pembroke Pines city,Florida,154750,154750,155109,157594
157,12,011,57425,00000,00000,Plantation city,Florida,84955,84955,85154,86524
157,12,011,58050,00000,00000,Pompano Beach city,Florida,99845,99845,100070,101617
157,12,011,64725,00000,00000,Sea Ranch Lakes village,Florida,670,670,672,682
157,12,011,68135,00000,00000,Southwest Ranches town,Florida,7345,7345,7361,7480
157,12,011,69700,00000,00000,Sunrise city,Florida,84439,84439,84636,85995
157,12,011,70675,00000,00000,Tamarac city,Florida,60427,60427,60567,61542
157,12,011,76582,00000,00000,Weston city,Florida,65333,65333,65485,66544
157,12,011,76658,00000,00000,West Park city,Florida,14156,14156,14188,14417
157,12,011,78000,00000,00000,Wilton Manors city,Florida,11632,11632,11659,11843
157,12,011,99990,00000,00000,Balance of Broward County,Florida,16357,16330,16369,16630
050,12,013,00000,00000,00000,Calhoun County,Florida,14625,14625,14633,14750
157,12,013,01000,00000,00000,Altha town,Florida,536,536,537,541
157,12,013,06925,00000,00000,Blountstown city,Florida,2514,2501,2502,2523
157,12,013,99990,00000,00000,Balance of Calhoun County,Florida,11575,11588,11594,11686
050,12,015,00000,00000,00000,Charlotte County,Florida,159978,159978,160124,160511
157,12,015,59200,00000,00000,Punta Gorda city,Florida,16641,16641,16657,16697
157,12,015,99990,00000,00000,Balance of Charlotte County,Florida,143337,143337,143467,143814
050,12,017,00000,00000,00000,Citrus County,Florida,141236,141234,141277,140031
157,12,017,15775,00000,00000,Crystal River city,Florida,3108,3110,3111,3086
157,12,017,33950,00000,00000,Inverness city,Florida,7210,7210,7212,7152
157,12,017,99990,00000,00000,Balance of Citrus County,Florida,130918,130914,130954,129793
050,12,019,00000,00000,00000,Clay County,Florida,190865,190865,191436,192370
157,12,019,27400,00000,00000,Green Cove Springs city,Florida,6908,6908,6927,6958
157,12,019,36475,00000,00000,Keystone Heights city,Florida,1350,1350,1354,1362
157,12,019,52125,00000,00000,Orange Park town,Florida,8412,8412,8436,8476
157,12,019,55875,00000,00000,Penney Farms town,Florida,749,749,751,754
157,12,019,99990,00000,00000,Balance of Clay County,Florida,173446,173446,173968,174820
050,12,021,00000,00000,00000,Collier County,Florida,321520,321520,322739,328134
157,12,021,21425,00000,00000,Everglades city,Florida,400,400,402,408
157,12,021,43083,00000,00000,Marco Island city,Florida,16413,16413,16475,16756
157,12,021,47625,00000,00000,Naples city,Florida,19537,19537,19611,19939
157,12,021,99990,00000,00000,Balance of Collier County,Florida,285170,285170,286251,291031
050,12,023,00000,00000,00000,Columbia County,Florida,67531,67532,67617,67485
157,12,023,24500,00000,00000,Fort White town,Florida,567,567,567,566
157,12,023,37775,00000,00000,Lake City city,Florida,12046,12034,12050,12026
157,12,023,99990,00000,00000,Balance of Columbia County,Florida,54918,54931,55000,54893
050,12,027,00000,00000,00000,DeSoto County,Florida,34862,34862,34950,34894
157,12,027,01750,00000,00000,Arcadia city,Florida,7637,7637,7657,7643
157,12,027,99990,00000,00000,Balance of DeSoto County,Florida,27225,27225,27293,27251
050,12,029,00000,00000,00000,Dixie County,Florida,16422,16422,16401,16486
157,12,029,15575,00000,00000,Cross City town,Florida,1728,1728,1726,1735
157,12,029,32650,00000,00000,Horseshoe Beach town,Florida,169,169,169,170
157,12,029,99990,00000,00000,Balance of Dixie County,Florida,14525,14525,14506,14581
050,12,031,00000,00000,00000,Duval County,Florida,864263,864263,865420,870709
157,12,031,02400,00000,00000,Atlantic Beach city,Florida,12655,12655,12672,12751
157,12,031,03250,00000,00000,Baldwin town,Florida,1425,1425,1426,1437
157,12,031,35000,00000,00000,Jacksonville city,Florida,821784,821784,822883,827908
157,12,031,35050,00000,00000,Jacksonville Beach city,Florida,21362,21362,21392,21523
157,12,031,48100,00000,00000,Neptune Beach city,Florida,7037,7037,7047,7090
050,12,033,00000,00000,00000,Escambia County,Florida,297619,297619,297964,299114
157,12,033,11362,00000,00000,Century town,Florida,1698,1698,1700,1706
157,12,033,55925,00000,00000,Pensacola city,Florida,51923,51923,51986,52197
157,12,033,99990,00000,00000,Balance of Escambia County,Florida,243998,243998,244278,245211
050,12,035,00000,00000,00000,Flagler County,Florida,95696,95696,96019,97376
157,12,035,06100,00000,00000,Beverly Beach town,Florida,338,338,339,344
157,12,035,09550,00000,00000,Bunnell city,Florida,2676,2676,2685,2717
157,12,035,22550,00000,00000,Flagler Beach city (pt.),Florida,4424,4424,4440,4503
157,12,035,43250,00000,00000,Marineland town (pt.),Florida,16,16,16,16
157,12,035,54200,00000,00000,Palm Coast city,Florida,75180,75176,75430,76499
157,12,035,99990,00000,00000,Balance of Flagler County,Florida,13062,13066,13109,13297
050,12,037,00000,00000,00000,Franklin County,Florida,11549,11549,11568,11596
157,12,037,01625,00000,00000,Apalachicola city,Florida,2231,2231,2236,2242
157,12,037,10725,00000,00000,Carrabelle city,Florida,2778,2778,2780,2785
157,12,037,99990,00000,00000,Balance of Franklin County,Florida,6540,6540,6552,6569
050,12,039,00000,00000,00000,Gadsden County,Florida,46389,46389,46422,46151
157,12,039,11800,00000,00000,Chattahoochee city,Florida,3652,3648,3650,3636
157,12,039,27550,00000,00000,Greensboro town,Florida,602,645,645,642
157,12,039,27650,00000,00000,Gretna city,Florida,1460,1459,1459,1452
157,12,039,29150,00000,00000,Havana town,Florida,1754,1753,1754,1743
157,12,039,45425,00000,00000,Midway city,Florida,3004,3004,3007,2987
157,12,039,59325,00000,00000,Quincy city,Florida,7972,7973,7979,7933
157,12,039,99990,00000,00000,Balance of Gadsden County,Florida,27945,29264,29285,29115
050,12,041,00000,00000,00000,Gilchrist County,Florida,16939,16939,16977,17004
157,12,041,04975,00000,00000,Bell town,Florida,456,456,459,459
157,12,041,21850,00000,00000,Fanning Springs city (pt.),Florida,278,278,278,279
157,12,041,72350,00000,00000,Trenton city,Florida,1999,1999,2003,2005
157,12,041,99990,00000,00000,Balance of Gilchrist County,Florida,14206,14206,14237,14261
050,12,043,00000,00000,00000,Glades County,Florida,12884,12884,12839,12635
157,12,043,46550,00000,00000,Moore Haven city,Florida,1680,1680,1674,1643
157,12,043,99990,00000,00000,Balance of Glades County,Florida,11204,11204,11165,10992
050,12,045,00000,00000,00000,Gulf County,Florida,15863,15863,15856,15844
157,12,045,58675,00000,00000,Port St. Joe city,Florida,3445,3445,3444,3440
157,12,045,77100,00000,00000,Wewahitchka city,Florida,1981,1981,1980,1977
157,12,045,99990,00000,00000,Balance of Gulf County,Florida,10437,10437,10432,10427
050,12,047,00000,00000,00000,Hamilton County,Florida,14799,14799,14736,14671
157,12,047,35375,00000,00000,Jasper city,Florida,4546,4546,4537,4528
157,12,047,35525,00000,00000,Jennings town,Florida,878,878,875,869
157,12,047,77400,00000,00000,White Springs town,Florida,777,777,773,769
157,12,047,99990,00000,00000,Balance of Hamilton County,Florida,8598,8598,8551,8505
050,12,049,00000,00000,00000,Hardee County,Florida,27731,27731,27809,27887
157,12,049,07775,00000,00000,Bowling Green city,Florida,2930,2930,2938,2947
157,12,049,75375,00000,00000,Wauchula city,Florida,5001,5023,5036,5053
157,12,049,79250,00000,00000,Zolfo Springs town,Florida,1827,1827,1834,1839
157,12,049,99990,00000,00000,Balance of Hardee County,Florida,17973,17951,18001,18048
050,12,051,00000,00000,00000,Hendry County,Florida,39140,39140,39139,39089
157,12,051,13000,00000,00000,Clewiston city,Florida,7155,7155,7156,7146
157,12,051,37225,00000,00000,LaBelle city,Florida,4640,4659,4658,4653
157,12,051,99990,00000,00000,Balance of Hendry County,Florida,27345,27326,27325,27290
050,12,053,00000,00000,00000,Hernando County,Florida,172778,172778,173022,173094
157,12,053,08800,00000,00000,Brooksville city,Florida,7719,7721,7732,7735
157,12,053,75625,00000,00000,Weeki Wachee city,Florida,12,12,12,12
157,12,053,99990,00000,00000,Balance of Hernando County,Florida,165047,165045,165278,165347
050,12,055,00000,00000,00000,Highlands County,Florida,98786,98786,98750,98630
157,12,055,02750,00000,00000,Avon Park city,Florida,8836,8838,8834,8825
157,12,055,38625,00000,00000,Lake Placid town,Florida,2223,2223,2223,2219
157,12,055,64875,00000,00000,Sebring city,Florida,10491,10489,10486,10474
157,12,055,99990,00000,00000,Balance of Highlands County,Florida,77236,77236,77207,77112
050,12,057,00000,00000,00000,Hillsborough County,Florida,1229226,1229226,1233373,1267775
157,12,057,57550,00000,00000,Plant City city,Florida,34721,34714,34833,35817
157,12,057,71000,00000,00000,Tampa city,Florida,335709,335709,336820,346037
157,12,057,71400,00000,00000,Temple Terrace city,Florida,24541,24543,24625,25314
157,12,057,99990,00000,00000,Balance of Hillsborough County,Florida,834255,834260,837095,860607
050,12,059,00000,00000,00000,Holmes County,Florida,19927,19927,19864,19873
157,12,059,07450,00000,00000,Bonifay city,Florida,2793,2804,2794,2796
157,12,059,21250,00000,00000,Esto town,Florida,364,364,363,362
157,12,059,48900,00000,00000,Noma town,Florida,211,211,210,210
157,12,059,58175,00000,00000,Ponce de Leon town,Florida,598,598,596,598
157,12,059,76975,00000,00000,Westville town,Florida,289,289,288,288
157,12,059,99990,00000,00000,Balance of Holmes County,Florida,15672,15661,15613,15619
050,12,061,00000,00000,00000,Indian River County,Florida,138028,138028,138268,138894
157,12,061,22100,00000,00000,Fellsmere city,Florida,5197,5197,5207,5229
157,12,061,33600,00000,00000,Indian River Shores town,Florida,3901,3899,3906,3924
157,12,061,52175,00000,00000,Orchid town,Florida,415,415,416,418
157,12,061,64825,00000,00000,Sebastian city,Florida,21929,21929,21967,22067
157,12,061,74150,00000,00000,Vero Beach city,Florida,15220,15222,15248,15318
157,12,061,99990,00000,00000,Balance of Indian River County,Florida,91366,91366,91524,91938
050,12,063,00000,00000,00000,Jackson County,Florida,49746,49746,49687,49292
157,12,063,00625,00000,00000,Alford town,Florida,489,489,488,483
157,12,063,03725,00000,00000,Bascom town,Florida,121,121,121,120
157,12,063,09900,00000,00000,Campbellton town,Florida,230,230,230,227
157,12,063,14850,00000,00000,Cottondale town,Florida,933,933,931,923
157,12,063,27000,00000,00000,Graceville city,Florida,2278,2278,2275,2258
157,12,063,27175,00000,00000,Grand Ridge town,Florida,892,895,894,885
157,12,063,27600,00000,00000,Greenwood town,Florida,686,686,685,678
157,12,063,35200,00000,00000,Jacob City city,Florida,250,250,250,247
157,12,063,42650,00000,00000,Malone town,Florida,2088,2088,2087,2081
157,12,063,43175,00000,00000,Marianna city,Florida,6102,6103,6095,6043
157,12,063,66725,00000,00000,Sneads town,Florida,1849,1849,1846,1830
157,12,063,99990,00000,00000,Balance of Jackson County,Florida,33828,33824,33785,33517
050,12,065,00000,00000,00000,Jefferson County,Florida,14761,14761,14761,14658
157,12,065,46500,00000,00000,Monticello city,Florida,2506,2506,2505,2487
157,12,065,99990,00000,00000,Balance of Jefferson County,Florida,12255,12255,12256,12171
050,12,067,00000,00000,00000,Lafayette County,Florida,8870,8870,8894,8942
157,12,067,43575,00000,00000,Mayo town,Florida,1237,1232,1237,1243
157,12,067,99990,00000,00000,Balance of Lafayette County,Florida,7633,7638,7657,7699
050,12,069,00000,00000,00000,Lake County,Florida,297052,297052,297875,301019
157,12,069,02250,00000,00000,Astatula town,Florida,1810,1810,1814,1836
157,12,069,12925,00000,00000,Clermont city,Florida,28742,28740,28819,29126
157,12,069,21350,00000,00000,Eustis city,Florida,18558,18558,18610,18805
157,12,069,24975,00000,00000,Fruitland Park city,Florida,4078,4078,4090,4132
157,12,069,27800,00000,00000,Groveland city,Florida,8729,8729,8752,8846
157,12,069,32775,00000,00000,Howey-in-the-Hills town,Florida,1098,1103,1106,1118
157,12,069,37375,00000,00000,Lady Lake town,Florida,13926,13926,13965,14111
157,12,069,39875,00000,00000,Leesburg city,Florida,20117,20125,20179,20390
157,12,069,43425,00000,00000,Mascotte city,Florida,5101,5105,5120,5175
157,12,069,45900,00000,00000,Minneola city,Florida,9403,9403,9431,9531
157,12,069,46525,00000,00000,Montverde town,Florida,1463,1463,1467,1482
157,12,069,47050,00000,00000,Mount Dora city,Florida,12370,12370,12404,12534
157,12,069,71225,00000,00000,Tavares city,Florida,13951,13957,13993,14133
157,12,069,73025,00000,00000,Umatilla city,Florida,3456,3456,3466,3503
157,12,069,99990,00000,00000,Balance of Lake County,Florida,154250,154229,154659,156297
050,12,071,00000,00000,00000,Lee County,Florida,618754,618754,620450,631330
157,12,071,07525,00000,00000,Bonita Springs city,Florida,43914,43914,44036,44816
157,12,071,10275,00000,00000,Cape Coral city,Florida,154305,154305,154734,157476
157,12,071,24125,00000,00000,Fort Myers city,Florida,62298,62296,62460,63512
157,12,071,24150,00000,00000,Fort Myers Beach town,Florida,6277,6277,6294,6406
157,12,071,63700,00000,00000,Sanibel city,Florida,6469,6469,6487,6602
157,12,071,99990,00000,00000,Balance of Lee County,Florida,345491,345493,346439,352518
050,12,073,00000,00000,00000,Leon County,Florida,275487,275487,275876,277971
157,12,073,70600,00000,00000,Tallahassee city,Florida,181376,181376,181626,182965
157,12,073,99990,00000,00000,Balance of Leon County,Florida,94111,94111,94250,95006
050,12,075,00000,00000,00000,Levy County,Florida,40801,40801,40730,40156
157,12,075,08700,00000,00000,Bronson town,Florida,1113,1113,1111,1096
157,12,075,11225,00000,00000,Cedar Key city,Florida,702,705,703,693
157,12,075,11925,00000,00000,Chiefland city,Florida,2245,2245,2240,2209
157,12,075,21850,00000,00000,Fanning Springs city (pt.),Florida,486,486,486,479
157,12,075,33800,00000,00000,Inglis town,Florida,1325,1325,1323,1304
157,12,075,53500,00000,00000,Otter Creek town,Florida,134,134,134,132
157,12,075,77825,00000,00000,Williston city,Florida,2768,2768,2764,2726
157,12,075,78925,00000,00000,Yankeetown town,Florida,502,502,501,494
157,12,075,99990,00000,00000,Balance of Levy County,Florida,31526,31523,31468,31023
050,12,077,00000,00000,00000,Liberty County,Florida,8365,8365,8357,8314
157,12,077,08600,00000,00000,Bristol city,Florida,996,995,994,989
157,12,077,99990,00000,00000,Balance of Liberty County,Florida,7369,7370,7363,7325
050,12,079,00000,00000,00000,Madison County,Florida,19224,19226,19234,19115
157,12,079,27575,00000,00000,Greenville town,Florida,843,835,835,830
157,12,079,39850,00000,00000,Lee town,Florida,352,352,352,349
157,12,079,42425,00000,00000,Madison city,Florida,2843,2843,2845,2826
157,12,079,99990,00000,00000,Balance of Madison County,Florida,15186,15196,15202,15110
050,12,081,00000,00000,00000,Manatee County,Florida,322833,322833,323453,327142
157,12,081,01475,00000,00000,Anna Maria city,Florida,1503,1503,1506,1524
157,12,081,07950,00000,00000,Bradenton city,Florida,49546,49546,49639,50193
157,12,081,07975,00000,00000,Bradenton Beach city,Florida,1171,1171,1173,1187
157,12,081,32150,00000,00000,Holmes Beach city,Florida,3836,3836,3844,3888
157,12,081,41150,00000,00000,Longboat Key town (pt.),Florida,2398,2398,2403,2430
157,12,081,54250,00000,00000,Palmetto city,Florida,12606,12606,12629,12774
157,12,081,99990,00000,00000,Balance of Manatee County,Florida,251773,251773,252259,255146
050,12,083,00000,00000,00000,Marion County,Florida,331298,331298,331407,332529
157,12,083,05375,00000,00000,Belleview city,Florida,4492,4492,4494,4509
157,12,083,18675,00000,00000,Dunnellon city,Florida,1733,1733,1734,1740
157,12,083,42150,00000,00000,McIntosh town,Florida,452,450,450,452
157,12,083,50750,00000,00000,Ocala city,Florida,56315,56315,56333,56517
157,12,083,59675,00000,00000,Reddick town,Florida,506,506,506,508
157,12,083,99990,00000,00000,Balance of Marion County,Florida,267800,267802,267890,268803
050,12,085,00000,00000,00000,Martin County,Florida,146318,146318,146488,147495
157,12,085,35925,00000,00000,Jupiter Island town,Florida,817,817,817,823
157,12,085,50900,00000,00000,Ocean Breeze Park town,Florida,355,355,355,358
157,12,085,65225,00000,00000,Sewall's Point town,Florida,1996,1996,2000,2013
157,12,085,68875,00000,00000,Stuart city,Florida,15593,15593,15612,15718
157,12,085,99990,00000,00000,Balance of Martin County,Florida,127557,127557,127704,128583
050,12,086,00000,00000,00000,Miami-Dade County,Florida,2496435,2496435,2503034,2554766
157,12,086,02681,00000,00000,Aventura city,Florida,35762,35762,35858,36610
157,12,086,03275,00000,00000,Bal Harbour village,Florida,2513,2514,2521,2574
157,12,086,03975,00000,00000,Bay Harbor Islands town,Florida,5628,5628,5644,5762
157,12,086,06600,00000,00000,Biscayne Park village,Florida,3055,3055,3062,3126
157,12,086,14250,00000,00000,Coral Gables city,Florida,46780,46780,46894,47783
157,12,086,15968,00000,00000,Cutler Bay town,Florida,40286,40286,40392,41236
157,12,086,17935,00000,00000,Doral city,Florida,45704,45704,45827,46789
157,12,086,20650,00000,00000,El Portal village,Florida,2325,2325,2331,2380
157,12,086,22975,00000,00000,Florida City city,Florida,11245,11245,11275,11511
157,12,086,26250,00000,00000,Golden Beach town,Florida,919,919,921,940
157,12,086,30000,00000,00000,Hialeah city,Florida,224669,224669,225269,229969
157,12,086,30025,00000,00000,Hialeah Gardens city,Florida,21744,21744,21803,22257
157,12,086,32275,00000,00000,Homestead city,Florida,60512,60512,60673,61940
157,12,086,33425,00000,00000,Indian Creek village,Florida,86,86,86,88
157,12,086,36300,00000,00000,Key Biscayne village,Florida,12344,12344,12378,12637
157,12,086,43900,00000,00000,Medley town,Florida,838,838,840,857
157,12,086,45000,00000,00000,Miami city,Florida,399457,399457,400509,408750
157,12,086,45025,00000,00000,Miami Beach city,Florida,87779,87779,88012,89840
157,12,086,45060,00000,00000,Miami Gardens city,Florida,107167,107167,107452,109680
157,12,086,45100,00000,00000,Miami Lakes town,Florida,29361,29361,29439,30057
157,12,086,45175,00000,00000,Miami Shores village,Florida,10493,10493,10519,10720
157,12,086,45200,00000,00000,Miami Springs city,Florida,13809,13809,13845,14129
157,12,086,49225,00000,00000,North Bay Village city,Florida,7137,7137,7156,7305
157,12,086,49450,00000,00000,North Miami city,Florida,58786,58786,58939,60143
157,12,086,49475,00000,00000,North Miami Beach city,Florida,41523,41523,41635,42504
157,12,086,51650,00000,00000,Opa-locka city,Florida,15219,15219,15259,15579
157,12,086,54275,00000,00000,Palmetto Bay village,Florida,23410,23410,23473,23964
157,12,086,56625,00000,00000,Pinecrest village,Florida,18223,18223,18273,18657
157,12,086,67550,00000,00000,South Miami city,Florida,11657,11657,11688,11932
157,12,086,69555,00000,00000,Sunny Isles Beach city,Florida,20832,20832,20888,21327
157,12,086,70075,00000,00000,Surfside town,Florida,5744,5743,5759,5879
157,12,086,70345,00000,00000,Sweetwater city,Florida,13499,19952,20004,20424
157,12,086,74575,00000,00000,Virginia Gardens village,Florida,2375,2375,2381,2431
157,12,086,76525,00000,00000,West Miami city,Florida,5965,5965,5980,6105
157,12,086,99990,00000,00000,Balance of Miami-Dade County,Florida,1109589,1103136,1106049,1128881
050,12,087,00000,00000,00000,Monroe County,Florida,73090,73090,73204,73873
157,12,087,34132,00000,00000,"Islamorada, Village of Islands village",Florida,6119,6119,6128,6184
157,12,087,36325,00000,00000,Key Colony Beach city,Florida,797,797,798,806
157,12,087,36550,00000,00000,Key West city,Florida,24649,24649,24687,24909
157,12,087,39725,00000,00000,Layton city,Florida,184,184,185,186
157,12,087,43000,00000,00000,Marathon city,Florida,8297,8297,8310,8387
157,12,087,99990,00000,00000,Balance of Monroe County,Florida,33044,33044,33096,33401
050,12,089,00000,00000,00000,Nassau County,Florida,73314,73314,73505,74195
157,12,089,09700,00000,00000,Callahan town,Florida,1123,1123,1126,1136
157,12,089,22175,00000,00000,Fernandina Beach city,Florida,11487,11487,11517,11624
157,12,089,30750,00000,00000,Hilliard town,Florida,3086,3086,3094,3123
157,12,089,99990,00000,00000,Balance of Nassau County,Florida,57618,57618,57768,58312
050,12,091,00000,00000,00000,Okaloosa County,Florida,180822,180822,180801,183482
157,12,091,12325,00000,00000,Cinco Bayou town,Florida,383,383,383,389
157,12,091,15475,00000,00000,Crestview city,Florida,20978,20978,20976,21284
157,12,091,17325,00000,00000,Destin city,Florida,12305,12305,12303,12489
157,12,091,24475,00000,00000,Fort Walton Beach city,Florida,19507,19507,19505,19793
157,12,091,39650,00000,00000,Laurel Hill city,Florida,537,537,537,545
157,12,091,43375,00000,00000,Mary Esther city,Florida,3851,3851,3851,3910
157,12,091,48750,00000,00000,Niceville city,Florida,12749,12749,12748,12941
157,12,091,65425,00000,00000,Shalimar town,Florida,717,717,717,728
157,12,091,73675,00000,00000,Valparaiso city,Florida,5036,5036,5036,5094
157,12,091,99990,00000,00000,Balance of Okaloosa County,Florida,104759,104759,104745,106309
050,12,093,00000,00000,00000,Okeechobee County,Florida,39996,39996,40043,40140
157,12,093,51200,00000,00000,Okeechobee city,Florida,5621,5621,5629,5641
157,12,093,99990,00000,00000,Balance of Okeechobee County,Florida,34375,34375,34414,34499
050,12,095,00000,00000,00000,Orange County,Florida,1145956,1145956,1148787,1169107
157,12,095,01700,00000,00000,Apopka city,Florida,41542,41604,41709,42467
157,12,095,04150,00000,00000,Bay Lake city,Florida,47,47,47,48
157,12,095,05300,00000,00000,Belle Isle city,Florida,5988,5988,6004,6111
157,12,095,19650,00000,00000,Eatonville town,Florida,2159,2159,2163,2199
157,12,095,19900,00000,00000,Edgewood city,Florida,2503,2503,2509,2555
157,12,095,37625,00000,00000,Lake Buena Vista city,Florida,10,10,10,10
157,12,095,42575,00000,00000,Maitland city,Florida,15751,15751,15792,16076
157,12,095,50525,00000,00000,Oakland town,Florida,2538,2538,2545,2590
157,12,095,51075,00000,00000,Ocoee city,Florida,35579,35584,35674,36320
157,12,095,53000,00000,00000,Orlando city,Florida,238300,238304,238902,243195
157,12,095,78050,00000,00000,Windermere town,Florida,2462,2462,2469,2514
157,12,095,78250,00000,00000,Winter Garden city,Florida,34568,34577,34664,35287
157,12,095,78300,00000,00000,Winter Park city,Florida,27852,27852,27918,28398
157,12,095,99990,00000,00000,Balance of Orange County,Florida,736657,736577,738381,751337
050,12,097,00000,00000,00000,Osceola County,Florida,268685,268685,269742,276163
157,12,097,36950,00000,00000,Kissimmee city,Florida,59682,59682,59917,61346
157,12,097,62625,00000,00000,St. Cloud city,Florida,35183,35183,35322,36163
157,12,097,99990,00000,00000,Balance of Osceola County,Florida,173820,173820,174503,178654
050,12,099,00000,00000,00000,Palm Beach County,Florida,1320134,1320134,1322924,1335187
157,12,099,02500,00000,00000,Atlantis city,Florida,2005,2005,2009,2029
157,12,099,05200,00000,00000,Belle Glade city,Florida,17467,17467,17505,17667
157,12,099,07300,00000,00000,Boca Raton city,Florida,84392,84392,84566,85329
157,12,099,07875,00000,00000,Boynton Beach city,Florida,68217,68217,68361,68996
157,12,099,08575,00000,00000,Briny Breezes town,Florida,601,601,602,608
157,12,099,13050,00000,00000,Cloud Lake town,Florida,135,135,135,136
157,12,099,17100,00000,00000,Delray Beach city,Florida,60522,60522,60650,61209
157,12,099,26050,00000,00000,Glen Ridge town,Florida,219,219,219,220
157,12,099,26550,00000,00000,Golf village,Florida,252,252,252,255
157,12,099,27322,00000,00000,Greenacres city,Florida,37573,37573,37655,38009
157,12,099,28275,00000,00000,Gulf Stream town,Florida,786,786,788,795
157,12,099,29200,00000,00000,Haverhill town,Florida,1873,1873,1878,1896
157,12,099,30200,00000,00000,Highland Beach town,Florida,3539,3539,3547,3580
157,12,099,33150,00000,00000,Hypoluxo town,Florida,2588,2588,2593,2618
157,12,099,35850,00000,00000,Juno Beach town,Florida,3176,3176,3183,3213
157,12,099,35875,00000,00000,Jupiter town,Florida,55156,55276,55394,55911
157,12,099,35900,00000,00000,Jupiter Inlet Colony town,Florida,400,400,401,404
157,12,099,37800,00000,00000,Lake Clarke Shores town,Florida,3376,3376,3384,3415
157,12,099,38600,00000,00000,Lake Park town,Florida,8155,8155,8172,8248
157,12,099,39075,00000,00000,Lake Worth city,Florida,34910,34910,34984,35306
157,12,099,39375,00000,00000,Lantana town,Florida,10423,10423,10446,10543
157,12,099,41577,00000,00000,Loxahatchee Groves town,Florida,3180,3180,3186,3218
157,12,099,42700,00000,00000,Manalapan town,Florida,406,406,407,411
157,12,099,42900,00000,00000,Mangonia Park town,Florida,1888,1888,1893,1910
157,12,099,49600,00000,00000,North Palm Beach village,Florida,12015,12015,12040,12153
157,12,099,50950,00000,00000,Ocean Ridge town,Florida,1786,1786,1790,1806
157,12,099,53800,00000,00000,Pahokee city,Florida,5649,5649,5660,5712
157,12,099,54025,00000,00000,Palm Beach town,Florida,8348,8348,8366,8445
157,12,099,54075,00000,00000,Palm Beach Gardens city,Florida,48452,48452,48556,49010
157,12,099,54150,00000,00000,Palm Beach Shores town,Florida,1142,1142,1144,1155
157,12,099,54450,00000,00000,Palm Springs village,Florida,18928,18976,19016,19195
157,12,099,60975,00000,00000,Riviera Beach city,Florida,32488,32488,32556,32861
157,12,099,62100,00000,00000,Royal Palm Beach village,Florida,34140,34140,34213,34533
157,12,099,67175,00000,00000,South Bay city,Florida,4876,4876,4882,4911
157,12,099,67650,00000,00000,South Palm Beach town,Florida,1171,1171,1174,1185
157,12,099,71525,00000,00000,Tequesta village,Florida,5629,5629,5640,5693
157,12,099,75812,00000,00000,Wellington village,Florida,56508,56508,56629,57163
157,12,099,76600,00000,00000,West Palm Beach city,Florida,99919,99920,100128,101043
157,12,099,99990,00000,00000,Balance of Palm Beach County,Florida,587844,587675,588920,594396
050,12,101,00000,00000,00000,Pasco County,Florida,464697,464697,465536,466457
157,12,101,16125,00000,00000,Dade City city,Florida,6437,6437,6449,6461
157,12,101,48500,00000,00000,New Port Richey city,Florida,14911,14905,14932,14961
157,12,101,58600,00000,00000,Port Richey city,Florida,2671,2671,2675,2681
157,12,101,62775,00000,00000,St. Leo town,Florida,1340,1340,1340,1340
157,12,101,63375,00000,00000,San Antonio city,Florida,1138,1138,1140,1142
157,12,101,79225,00000,00000,Zephyrhills city,Florida,13288,13288,13312,13337
157,12,101,99990,00000,00000,Balance of Pasco County,Florida,424912,424918,425688,426535
050,12,103,00000,00000,00000,Pinellas County,Florida,916542,916542,916220,917398
157,12,103,05075,00000,00000,Belleair town,Florida,3869,3869,3867,3872
157,12,103,05100,00000,00000,Belleair Beach city,Florida,1560,1560,1559,1561
157,12,103,05125,00000,00000,Belleair Bluffs city,Florida,2031,2031,2030,2032
157,12,103,05150,00000,00000,Belleair Shore town,Florida,109,109,109,109
157,12,103,12875,00000,00000,Clearwater city,Florida,107685,107685,107648,107784
157,12,103,18575,00000,00000,Dunedin city,Florida,35321,35321,35308,35354
157,12,103,28175,00000,00000,Gulfport city,Florida,12029,12029,12026,12041
157,12,103,33625,00000,00000,Indian Rocks Beach city,Florida,4113,4113,4112,4117
157,12,103,33675,00000,00000,Indian Shores town,Florida,1420,1420,1420,1421
157,12,103,36175,00000,00000,Kenneth City town,Florida,4980,4980,4977,4984
157,12,103,39425,00000,00000,Largo city,Florida,77648,77649,77622,77723
157,12,103,42400,00000,00000,Madeira Beach city,Florida,4263,4263,4262,4267
157,12,103,49725,00000,00000,North Redington Beach town,Florida,1417,1417,1416,1418
157,12,103,51350,00000,00000,Oldsmar city,Florida,13591,13605,13600,13618
157,12,103,56975,00000,00000,Pinellas Park city,Florida,49079,49104,49087,49150
157,12,103,59725,00000,00000,Redington Beach town,Florida,1427,1427,1426,1428
157,12,103,59750,00000,00000,Redington Shores town,Florida,2121,2121,2120,2123
157,12,103,62425,00000,00000,Safety Harbor city,Florida,16884,16885,16880,16901
157,12,103,62885,00000,00000,St. Pete Beach city,Florida,9346,9346,9343,9355
157,12,103,63000,00000,00000,St. Petersburg city,Florida,244769,244769,244683,244997
157,12,103,64975,00000,00000,Seminole city,Florida,17233,17233,17227,17250
157,12,103,67675,00000,00000,South Pasadena city,Florida,4964,4964,4962,4968
157,12,103,71150,00000,00000,Tarpon Springs city,Florida,23484,23484,23477,23507
157,12,103,72325,00000,00000,Treasure Island city,Florida,6705,6705,6702,6711
157,12,103,99990,00000,00000,Balance of Pinellas County,Florida,270494,270453,270357,270707
050,12,105,00000,00000,00000,Polk County,Florida,602095,602095,602924,609492
157,12,105,02550,00000,00000,Auburndale city,Florida,13507,13507,13525,13675
157,12,105,03675,00000,00000,Bartow city,Florida,17298,17298,17321,17501
157,12,105,16450,00000,00000,Davenport city,Florida,2888,2895,2899,2931
157,12,105,18550,00000,00000,Dundee town,Florida,3717,3717,3723,3764
157,12,105,18875,00000,00000,Eagle Lake city,Florida,2255,2255,2259,2283
157,12,105,24100,00000,00000,Fort Meade city,Florida,5626,5626,5632,5696
157,12,105,24900,00000,00000,Frostproof city,Florida,2992,2992,2997,3030
157,12,105,28400,00000,00000,Haines City city,Florida,20535,20552,20579,20807
157,12,105,30325,00000,00000,Highland Park village,Florida,230,230,230,233
157,12,105,30700,00000,00000,Hillcrest Heights town,Florida,254,254,254,257
157,12,105,37525,00000,00000,Lake Alfred city,Florida,5015,5015,5023,5077
157,12,105,37975,00000,00000,Lake Hamilton town,Florida,1231,1231,1233,1247
157,12,105,38250,00000,00000,Lakeland city,Florida,97422,97419,97551,98589
157,12,105,38950,00000,00000,Lake Wales city,Florida,14225,14225,14245,14399
157,12,105,47200,00000,00000,Mulberry city,Florida,3817,3818,3824,3867
157,12,105,57950,00000,00000,Polk City town,Florida,1562,1562,1564,1580
157,12,105,78275,00000,00000,Winter Haven city,Florida,33874,33874,33920,34291
157,12,105,99990,00000,00000,Balance of Polk County,Florida,375647,375625,376145,380265
050,12,107,00000,00000,00000,Putnam County,Florida,74364,74366,74283,74041
157,12,107,15375,00000,00000,Crescent City city,Florida,1577,1577,1576,1571
157,12,107,33900,00000,00000,Interlachen town,Florida,1403,1403,1401,1396
157,12,107,53875,00000,00000,Palatka city,Florida,10558,10558,10547,10514
157,12,107,58025,00000,00000,Pomona Park town,Florida,912,912,911,908
157,12,107,75750,00000,00000,Welaka town,Florida,701,701,700,698
157,12,107,99990,00000,00000,Balance of Putnam County,Florida,59213,59215,59148,58954
050,12,109,00000,00000,00000,St. Johns County,Florida,190039,190039,191242,195823
157,12,109,29100,00000,00000,Hastings town,Florida,580,580,584,598
157,12,109,43250,00000,00000,Marineland town (pt.),Florida,0,0,0,0
157,12,109,62500,00000,00000,St. Augustine city,Florida,12975,12975,13051,13336
157,12,109,62525,00000,00000,St. Augustine Beach city,Florida,6176,6176,6215,6366
157,12,109,99990,00000,00000,Balance of St. Johns County,Florida,170308,170308,171392,175523
050,12,111,00000,00000,00000,St. Lucie County,Florida,277789,277789,278732,280379
157,12,111,24300,00000,00000,Fort Pierce city,Florida,41590,41606,41746,41993
157,12,111,58715,00000,00000,Port St. Lucie city,Florida,164603,164603,165166,166149
157,12,111,62800,00000,00000,St. Lucie Village town,Florida,590,590,592,595
157,12,111,99990,00000,00000,Balance of St. Lucie County,Florida,71006,70990,71228,71642
050,12,113,00000,00000,00000,Santa Rosa County,Florida,151372,151372,152020,154104
157,12,113,28000,00000,00000,Gulf Breeze city,Florida,5763,5763,5788,5870
157,12,113,35425,00000,00000,Jay town,Florida,533,533,536,543
157,12,113,45750,00000,00000,Milton city,Florida,8826,8826,8864,8984
157,12,113,99990,00000,00000,Balance of Santa Rosa County,Florida,136250,136250,136832,138707
050,12,115,00000,00000,00000,Sarasota County,Florida,379448,379448,380043,382213
157,12,115,41150,00000,00000,Longboat Key town (pt.),Florida,4490,4490,4498,4523
157,12,115,49675,00000,00000,North Port city,Florida,57357,57357,57448,57780
157,12,115,64175,00000,00000,Sarasota city,Florida,51917,51983,52060,52341
157,12,115,73900,00000,00000,Venice city,Florida,20748,20748,20780,20897
157,12,115,99990,00000,00000,Balance of Sarasota County,Florida,244936,244870,245257,246672
050,12,117,00000,00000,00000,Seminole County,Florida,422718,422718,423211,425071
157,12,117,00950,00000,00000,Altamonte Springs city,Florida,41496,41496,41544,41727
157,12,117,11050,00000,00000,Casselberry city,Florida,26241,26241,26273,26387
157,12,117,38425,00000,00000,Lake Mary city,Florida,13822,13822,13837,13900
157,12,117,41250,00000,00000,Longwood city,Florida,13657,13657,13672,13732
157,12,117,53575,00000,00000,Oviedo city,Florida,33342,33342,33381,33528
157,12,117,63650,00000,00000,Sanford city,Florida,53570,53633,53695,53926
157,12,117,78325,00000,00000,Winter Springs city,Florida,33282,33282,33320,33468
157,12,117,99990,00000,00000,Balance of Seminole County,Florida,207308,207245,207489,208403
050,12,119,00000,00000,00000,Sumter County,Florida,93420,93420,94320,97756
157,12,119,09625,00000,00000,Bushnell city,Florida,2418,2418,2439,2524
157,12,119,11325,00000,00000,Center Hill city,Florida,988,988,998,1038
157,12,119,13400,00000,00000,Coleman city,Florida,703,694,702,731
157,12,119,75600,00000,00000,Webster city,Florida,785,785,794,825
157,12,119,77675,00000,00000,Wildwood city,Florida,6709,6709,6779,7043
157,12,119,99990,00000,00000,Balance of Sumter County,Florida,81817,81826,82608,85595
050,12,121,00000,00000,00000,Suwannee County,Florida,41551,41551,41536,41972
157,12,121,08175,00000,00000,Branford town,Florida,712,712,712,720
157,12,121,40875,00000,00000,Live Oak city,Florida,6850,6850,6848,6918
157,12,121,99990,00000,00000,Balance of Suwannee County,Florida,33989,33989,33976,34334
050,12,123,00000,00000,00000,Taylor County,Florida,22570,22568,22575,22691
157,12,123,56150,00000,00000,Perry city,Florida,7017,6987,6990,7030
157,12,123,99990,00000,00000,Balance of Taylor County,Florida,15553,15581,15585,15661
050,12,125,00000,00000,00000,Union County,Florida,15535,15535,15553,15388
157,12,125,37650,00000,00000,Lake Butler city,Florida,1897,1897,1899,1871
157,12,125,59400,00000,00000,Raiford town,Florida,255,255,255,251
157,12,125,78775,00000,00000,Worthington Springs town,Florida,181,181,181,178
157,12,125,99990,00000,00000,Balance of Union County,Florida,13202,13202,13218,13088
050,12,127,00000,00000,00000,Volusia County,Florida,494593,494597,494652,494804
157,12,127,16525,00000,00000,Daytona Beach city,Florida,61005,61005,61011,61028
157,12,127,16550,00000,00000,Daytona Beach Shores city,Florida,4247,4251,4251,4253
157,12,127,16675,00000,00000,DeBary city,Florida,19320,19315,19316,19324
157,12,127,16875,00000,00000,DeLand city,Florida,27031,27031,27033,27041
157,12,127,17200,00000,00000,Deltona city,Florida,85182,85182,85191,85219
157,12,127,19825,00000,00000,Edgewater city,Florida,20750,20753,20756,20761
157,12,127,22550,00000,00000,Flagler Beach city (pt.),Florida,60,60,60,60
157,12,127,31350,00000,00000,Holly Hill city,Florida,11659,11659,11660,11663
157,12,127,38025,00000,00000,Lake Helen city,Florida,2624,2624,2625,2625
157,12,127,48625,00000,00000,New Smyrna Beach city,Florida,22464,22471,22473,22481
157,12,127,50450,00000,00000,Oak Hill city,Florida,1792,1792,1793,1793
157,12,127,51825,00000,00000,Orange City city,Florida,10599,10719,10721,10724
157,12,127,53150,00000,00000,Ormond Beach city,Florida,38137,38137,38142,38153
157,12,127,56425,00000,00000,Pierson town,Florida,1736,1736,1735,1738
157,12,127,58200,00000,00000,Ponce Inlet town,Florida,3032,3032,3033,3034
157,12,127,58575,00000,00000,Port Orange city,Florida,56048,56505,56512,56529
157,12,127,67325,00000,00000,South Daytona city,Florida,12252,12252,12254,12258
157,12,127,99990,00000,00000,Balance of Volusia County,Florida,116655,116073,116086,116120
050,12,129,00000,00000,00000,Wakulla County,Florida,30776,30776,30856,30978
157,12,129,62825,00000,00000,St. Marks city,Florida,293,293,294,296
157,12,129,66925,00000,00000,Sopchoppy city,Florida,457,457,459,460
157,12,129,99990,00000,00000,Balance of Wakulla County,Florida,30026,30026,30103,30222
050,12,131,00000,00000,00000,Walton County,Florida,55043,55043,55300,55793
157,12,131,16800,00000,00000,DeFuniak Springs city,Florida,5177,5177,5202,5248
157,12,131,24825,00000,00000,Freeport city,Florida,1787,1787,1795,1812
157,12,131,55475,00000,00000,Paxton town,Florida,644,644,648,654
157,12,131,99990,00000,00000,Balance of Walton County,Florida,47435,47435,47655,48079
050,12,133,00000,00000,00000,Washington County,Florida,24896,24896,24910,24935
157,12,133,10975,00000,00000,Caryville town,Florida,411,411,411,412
157,12,133,11975,00000,00000,Chipley city,Florida,3605,3605,3607,3611
157,12,133,19725,00000,00000,Ebro town,Florida,270,270,270,271
157,12,133,74125,00000,00000,Vernon city,Florida,687,687,688,688
157,12,133,75450,00000,00000,Wausau town,Florida,383,383,383,383
157,12,133,99990,00000,00000,Balance of Washington County,Florida,19540,19540,19551,19570
