Saint Petersburg;246541;244769;0.7%;244769;5.4%;19.5%;15.7%;51.9%;68.7;23.9;0.3;3.2%;0.1;2.5%;6.6%;64.3%;83.7;10.2;11.7%;87.5%;27.8;23216;22;129401;63.2;36.2;$167,800;104491;2.29;$27,400;$44,510;15.3%;Saint Petersburg;25606;10.00%;0.10%;3.80%;S;5.30%;30.5%;1601190;806315;3261728;$13,305;451105;Saint Petersburg;61.74;3964.4;63000;Pinellas County
Cape Canaveral;9954;9945;0.1%;9912;2.9%;9.9%;25.7%;48.1%;92.9%;2.4%;0.3%;1.8%;0.1%;1.7%;5.7%;88.4%;74.8%;4.7%;9.1%;93.1%;32.0%;1610;21.3;8295;54.5%;76.1%;$203,800;5529;1.79;$33,986;$43,888;14.0%;Cape Canaveral;910;F;F;F;F;F;34.7%;NA;69246;68317;$6,693;27951;Cape Canaveral;2.33;4254.1;10250;Brevard County
Cocoa Beach;11260;11231;0.3%;11231;2.0%;11.1%;34.1%;50.0%;95.6%;0.8%;0.4%;1.5%;Z;1.2%;3.2%;93.1%;82.5%;7.0%;6.3%;95.7%;41.5%;1724;24;8866;70.8%;69.9%;$295,700;5890;1.95;$38,630;$53,951;8.1%;Cocoa Beach;1392;F;F;F;F;F;S;NA;6179;149421;$12,463;107924;Cocoa Beach;4.66;2411.6;13175;Brevard County
Melbourne;77048;76201;1.1%;76068;5.1%;18.3%;20.0%;51.5%;80.9%;10.3%;0.3%;3.1%;0.1%;3.1%;8.9%;75.1%;83.2%;9.5%;10.5%;89.5%;26.3%;10528;21.1;38955;62.7%;33.8%;$153,400;33354;2.21;$25,152;$42,089;14.4%;Melbourne;7547;5.2%;F;S;S;4.8%;27.2%;2784613;675698;1695416;$21,908;165764;Melbourne;33.86;2246.4;43975;Brevard County
Merritt Island;X;X;X;34743;4.2%;19.2%;20.8%;51.0%;88.7%;4.9%;0.5%;2.2%;0.1%;2.6%;6.1%;84.2%;87.3%;9.0%;9.4%;92.1%;30.8%;4862;24.5;17036;78.5%;20.4%;$215,700;14077;2.42;$33,511;$58,528;9.5%;Merritt Island;4147;S;F;3.8%;F;2.7%;21.5%;D;31627;850161;NA;82261;Merritt Island;17.51;1984;44275;Brevard County
Mims;X;X;X;7058;4.4%;19.1%;22.1%;50.4%;83.9%;12.4%;0.4%;0.7%;Z;1.8%;3.1%;82.0%;90.5%;4.1%;4.4%;85.5%;13.9%;1292;27.7;3530;84.4%;1.8%;$130,900;2806;2.5;$24,282;$47,161;10.7%;Mims;520;F;F;F;F;F;S;NA;D;18070;NA;2336;Mims;17.05;414.1;45775;Brevard County
Palm Bay;104124;103190;0.9%;103190;6.2%;23.9%;15.3%;51.7%;72.9%;17.9%;0.5%;1.8%;0.1%;3.6%;14.1%;63.9%;84.2%;14.5%;15.5%;86.4%;17.1%;9733;26.2;45220;77.0%;12.6%;$138,600;36733;2.76;$20,932;$44,768;13.4%;Palm Bay;8020;14.6%;S;2.5%;F;12.7%;33.3%;2894826;122071;719128;$7,228;70427;Palm Bay;65.7;1570.6;54000;Brevard County
Cocoa;17217;17137;0.5%;17140;7.8%;23.0%;16.8%;52.3%;59.2%;31.3%;0.5%;1.1%;0.3%;2.8%;11.3%;54.2%;84.5%;10.5%;12.2%;84.3%;14.9%;2023;22.5;8603;59.2%;32.6%;$128,500;7580;2.27;$21,405;$33,411;26.8%;Cocoa;1935;14.5%;F;S;F;3.2%;S;188041;67871;444590;$26,760;24252;Cocoa;13.32;1287;13150;Brevard County
Palm Bay;104124;103190;0.9%;103190;6.2%;23.9%;15.3%;51.7%;72.9%;17.9%;0.5%;1.8%;0.1%;3.6%;14.1%;63.9%;84.2%;14.5%;15.5%;86.4%;17.1%;9733;26.2;45220;77.0%;12.6%;$138,600;36733;2.76;$20,932;$44,768;13.4%;Palm Bay;8020;14.6%;S;2.5%;F;12.7%;33.3%;2894826;122071;719128;$7,228;70427;Palm Bay;65.7;1570.6;54000;Brevard County
Rockledge;25413;24926;2.0%;24926;5.3%;20.9%;17.6%;52.1%;78.7%;14.5%;0.3%;2.4%;0.1%;2.6%;6.4%;74.5%;89.3%;6.6%;7.3%;93.4%;30.8%;3409;23.8;11240;80.1%;18.5%;$173,900;9500;2.57;$29,640;$57,835;5.9%;Rockledge;2610;S;F;S;F;S;S;208203;98018;170540;$6,954;18235;Rockledge;11.95;2086.7;61500;Brevard County
Satellite Beach;10249;10109;1.4%;10109;4.2%;20.6%;20.3%;51.4%;92.9%;2.0%;0.3%;1.8%;Z;2.2%;5.8%;88.5%;83.0%;6.5%;7.8%;96.7%;41.6%;1583;23;4953;77.1%;22.5%;$238,000;4242;2.45;$31,552;$60,870;5.2%;Satellite Beach;1022;F;F;F;F;S;S;NA;D;57868;$4,930;10276;Satellite Beach;2.92;3463.2;64400;Brevard County
Sebastian;22364;21929;2.0%;21929;4.2%;18.3%;26.3%;52.4%;90.5%;5.3%;0.2%;1.1%;Z;1.6%;7.0%;85.3%;87.2%;6.6%;10.6%;89.4%;15.5%;3001;23.5;10815;82.9%;6.7%;$167,300;9117;2.37;$24,135;$44,235;8.7%;Sebastian;2048;S;F;F;F;S;32.3%;NA;15494;235579;$11,509;32035;Sebastian;13.66;1604.9;64825;Indian River County
Titusville;43940;43761;0.4%;43761;5.7%;20.5%;20.5%;51.9%;80.8%;13.5%;0.5%;1.4%;0.1%;2.5%;6.5%;76.4%;79.0%;6.0%;7.8%;88.2%;19.2%;6268;24.3;22729;69.7%;29.4%;$140,700;17755;2.44;$24,478;$44,148;13.9%;Titusville;3327;4.6%;1.2%;S;F;S;S;NA;108632;613117;$14,017;89194;Titusville;29.37;1489.9;71900;Brevard County
Gainesville;126047;124364;1.4%;124354;4.4%;13.4%;8.3%;51.6%;64.9%;23.0%;0.3%;6.9%;0.1%;2.9%;10.0%;57.8%;64.1%;12.3%;16.3%;89.7%;43.4%;6539;16.2;57576;38.5%;55.3%;$164,500;48385;2.25;$19,100;$30,952;35.0%;Gainesville;10980;8.4%;S;3.7%;F;6.9%;30.8%;589201;1089190;2168390;$18,795;314963;Gainesville;61.31;2028.4;25175;Alachua County
High Springs;5494;5344;2.80%;5350;6.30%;23.80%;14.30%;51.60%;82.20%;13.80%;0.50%;0.70%;0.10%;1.80%;6.60%;76.90%;87.00%;3.00%;7.20%;90.40%;25.60%;427;26.4;2361;86.50%;3.10%;$161,800 ;1762;2.97;$23,340 ;$56,628 ;16.50%;High Springs;F;F;F;F;F;F;F;NA;NA;NA;NA;NA;High Springs;21.95;243.7;30525;Alachua County
Alachua;9272;9063;2.3%;9059;6.9%;24.7%;13.4%;53.3%;72.0%;21.4%;0.4%;2.2%;Z;2.2%;6.9%;67.3%;88.8%;10.6%;11.3%;93.8%;31.6%;767;23.7;4037;78.3%;12.0%;$214,100;3773;2.35;$30,324;$62,730;13.4%;Alachua;1007;S;F;S;F;S;22.7%;D;165814;108645;$11,784;17224;Alachua;34.75;260.7;375;Alachua County
Macclenny;6391;6372;0.3%;6374;9.5%;28.9%;12.2%;51.7%;78.0%;17.9%;0.5%;0.7%;Z;2.2%;2.5%;76.5%;83.1%;1.4%;2.2%;83.0%;5.8%;493;25;2335;59.8%;17.3%;$126,600;2255;2.59;$16,620;$31,810;19.9%;Macclenny;902;F;F;F;F;S;25.5%;NA;D;161347;$28,212;17391;Macclenny;4.74;1345.6;41950;Baker County
Lynn Haven;18974;18493;2.6%;18493;6.7%;25.2%;12.5%;52.6%;83.2%;10.0%;0.6%;2.4%;0.1%;2.9%;4.1%;80.5%;74.8%;4.8%;6.6%;89.7%;32.2%;2113;20.3;8266;65.7%;20.3%;$203,900;7082;2.54;$26,351;$57,122;9.0%;Lynn Haven;1214;S;F;S;F;S;34.8%;NA;76722;86423;$5,704;17982;Lynn Haven;10.37;1783.5;41825;Bay County
Panama City Beach;11814;11555;2.2%;12018;4.6%;18.0%;15.5%;50.1%;89.5%;2.3%;0.6%;2.7%;Z;3.1%;5.8%;86.0%;79.9%;10.3%;9.3%;91.0%;21.8%;1247;17.4;17141;57.2%;70.7%;$248,100;5340;2.18;$30,640;$50,412;10.5%;Panama City Beach;1710;F;F;F;F;S;S;NA;52834;306601;$21,447;192729;Panama City Beach;18.4;653.3;54725;Bay County
Panama City;36167;35505;1.9%;36484;6.2%;20.7%;16.3%;50.9%;71.6%;22.0%;0.5%;1.6%;0.1%;2.9%;5.1%;68.6%;75.5%;6.0%;9.1%;85.7%;19.8%;4207;18.3;17438;54.2%;30.1%;$151,200;15399;2.27;$22,613;$41,067;16.8%;Panama City;4873;S;F;S;0.9%;2.9%;S;862426;275134;1327783;$36,281;133651;Panama City;29.28;1246;54700;Bay County
Starke;5405;5446;-0.8%;5449;8.0%;23.6%;18.9%;53.1%;65.8%;29.2%;0.3%;1.1%;Z;2.6%;3.8%;63.3%;89.9%;2.6%;2.8%;75.7%;10.3%;618;22;2492;63.7%;19.1%;$109,200;2106;2.48;$17,621;$35,909;27.7%;Starke;1081;S;F;F;F;S;S;NA;12550;186270;$31,673;D;Starke;7.21;755.5;68525;Bradford County
Dania;30574;29639;3.2%;29639;5.9%;18.8%;14.8%;50.7%;69.6%;21.8%;0.3%;2.1%;0.1%;2.6%;22.4%;52.6%;79.1%;28.5%;34.8%;87.0%;23.2%;2040;23.6;15671;56.3%;47.1%;$186,300;12291;2.38;$24,065;$44,608;16.8%;Dania Beach;3778;8.4%;F;S;F;16.9%;22.6%;131795;581280;564102;$20,005;106372;Dania Beach;8.09;3662.3;16335;Broward County
Deerfield Beach;77439;75018;3.2%;75018;5.6%;18.0%;21.5%;51.7%;65.8%;25.6%;0.2%;1.5%;Z;2.7%;14.2%;56.0%;82.1%;31.8%;41.4%;83.9%;21.6%;5984;23.9;42671;67.8%;63.0%;$149,200;32255;2.31;$24,019;$38,822;17.5%;Deerfield Beach;10031;8.0%;F;S;F;19.6%;28.3%;496904;10610897;1145855;$15,466;184327;Deerfield Beach;15.09;4972.4;16725;Broward County
Fort Lauderdale;170747;165504;3.2%;165521;5.2%;17.6%;15.3%;47.2%;62.6%;31.0%;0.3%;1.5%;0.1%;2.1%;13.7%;52.5%;79.0%;21.7%;25.7%;84.5%;32.7%;11347;24.5;93159;57.0%;57.6%;$291,600;71491;2.27;$36,220;$50,648;18.8%;Fort Lauderdale;30171;12.8%;S;2.1%;S;10.7%;25.2%;1068759;3213907;4715661;$25,869;1356246;Fort Lauderdale;34.77;4761.1;24000;Broward County
Hallandale;38327;37113;3.3%;37113;5.2%;15.4%;25.1%;52.5%;73.7%;18.7%;0.2%;1.4%;Z;2.6%;31.8%;47.7%;79.1%;44.3%;51.8%;82.5%;25.0%;2074;28.1;27057;60.8%;82.0%;$171,200;17782;2.07;$25,168;$34,645;20.6%;Hallandale Beach;5964;6.9%;S;S;F;S;26.8%;NA;208357;360923;$9,421;98239;Hallandale Beach;4.22;8805;28452;Broward County
Hollywood;145236;140769;3.2%;140768;5.9%;20.3%;15.1%;51.0%;72.7%;16.7%;0.4%;2.4%;0.1%;3.2%;32.6%;47.5%;83.0%;32.2%;43.0%;86.7%;28.3%;7861;27.3;71070;62.7%;49.6%;$222,800;56727;2.46;$26,676;$45,611;13.9%;Hollywood;21022;10.3%;S;3.0%;F;24.6%;30.4%;401250;1278585;1781695;$12,602;395055;Hollywood;27.37;5143.9;32000;Broward County
Pompano Beach;102984;99844;3.1%;99845;5.7%;18.3%;18.9%;49.0%;62.6%;28.9%;0.3%;1.3%;Z;2.4%;17.5%;50.6%;80.2%;25.2%;35.0%;80.3%;23.4%;7710;24.4;55885;60.3%;65.0%;$193,300;41641;2.33;$26,109;$39,943;20.7%;Pompano Beach;14476;S;S;3.0%;F;14.2%;22.9%;1562822;4374924;3787965;$37,151;197746;Pompano Beach;24;4159.9;58050;Broward County
Englewood;X;X;X;14863;1.8%;8.5%;47.3%;52.4%;97.1%;0.3%;0.2%;0.7%;Z;1.0%;2.5%;95.3%;86.8%;6.0%;5.1%;90.3%;19.4%;2897;22.4;10942;78.4%;10.0%;$144,400;7914;1.91;$26,069;$38,433;12.2%;Englewood;1807;F;F;F;F;F;S;NA;5897;284313;NA;20508;Englewood;9.79;1517.7;20825;Charlotte County
Port Charlotte;X;X;X;54392;4.3%;17.5%;27.2%;52.1%;84.8%;9.3%;0.3%;1.6%;0.1%;2.3%;8.7%;78.9%;85.4%;13.1%;14.2%;85.4%;17.2%;7402;23.4;29408;77.2%;12.1%;$144,300;23802;2.32;$22,707;$40,614;14.0%;Port Charlotte;3509;5.4%;S;S;F;S;22.6%;NA;41534;451544;NA;D;Port Charlotte;28.43;1913.3;58350;Charlotte County
Punta Gorda;16869;16641;1.4%;16641;2.3%;9.2%;47.9%;52.5%;93.3%;3.3%;0.2%;1.1%;Z;1.3%;4.5%;90.0%;88.0%;7.6%;11.8%;94.2%;35.9%;3196;20.2;11580;79.8%;35.0%;$313,400;8018;2.06;$43,677;$59,090;11.1%;Punta Gorda;2351;S;F;F;F;S;S;NA;29846;232870;$13,652;25101;Punta Gorda;15.01;1108.9;59200;Charlotte County
Rotonda West;X;X;X;8759;2.3%;10.3%;44.6%;52.2%;97.3%;1.0%;0.1%;0.7%;0.0%;0.5%;1.9%;95.8%;85.6%;10.0%;6.8%;90.5%;22.1%;2188;24.4;6581;80.4%;30.4%;$211,600;4510;2.09;$27,022;$48,487;7.5%;Rotonda;550;F;F;F;F;F;S;NA;NA;D;D;602;Rotonda;10.64;823;61937;Charlotte County
Beverly Hills;X;X;X;8445;5.5%;17.8%;33.3%;55.0%;90.7%;3.5%;0.4%;1.2%;Z;2.6%;8.0%;85.3%;81.6%;8.7%;10.3%;82.2%;10.7%;1257;22.7;4986;69.2%;3.8%;$100,200;3917;2.03;$18,734;$29,853;21.4%;Beverly Hills;417;S;F;S;F;S;S;NA;D;20862;NA;D;Beverly Hills;2.96;2853;6125;Citrus County
Floral City;X;X;X;5217;4.0%;15.9%;30.2%;50.9%;96.2%;1.3%;0.5%;0.3%;Z;1.2%;3.2%;93.7%;90.5%;4.4%;2.5%;85.0%;13.2%;661;32.4;2912;88.5%;2.5%;$114,800;1956;2.5;$20,673;$39,798;15.1%;Floral City;F;F;F;F;F;F;F;NA;NA;NA;NA;NA;Floral City;23.34;223.6;22775;Citrus County
Inverness;7172;7272;-1.4%;7210;4.5%;16.5%;35.8%;55.8%;88.2%;5.9%;0.4%;1.7%;0.1%;2.2%;6.5%;83.7%;78.7%;4.1%;5.4%;82.2%;14.9%;1005;18;3974;68.7%;25.8%;$93,600;3381;2.04;$19,166;$27,515;18.5%;Inverness;1154;F;F;S;F;S;S;NA;D;277611;$38,562;29229;Inverness;7.6;948.6;33950;Citrus County
Hernando;X;X;X;9054;4.1%;14.9%;31.6%;50.0%;94.8%;2.2%;0.4%;0.5%;Z;1.4%;3.5%;92.5%;87.7%;2.0%;3.9%;84.0%;11.2%;1473;25.2;5425;82.4%;2.2%;$100,700;3805;2.38;$18,796;$33,792;24.2%;Hernando;633;F;F;F;F;S;S;NA;12684;42237;NA;D;Hernando;31.69;285.7;29425;Citrus County
Homosassa Springs;X;X;X;13791;4.6%;17.5%;25.2%;50.7%;95.6%;0.9%;0.4%;0.7%;Z;1.9%;3.6%;92.9%;88.5%;3.8%;5.1%;75.7%;6.9%;1852;25.4;7138;79.7%;3.3%;$86,900;6131;2.49;$17,499;$30,722;21.3%;Homosassa Springs;1070;F;F;F;F;F;40.4%;NA;D;221893;NA;4660;Homosassa Springs;25.14;548.7;32400;Citrus County
Orange Park;8466;8412;0.6%;8412;6.0%;20.1%;22.2%;52.4%;75.9%;14.8%;0.3%;3.2%;0.1%;3.4%;8.8%;70.9%;83.9%;11.7%;16.2%;89.7%;26.5%;1402;26.2;3880;60.0%;34.9%;$179,900;3563;2.26;$27,583;$46,922;13.7%;Orange Park;2064;3.7%;F;5.0%;F;5.6%;34.9%;NA;25025;123917;$13,761;31199;Orange Park;3.62;2321.2;52125;Clay County
Middleburg;X;X;X;13008;6.1%;24.9%;10.4%;49.7%;92.9%;3.1%;0.6%;0.7%;Z;1.8%;4.1%;90.2%;85.3%;2.1%;5.0%;81.8%;9.3%;1948;38.1;4891;85.5%;1.2%;$143,200;4414;2.96;$22,662;$54,762;10.5%;Middleburg;1131;S;F;S;F;S;28.7%;NA;507;230832;NA;7808;Middleburg;19.56;665.1;45350;Clay County
Green Cove Springs;6977;6908;1.0%;6908;6.3%;22.2%;16.2%;49.7%;74.8%;19.0%;0.4%;1.0%;0.2%;2.2%;7.0%;71.2%;81.2%;6.1%;9.3%;77.2%;16.6%;654;28.9;2815;66.7%;10.9%;$165,200;2333;2.71;$21,718;$41,723;19.0%;Green Cove Springs;815;S;F;S;F;F;30.4%;NA;69794;94065;$14,656;9585;Green Cove Springs;7.37;936.9;27400;Clay County
Fleming Island;X;X;X;27126;5.0%;27.3%;11.3%;51.0%;86.2%;5.2%;0.3%;4.1%;0.1%;2.7%;6.4%;82.0%;86.6%;6.0%;8.6%;96.7%;45.5%;3902;29.4;10440;82.9%;8.7%;$260,300;10033;2.91;$36,355;$89,815;3.4%;Fleming Island;F;F;F;F;F;F;F;NA;NA;NA;NA;NA;Fleming Island;15.83;1713.9;22660;Clay County
Immokalee;X;X;X;24154;10.7%;33.7%;5.4%;44.7%;43.2%;18.9%;1.0%;0.2%;0.2%;4.1%;75.6%;4.1%;87.4%;42.0%;80.0%;32.3%;3.6%;222;28.6;6816;44.4%;24.1%;$82,700;3957;4.93;$9,496;$22,378;43.9%;Immokalee;1320;13.7%;F;S;F;48.5%;S;NA;240331;90331;NA;18985;Immokalee;22.7;1064;33250;Collier County
Marco Island;16820;16413;2.5%;16413;2.0%;9.4%;46.7%;51.0%;95.9%;0.5%;0.1%;1.1%;Z;0.7%;7.1%;90.6%;89.4%;14.2%;15.0%;96.3%;41.0%;2423;18;17134;87.0%;60.7%;$547,100;7589;2.18;$53,485;$72,418;7.0%;Marco Island;2359;F;F;S;F;S;23.2%;NA;67075;189775;$12,119;169360;Marco Island;12.14;1352;43083;Collier County
Naples;20115;19537;3.0%;19537;2.1%;10.4%;48.5%;53.8%;93.3%;4.2%;0.1%;0.6%;Z;1.0%;4.5%;89.9%;86.9%;11.7%;9.5%;95.7%;49.2%;3165;18.1;17753;78.9%;63.5%;$805,700;9708;2.04;$82,316;$77,158;7.4%;Naples;10114;3.2%;F;1.3%;F;13.4%;25.6%;NA;119177;1541798;$70,363;367896;Naples;12.31;1587.6;47625;Collier County
Lake City;12099;12034;0.5%;12046;8.0%;25.2%;17.2%;52.4%;56.6%;37.3%;0.4%;1.6%;0.0%;2.7%;5.4%;53.6%;76.3%;3.8%;4.8%;79.2%;15.6%;1256;16.6;5539;48.1%;28.7%;$129,900;4530;2.52;$18,283;$30,812;22.8%;Lake City;3580;S;S;S;F;S;23.8%;327791;259783;738486;$59,589;99709;Lake City;12.02;1002.4;37775;Columbia County
Arcadia;7621;7626;-0.1%;7637;9.3%;29.5%;11.3%;49.2%;52.9%;25.2%;0.5%;0.7%;0.1%;2.6%;33.2%;40.1%;75.3%;24.7%;30.3%;72.5%;12.5%;379;21.2;2955;56.8%;23.2%;$114,200;2206;3.16;$15,392;$33,688;28.9%;Arcadia;894;S;F;F;F;S;22.9%;NA;16372;248727;$35,980;16238;Arcadia;4.08;1871.4;1750;DeSoto County
Atlantic Beach;12864;12655;1.7%;12655;4.9%;19.8%;17.4%;51.8%;82.5%;10.8%;0.5%;1.9%;0.1%;2.8%;5.4%;79.2%;85.6%;6.7%;8.0%;92.2%;43.7%;1466;26;6174;69.1%;20.6%;$346,400;5298;2.41;$39,661;$65,441;10.5%;Atlantic Beach;1993;S;S;S;F;S;29.2%;NA;30247;70353;$5,301;D;Atlantic Beach;3.49;3621.9;2400;Duval County
Jacksonville;836507;821784;1.8%;821784;7.0%;23.9%;10.9%;51.5%;59.4%;30.7%;0.4%;4.3%;0.1%;2.9%;7.7%;55.1%;80.5%;9.3%;13.1%;87.2%;24.2%;81180;23.5;366273;63.3%;28.4%;$166,400;311932;2.57;$25,716;$49,192;15.2%;Jacksonville;64114;15.2%;0.3%;5.1%;Z;6.5%;29.9%;11145304;17103950;12749715;$15,832;1568240;Jacksonville;747;1100.1;35000;Duval County
Jacksonville Beach;21682;21362;1.5%;21362;4.4%;14.8%;13.7%;49.4%;90.9%;3.9%;0.2%;1.7%;Z;2.2%;4.3%;87.9%;80.3%;5.1%;7.1%;92.0%;39.1%;2350;21.1;11882;56.7%;43.1%;$301,100;9641;2.21;$39,022;$61,445;9.1%;Jacksonville Beach;2665;S;F;S;F;2.2%;25.1%;NA;63978;411118;$18,837;D;Jacksonville Beach;7.33;2913.1;35050;Duval County
Neptune Beach;7112;7037;1.1%;7037;4.0%;16.7%;12.8%;49.0%;94.6%;1.2%;0.4%;1.0%;Z;2.1%;4.0%;91.9%;78.7%;3.3%;4.8%;96.6%;48.7%;755;22.9;3493;58.4%;27.1%;$339,000;3330;2.08;$45,221;$62,407;6.7%;Neptune Beach;880;F;F;F;F;F;S;NA;7612;81064;$11,819;10888;Neptune Beach;2.33;3017.6;48100;Duval County
Pensacola;52340;51923;0.8%;51923;5.5%;19.6%;17.6%;52.6%;66.3%;28.0%;0.6%;2.0%;0.1%;2.3%;3.3%;64.3%;82.5%;5.4%;7.2%;89.4%;33.9%;6177;18.1;26848;63.5%;27.8%;$165,800;23600;2.2;$30,556;$44,628;16.3%;Pensacola;7986;S;S;S;F;2.0%;28.1%;300526;472307;1160355;$21,499;208636;Pensacola;22.54;2303.5;55925;Escambia County
Palm Coast;77374;75197;2.9%;75180;5.4%;21.4%;23.0%;52.2%;79.9%;12.7%;0.3%;2.5%;0.1%;2.5%;10.0%;72.8%;86.7%;15.3%;17.4%;91.1%;21.2%;8310;24.8;35058;79.5%;5.1%;$197,000;27677;2.65;$22,929;$48,594;13.7%;Palm Coast;7096;S;F;S;F;5.8%;27.9%;D;37101;532450;$7,490;88362;Palm Coast;89.88;836.5;54200;Flagler County
Midway;X;X;X;16115;5.3%;22.7%;14.7%;50.6%;92.0%;2.0%;0.7%;1.9%;0.1%;2.4%;4.6%;88.9%;80.6%;5.1%;7.3%;93.0%;36.0%;1786;26.3;7342;75.6%;13.1%;$223,700;6313;2.56;$30,450;$60,908;9.5%;Midway ;F;F;F;F;F;F;F;NA;NA;NA;NA;NA;Midway ;12.01;1342.2;45465;Santa Rosa County
Quincy;7811;7978;-2.1%;7972;8.1%;26.3%;12.1%;50.8%;23.4%;64.4%;0.6%;0.7%;0.1%;1.4%;13.9%;20.0%;86.1%;5.3%;6.3%;75.7%;11.2%;697;25.3;3169;61.0%;11.1%;$94,100;3107;2.36;$15,420;$26,863;29.5%;Quincy;989;S;F;S;F;S;S;97256;230075;113774;$16,724;8891;Quincy;7.91;1008.3;59325;Gadsden County
Clermont;29421;28748;2.3%;28742;5.7%;23.5%;20.0%;52.7%;71.7%;14.4%;0.4%;4.2%;0.1%;3.8%;17.8%;60.5%;80.8%;14.4%;17.9%;92.4%;28.4%;2994;30.1;12730;74.5%;18.3%;$213,000;10728;2.54;$27,412;$56,291;8.1%;Clermont;3610;S;F;S;F;17.5%;35.2%;NA;34704;703166;$53,077;80679;Clermont;13.63;2108.4;12925;Lake County
Eustis;18899;18558;1.8%;18558;6.6%;23.4%;20.8%;52.9%;74.9%;17.4%;0.4%;1.2%;Z;2.4%;11.9%;67.9%;83.2%;8.4%;11.0%;85.9%;20.7%;2389;23.9;8871;68.1%;18.3%;$158,800;7523;2.45;$23,640;$45,170;14.4%;Eustis;1718;S;F;S;F;S;22.2%;NA;19449;221542;$11,679;31221;Eustis;10.5;1768.1;21350;Lake County
Groveland;9181;8729;5.2%;8729;7.9%;30.3%;10.1%;50.2%;65.6%;17.0%;1.0%;2.5%;0.1%;4.3%;25.9%;50.9%;81.8%;13.9%;19.0%;85.6%;17.2%;561;29.9;3369;78.9%;3.0%;$184,900;2623;3.14;$19,313;$53,178;12.8%;Groveland;827;S;F;S;F;S;27.2%;NA;D;54775;$7,787;4341;Groveland;14.98;582.6;27800;Lake County
Lady Lake;14098;13930;1.2%;13926;3.4%;10.9%;52.8%;54.3%;90.8%;5.1%;0.4%;1.1%;0.1%;1.3%;4.3%;88.2%;84.0%;7.5%;8.7%;87.3%;18.0%;3352;20;8865;75.1%;16.4%;$131,400;7183;1.95;$22,957;$35,625;8.1%;Lady Lake;1029;F;F;S;F;F;34.7%;NA;D;310899;$22,457;40159;Lady Lake;8.07;1725;37375;Lake County
Leesburg;20796;20361;2.1%;20117;7.6%;23.2%;22.6%;54.2%;63.5%;28.2%;0.3%;1.7%;0.2%;2.7%;9.0%;59.2%;76.4%;8.4%;10.6%;84.8%;19.6%;2201;17.7;10625;53.6%;35.5%;$133,000;8800;2.23;$22,603;$36,061;16.0%;Leesburg;2598;6.8%;F;S;F;1.8%;25.4%;177774;107643;701743;$33,017;71217;Leesburg;30.8;653.2;39875;Lake County
Mascotte;5188;5105;1.6%;5101;9.6%;34.0%;6.8%;48.8%;60.4%;11.8%;0.9%;1.5%;0.1%;3.7%;47.3%;37.2%;82.7%;22.3%;37.4%;70.9%;10.9%;222;35.4;1737;79.8%;0.0%;$124,400;1280;3.87;$13,795;$50,729;20.2%;Mascotte;275;F;F;F;F;60.4%;S;NA;D;10045;$1,862;D;Mascotte;11.38;448.4;43425;Lake County
Mount Dora;12655;12185;3.9%;12370;5.6%;18.6%;26.8%;53.9%;77.5%;15.6%;0.4%;1.8%;0.1%;1.8%;11.7%;69.5%;81.9%;11.1%;13.4%;88.9%;26.3%;1362;26.8;6942;57.1%;28.9%;$215,400;5447;2.24;$28,210;$45,104;14.4%;Mount Dora;1907;3.3%;F;S;F;4.9%;26.3%;NA;10987;445757;$35,678;38109;Mount Dora;8.02;1542;47050;Lake County
Tavares;14248;13957;2.1%;13951;4.5%;15.9%;33.6%;51.1%;84.3%;10.2%;0.4%;1.7%;0.1%;1.8%;7.8%;79.2%;83.9%;6.6%;8.7%;86.0%;14.5%;1901;24.6;7598;80.3%;12.7%;$139,200;6063;2.14;$23,524;$39,395;14.2%;Tavares;1279;S;S;S;F;S;30.2%;NA;11264;116176;$8,393;8581;Tavares;9.5;1468.2;71225;Lake County
Clewiston;7036;7155;-1.7%;7155;7.8%;27.0%;11.9%;48.6%;61.4%;12.7%;0.8%;2.3%;Z;2.9%;48.7%;35.2%;80.2%;27.7%;43.1%;59.6%;14.6%;252;18.1;2684;66.5%;22.1%;$129,600;2257;3.12;$18,587;$40,371;15.2%;Clewiston;1077;20.8%;F;F;F;S;33.1%;NA;130247;153945;$21,756;18033;Clewiston;4.7;1524;13000;Hendry County
Brooksville;7711;7721;-0.1%;7719;6.3%;20.3%;27.3%;55.2%;76.9%;18.0%;0.4%;0.9%;0.1%;2.1%;6.6%;72.7%;72.4%;3.0%;7.1%;82.4%;14.0%;659;25.5;4339;60.2%;20.9%;$48,300;3534;2.15;$20,120;$31,821;23.4%;Brooksville;1257;S;F;S;F;S;29.4%;NA;25697;359063;$43,745;32490;Brooksville;10.83;712.7;8800;Hernando County
Spring Hill;X;X;X;98621;5.3%;21.6%;22.2%;52.5%;88.1%;5.1%;0.4%;1.4%;Z;2.5%;13.6%;78.5%;86.0%;7.4%;13.0%;86.5%;15.3%;11675;30.8;44435;81.4%;4.6%;$149,400;38739;2.51;$21,703;$43,499;12.4%;Spring Hill;7604;S;1.0%;S;F;11.1%;29.5%;NA;15904;763356;NA;75679;Spring Hill;59.81;1649;68350;Hernando County
Sebring;10340;10413;-0.7%;10491;5.6%;19.7%;28.9%;51.6%;76.0%;14.7%;0.7%;1.4%;Z;2.7%;17.6%;64.8%;81.1%;12.0%;22.6%;75.2%;12.2%;1220;17.1;5623;57.0%;31.7%;$107,200;4331;2.26;$18,505;$30,319;21.9%;Sebring;1447;S;F;S;F;S;23.2%;NA;40972;638119;$60,405;44300;Sebring;9.98;1051.4;64875;Highlands County
Avon Park;8792;8833;-0.5%;8836;7.7%;26.5%;17.3%;51.8%;55.5%;28.1%;0.3%;0.8%;Z;4.3%;29.2%;41.3%;76.2%;13.9%;29.9%;67.6%;11.0%;632;21.9;4162;58.8%;30.3%;$88,300;3002;2.92;$13,148;$28,189;28.0%;Avon Park;833;S;F;F;F;S;S;NA;59470;174368;$19,665;18321;Avon Park;7.15;1235.1;2750;Highlands County
Apollo Beach;X;X;X;14055;6.4%;21.0%;15.7%;50.7%;86.4%;5.9%;0.4%;2.5%;Z;2.2%;12.7%;77.3%;86.0%;9.5%;13.8%;91.0%;28.6%;1666;31.1;6694;77.0%;5.4%;$245,100;5395;2.55;$39,532;$68,368;6.3%;Apollo Beach;1167;S;F;S;F;S;41.8%;NA;7377;38743;NA;3190;Apollo Beach;19.84;708.5;1675;Hillsborough County
Gibsonton;X;X;X;14234;10.1%;30.3%;7.1%;49.6%;72.8%;12.7%;0.6%;1.8%;0.1%;3.1%;27.9%;55.8%;81.6%;12.7%;28.0%;76.8%;14.1%;1142;27.8;5622;67.9%;2.7%;$159,400;4988;2.99;$17,335;$42,079;19.8%;Gibsonton;1106;S;F;F;F;S;S;NA;61340;153271;NA;4582;Gibsonton;12.79;1112.8;25900;Hillsborough County
Brandon;X;X;X;103483;6.4%;23.3%;9.4%;51.2%;72.0%;16.1%;0.4%;3.5%;0.1%;3.5%;21.0%;57.9%;80.3%;12.0%;23.3%;89.9%;26.9%;9575;25.6;43352;58.9%;35.9%;$174,600;38420;2.6;$25,919;$55,344;10.0%;Brandon;8748;9.8%;0.9%;5.1%;F;16.4%;28.4%;NA;698892;1777161;NA;219005;Brandon;33.1;3126.3;8150;Hillsborough County
Lutz;X;X;X;19344;4.8%;22.5%;12.3%;50.1%;88.8%;4.8%;0.4%;2.5%;0.1%;2.1%;12.8%;78.4%;92.7%;9.8%;16.2%;93.2%;37.1%;1576;29.5;7822;87.2%;7.4%;$243,800;6971;2.79;$35,992;$74,919;6.1%;Lutz;2742;S;F;F;F;13.9%;24.3%;NA;24407;143724;NA;11164;Lutz;24.65;784.7;41775;Hillsborough County
Odessa;X;X;X;7267;7.0%;26.9%;8.3%;50.0%;87.6%;4.1%;0.4%;4.1%;0.1%;2.2%;13.7%;76.3%;87.6%;12.5%;18.8%;92.0%;33.3%;510;33.3;2941;83.0%;12.2%;$238,000;2290;2.8;$30,366;$74,276;9.3%;Odessa;F;F;F;F;F;F;F;NA;NA;NA;NA;NA;Odessa;5.33;1363.2;51100;Pasco County
Plant City;35903;34682;3.5%;34721;8.1%;28.3%;11.5%;51.6%;69.5%;15.1%;0.6%;1.4%;Z;2.5%;28.8%;53.4%;83.0%;16.6%;30.0%;77.9%;17.1%;2409;23.4;13732;61.8%;24.3%;$162,700;11955;2.88;$22,271;$47,565;17.4%;Plant City;3344;S;F;4.0%;F;18.8%;S;1215555;860626;711732;$21,954;77482;Plant City;27.18;1277.3;57550;Hillsborough County
Riverview;X;X;X;71050;8.0%;29.1%;7.7%;51.9%;70.2%;17.0%;0.4%;3.1%;0.1%;4.0%;21.0%;56.8%;85.7%;10.8%;23.3%;90.5%;27.1%;6697;31.9;27513;79.0%;9.5%;$184,200;23345;2.82;$27,336;$67,298;8.3%;Riverview;2902;S;S;S;F;14.8%;S;NA;54029;182426;NA;21074;Riverview;46.19;1538.1;60950;Hillsborough County
Ruskin;X;X;X;17208;9.4%;30.1%;9.8%;49.5%;71.7%;9.1%;0.3%;1.3%;0.1%;2.2%;42.9%;45.8%;87.5%;16.9%;35.1%;70.0%;18.1%;779;29.5;6888;69.3%;12.3%;$146,100;5406;2.93;$20,716;$45,258;17.3%;Ruskin;1264;S;F;F;F;S;26.2%;NA;21582;73681;NA;10056;Ruskin;18.01;955.3;62275;Hillsborough County
Seffner;X;X;X;7579;6.7%;25.7%;9.8%;50.9%;76.5%;13.2%;0.5%;3.8%;Z;2.7%;15.9%;65.3%;82.4%;11.3%;16.7%;86.4%;21.3%;844;25.1;2919;85.0%;7.3%;$190,500;2646;2.77;$24,441;$54,589;12.5%;Seffner;S;S;S;S;S;S;S;NA;4932;219469;NA;14746;Seffner;3.6;2108.2;64925;Hillsborough County
Sun City Center;X;X;X;19258;0.7%;2.1%;76.9%;57.5%;95.8%;2.0%;0.1%;0.9%;Z;0.6%;3.2%;93.3%;88.1%;9.4%;11.1%;91.4%;31.4%;5019;30.1;14042;86.6%;17.6%;$148,100;11452;1.72;$30,707;$43,430;7.8%;Sun City Center;F;F;F;F;F;F;F;NA;NA;NA;NA;NA;Sun City Center;15.74;1223.4;69250;Hillsborough County
Tampa;347645;335709;3.6%;335709;6.4%;22.6%;11.0%;51.1%;62.9%;26.2%;0.4%;3.4%;0.1%;3.2%;23.1%;46.3%;77.8%;14.9%;24.7%;84.6%;32.2%;22454;22.7;157130;53.4%;37.3%;$189,400;134125;2.43;$28,863;$43,957;19.2%;Tampa;38665;11.3%;S;4.0%;S;20.6%;27.9%;2836469;6460543;6572083;$19,627;1376201;Tampa;113.41;2960.2;71000;Hillsborough County
Thonotosassa;X;X;X;13014;6.7%;23.7%;14.1%;49.7%;76.7%;15.6%;0.5%;1.7%;Z;2.7%;11.8%;68.7%;88.4%;5.6%;8.3%;79.9%;15.8%;1311;26.6;5545;74.0%;6.9%;$136,600;4630;2.8;$21,660;$39,118;20.5%;Thonotosassa;S;S;S;S;S;S;S;NA;7196;39276;NA;D;Thonotosassa;26.5;491.1;71725;Hillsborough County
Valrico;X;X;X;35545;5.5%;26.0%;12.5%;51.6%;81.4%;8.7%;0.3%;3.9%;0.1%;2.8%;16.3%;69.4%;90.1%;9.6%;18.7%;91.8%;33.5%;4159;31;13668;88.4%;2.7%;$222,100;12463;2.89;$32,873;$76,016;6.1%;Valrico;1330;S;F;S;F;S;31.5%;NA;2098;56838;NA;5097;Valrico;13.81;2574.6;73700;Hillsborough County
Wimauma;X;X;X;6373;11.9%;36.3%;6.3%;46.3%;68.5%;6.2%;1.0%;0.9%;0.5%;2.0%;73.4%;18.8%;87.4%;21.3%;55.2%;52.2%;5.1%;133;24.5;1802;58.2%;19.8%;$153,100;1344;3.15;$12,296;$26,782;37.4%;Wimauma;F;F;F;F;F;F;F;NA;NA;NA;NA;NA;Wimauma;25.03;254.6;78025;Hillsborough County
Vero Beach;15527;15222;2.0%;15220;4.6%;15.9%;28.4%;51.3%;87.5%;4.8%;0.3%;1.8%;0.1%;1.8%;10.7%;81.4%;82.4%;8.2%;13.1%;89.1%;32.5%;1787;17;10258;68.1%;43.4%;$239,200;7079;2.17;$34,703;$40,950;16.5%;Vero Beach;4757;S;S;S;F;2.8%;28.1%;254093;D;421745;$24,625;78968;Vero Beach;11.44;1331;74150;Indian River County
Sebastian;22364;21929;2.0%;21929;4.2%;18.3%;26.3%;52.4%;90.5%;5.3%;0.2%;1.1%;Z;1.6%;7.0%;85.3%;87.2%;6.6%;10.6%;89.4%;15.5%;3001;23.5;10815;82.9%;6.7%;$167,300;9117;2.37;$24,135;$44,235;8.7%;Sebastian;2048;S;F;F;F;S;32.3%;NA;15494;235579;$11,509;32035;Sebastian;13.66;1604.9;64825;Indian River County
Fellsmere;5286;5197;1.7%;5197;10.0%;34.1%;4.2%;43.9%;55.2%;5.4%;0.8%;0.1%;Z;1.8%;81.1%;13.3%;91.0%;54.8%;82.1%;38.1%;0.8%;81;31.7;1467;54.0%;24.5%;$90,500;1258;4.04;$11,864;$31,700;23.7%;Fellsmere;F;F;F;F;F;F;F;NA;NA;NA;NA;NA;Fellsmere;44.18;117.6;22100;Indian River County
Marianna;9094;7583;19.9%;6102;7.8%;24.8%;17.7%;52.8%;53.3%;42.0%;0.4%;0.9%;0.1%;2.5%;2.7%;52.0%;76.8%;4.1%;7.2%;77.8%;15.1%;594;14.4;3038;61.4%;21.8%;$89,500;2319;2.17;$18,201;$22,972;24.4%;Marianna;573;F;F;S;F;F;S;NA;23620;199514;$32,081;15458;Marianna;13.12;465.2;43175;Jackson County
Bonita Springs;46340;43914;5.5%;43914;4.4%;13.8%;33.8%;49.6%;88.8%;0.8%;0.5%;1.0%;0.1%;1.4%;22.5%;75.1%;86.5%;21.3%;26.5%;85.6%;28.5%;5944;22.8;31716;79.4%;31.5%;$269,300;18708;2.34;$39,964;$53,274;14.9%;Bonita Springs;5340;S;F;2.8%;F;6.8%;24.9%;NA;188279;663059;$15,674;104504;Bonita Springs;38.6;1137.7;7525;Lee County
Cape Coral;161248;154305;4.5%;154305;5.4%;22.4%;17.0%;51.2%;88.2%;4.3%;0.3%;1.5%;0.1%;2.3%;19.5%;73.5%;81.4%;14.7%;20.9%;89.6%;20.6%;15090;26.4;78948;74.9%;17.9%;$181,900;56002;2.72;$24,489;$51,407;11.9%;Cape Coral;18476;4.0%;S;2.0%;S;18.9%;28.2%;101191;115455;1227981;$7,934;125918;Cape Coral;105.67;1460.2;10275;Lee County
Estero;X;X;X;22612;2.8%;9.2%;42.0%;52.0%;95.2%;1.0%;0.1%;1.3%;Z;0.9%;5.9%;91.1%;89.6%;10.5%;11.7%;92.7%;39.8%;3676;21.8;18479;86.3%;29.3%;$281,600;10563;2.11;$45,762;$62,031;6.0%;Estero;2417;F;F;S;F;S;26.6%;NA;11268;422498;NA;105370;Estero;20.02;1129.2;21150;Lee County
Fort Myers Beach;6514;6277;3.8%;6277;1.0%;5.4%;45.4%;50.5%;97.7%;0.3%;0.2%;0.6%;Z;0.7%;2.8%;95.6%;90.7%;5.6%;5.9%;94.7%;35.5%;1170;24.4;9420;76.7%;67.7%;$415,300;3443;1.88;$57,902;$55,213;9.2%;Fort Myers Beach;918;F;F;F;F;F;S;NA;D;77185;$12,034;65645;Fort Myers Beach;2.77;2262.8;24150;Lee County
Fort Myers Beach;6514;6277;3.8%;6277;1.0%;5.4%;45.4%;50.5%;97.7%;0.3%;0.2%;0.6%;Z;0.7%;2.8%;95.6%;90.7%;5.6%;5.9%;94.7%;35.5%;1170;24.4;9420;76.7%;67.7%;$415,300;3443;1.88;$57,902;$55,213;9.2%;Fort Myers Beach;918;F;F;F;F;F;S;NA;D;77185;$12,034;65645;Fort Myers Beach;2.77;2262.8;24150;Lee County
Lehigh Acres;X;X;X;86784;8.7%;30.1%;10.3%;50.8%;67.5%;19.3%;0.4%;1.2%;0.1%;3.3%;34.3%;44.2%;71.7%;23.6%;37.2%;80.5%;14.5%;6049;34.6;38995;67.9%;7.3%;$120,100;28724;3.19;$18,171;$44,042;18.2%;Lehigh Acres;5742;13.5%;F;S;F;33.0%;25.3%;NA;D;384276;NA;23145;Lehigh Acres;92.56;937.6;39925;Lee County
Sanibel;6741;6469;4.2%;6469;1.3%;7.9%;50.1%;52.7%;98.0%;0.6%;0.1%;0.4%;Z;0.6%;2.3%;96.1%;90.9%;6.7%;5.1%;99.1%;59.4%;897;21.1;7821;89.3%;42.9%;$644,900;3395;1.94;$80,915;$88,906;5.5%;Sanibel;1244;F;F;F;F;F;S;NA;3505;96869;$17,139;60956;Sanibel;16.13;401.1;63700;Lee County
North Fort Myers;X;X;X;39407;2.6%;10.8%;43.4%;51.7%;94.7%;1.5%;0.4%;0.6%;0.1%;1.1%;6.2%;90.7%;89.3%;6.0%;7.0%;86.5%;17.4%;7641;26.3;27108;86.4%;11.3%;$89,400;19788;2.01;$27,185;$39,754;10.7%;North Fort Myers;3325;S;F;S;F;S;26.7%;NA;26735;441660;NA;48523;North Fort Myers;49.48;796.5;49350;Lee County
Tallahassee;186971;181382;3.1%;181376;5.5%;17.2%;8.1%;52.9%;57.4%;35.0%;0.2%;3.7%;0.1%;2.3%;6.3%;53.3%;64.2%;8.0%;10.9%;91.6%;46.5%;9988;17.7;84248;42.6%;43.7%;$191,400;73558;2.24;$24,195;$38,972;29.4%;Tallahassee;15796;16.3%;S;3.4%;F;4.8%;30.5%;574215;533689;2927829;$17,186;514494;Tallahassee;100.25;1809.3;70600;Leon County
Bradenton;50672;49560;2.2%;49546;6.5%;21.5%;23.0%;53.4%;73.3%;15.9%;0.3%;1.1%;0.1%;2.5%;17.0%;64.4%;79.4%;12.7%;17.2%;82.9%;21.3%;4613;22.2;26767;56.7%;43.0%;$161,800;21145;2.31;$23,120;$41,877;15.6%;Bradenton;5643;S;F;S;F;S;28.7%;99980;322438;718439;$13,466;103866;Bradenton;14.18;3494.8;7950;Manatee County
Longboat Key;6993;6888;1.5%;6888;0.6%;2.9%;67.3%;53.7%;98.4%;0.2%;0.1%;0.7%;0.0%;0.4%;1.1%;97.5%;90.6%;11.2%;8.5%;98.5%;60.4%;1396;21;8814;90.7%;68.3%;$700,400;3730;1.8;$95,088;$100,076;5.1%;Longboat Key;745;F;F;F;F;F;18.9%;NA;8083;53280;$7,321;93841;Longboat Key;4.13;1667.8;41150;Manatee County
Sarasota;52811;52006;1.5%;51917;5.2%;16.8%;22.4%;51.4%;75.4%;15.1%;0.4%;1.3%;Z;2.3%;16.6%;65.6%;77.2%;17.1%;20.0%;86.6%;27.2%;4451;19.2;29151;59.4%;43.6%;$205,800;22460;2.21;$32,329;$41,973;19.5%;Sarasota;9696;S;0.3%;S;F;6.5%;25.5%;93573;308427;1117591;$21,508;350145;Sarasota;14.66;3540.9;64175;Sarasota County
Ocala;56945;56324;1.1%;56315;7.0%;22.4%;17.2%;52.4%;70.7%;20.9%;0.3%;2.6%;Z;2.4%;11.7%;63.3%;74.9%;8.0%;13.7%;84.9%;21.9%;5173;20;26764;54.3%;38.1%;$140,700;22178;2.4;$22,567;$36,706;21.5%;Ocala;9307;10.0%;S;S;F;6.1%;24.4%;1297933;1071624;2529565;$46,678;245591;Ocala;44.83;1256.2;50750;Marion County
Silver Springs;X;X;X;6539;6.6%;23.9%;22.8%;53.9%;57.5%;33.3%;0.6%;1.1%;0.1%;3.0%;16.3%;47.8%;76.9%;15.8%;18.4%;81.6%;12.8%;717;37.2;3449;76.1%;30.8%;$99,300;2507;2.48;$17,154;$32,066;13.3%;Silver Springs Shores;381;S;F;F;F;F;S;NA;D;10608;NA;D;Silver Springs Shores;4.78;1368.6;66175;Marion County
Hobe Sound;X;X;X;11521;3.4%;14.9%;30.9%;51.2%;89.3%;7.0%;0.3%;0.8%;0.1%;1.2%;5.2%;85.7%;86.5%;5.0%;6.3%;86.9%;25.4%;1619;23.9;6523;80.3%;13.9%;$180,900;5071;2.27;$31,702;$46,568;9.0%;Hobe Sound;S;S;S;S;S;S;S;NA;3279;127769;NA;D;Hobe Sound;5.27;2187.8;30975;Martin County
Indiantown;X;X;X;6083;8.8%;28.9%;14.7%;44.7%;48.9%;14.6%;3.4%;0.2%;0.4%;2.7%;64.6%;20.6%;89.5%;35.2%;66.6%;52.4%;6.8%;268;26.6;1794;68.9%;13.5%;$114,500;1443;4.49;$11,607;$37,656;38.9%;Indiantown;227;S;F;F;F;S;S;NA;D;34518;NA;2975;Indiantown;5.82;1045;33700;Martin County
Jensen Beach;X;X;X;11707;3.4%;16.0%;26.1%;51.4%;94.5%;2.5%;0.2%;0.7%;Z;1.2%;4.8%;90.8%;87.1%;4.3%;5.8%;90.6%;22.2%;1505;23;6565;74.5%;18.5%;$209,400;5554;2.28;$27,749;$45,035;5.0%;Jensen Beach;1776;2.4%;F;S;F;S;S;NA;D;218235;NA;39226;Jensen Beach;6.76;1732.8;35550;Martin County
Palm City;X;X;X;23120;3.3%;20.9%;26.6%;52.9%;95.4%;1.1%;0.1%;1.6%;Z;1.3%;5.4%;90.9%;88.7%;6.3%;9.5%;95.9%;42.4%;2602;25.1;10939;87.7%;15.6%;$305,900;9098;2.57;$40,070;$75,833;5.2%;Palm City;3358;S;F;S;F;S;28.5%;NA;182137;179667;NA;19767;Palm City;13.91;1662.2;54175;Martin County
Stuart;15841;15594;1.6%;15593;5.1%;16.9%;25.1%;52.9%;80.0%;12.0%;0.3%;1.1%;0.1%;2.2%;12.3%;73.1%;74.1%;8.9%;10.7%;87.3%;27.7%;1818;19.1;9869;57.2%;67.5%;$139,400;7203;2.08;$25,554;$40,420;15.6%;Stuart;4501;3.2%;F;S;F;S;27.7%;218438;285976;865553;$54,468;100766;Stuart;6.65;2344.5;68875;Martin County
Hialeah;231941;224667;3.2%;224669;5.0%;19.1%;19.1%;51.7%;92.6%;2.7%;0.1%;0.4%;Z;1.6%;94.7%;4.2%;92.1%;73.4%;93.8%;67.9%;13.4%;2538;24.2;74067;51.9%;47.6%;$197,800;72603;3.07;$14,820;$31,096;21.6%;Hialeah;44336;S;S;1.3%;F;81.4%;26.3%;917002;1438117;2449708;$11,338;232152;Hialeah;21.45;10474.1;30000;Miami-Dade County
Homestead;63190;60509;4.4%;60512;10.5%;31.2%;6.5%;49.6%;66.9%;20.4%;0.4%;1.2%;0.1%;3.8%;62.9%;16.0%;78.3%;36.5%;61.2%;70.3%;18.4%;1939;33.1;23419;42.8%;37.0%;$169,600;17977;3.18;$16,899;$38,724;29.3%;Homestead;6340;11.6%;F;1.9%;F;59.3%;28.7%;NA;155430;512737;$8,954;65635;Homestead;15.14;3996.8;32275;Miami-Dade County
Key Biscayne;12762;12344;3.4%;12344;6.7%;28.2%;17.4%;53.6%;96.2%;0.4%;0.1%;1.1%;0.0%;1.2%;61.6%;36.5%;85.0%;46.3%;74.1%;97.9%;75.2%;613;22.2;7072;76.0%;75.9%;$822,700;4374;2.78;$69,967;$114,250;5.8%;Key Biscayne;1941;S;F;2.3%;F;58.2%;30.8%;NA;192579;97648;$9,790;101725;Key Biscayne;1.23;10068.5;36300;Miami-Dade County
Miami Beach;90588;87784;3.2%;87779;4.2%;12.8%;16.2%;47.6%;87.4%;4.4%;0.3%;1.9%;0.1%;2.7%;53.0%;40.5%;76.0%;51.1%;67.3%;85.3%;42.9%;2150;25.3;67499;40.6%;88.7%;$349,400;43907;1.98;$42,079;$42,411;15.0%;Miami Beach;15971;4.1%;S;S;F;37.9%;27.5%;NA;409589;1102345;$12,736;1345554;Miami Beach;7.63;11510.5;45025;Miami-Dade County
Miami;413892;399508;3.6%;399457;6.0%;18.4%;16.0%;50.2%;72.6%;19.2%;0.3%;1.0%;Z;2.7%;70.0%;11.9%;81.5%;58.4%;77.6%;68.4%;22.4%;7876;26.6;183994;34.7%;61.6%;$257,500;149648;2.58;$20,732;$30,270;27.7%;Miami;85146;11.1%;S;2.0%;S;62.5%;28.7%;1079445;11188164;5622524;$13,240;1337750;Miami;35.87;11135.9;45000;Miami-Dade County
North Miami Beach;42971;41523;3.5%;41523;6.4%;23.4%;11.3%;52.1%;47.1%;41.4%;0.2%;3.4%;0.1%;3.8%;36.6%;18.4%;86.7%;51.7%;66.2%;82.5%;22.8%;940;30.6;16402;57.4%;51.2%;$206,200;13605;3.03;$18,097;$41,489;19.3%;North Miami Beach;7182;25.1%;F;S;F;32.0%;36.6%;NA;148873;731068;$17,670;90259;North Miami Beach;4.83;8602.2;49475;Miami-Dade County
Opa locka;15701;15219;3.2%;15219;9.3%;29.2%;10.1%;52.6%;27.7%;65.8%;0.2%;0.2%;0.2%;2.1%;35.3%;2.1%;91.5%;32.0%;44.1%;58.7%;8.1%;246;23.6;5966;32.7%;58.5%;$145,000;5317;2.82;$13,209;$22,214;32.6%;Opa-locka;2741;S;F;S;S;S;28.0%;266949;556255;216888;$13,108;8845;Opa-locka;4.3;3536;51650;Miami-Dade County
Islamorada;6279;6117;2.6%;6119;3.1%;13.9%;22.0%;48.2%;96.5%;0.7%;0.4%;0.6%;0.1%;1.0%;9.6%;87.8%;90.5%;11.4%;12.8%;95.6%;26.1%;622;21.6;5692;76.6%;23.6%;$617,500;2510;2.37;$48,241;$66,708;13.7%;Islamorada, Village of Islands;1480;F;F;F;F;S;S;NA;3918;119583;$18,758;109533;Islamorada, Village of Islands;6.43;951.6;34132;Monroe County
Key Largo;X;X;X;10433;4.0%;16.7%;18.0%;48.1%;93.0%;2.3%;0.5%;0.8%;0.1%;1.8%;23.7%;71.3%;85.1%;22.7%;29.7%;87.0%;26.7%;1124;26.2;8459;68.8%;15.4%;$425,600;4672;2.54;$31,216;$51,798;11.9%;Key Largo;2187;F;F;F;F;S;19.4%;NA;7377;288980;NA;43733;Key Largo;12.05;865.9;36375;Monroe County
Key West;25057;24649;1.7%;24649;4.9%;14.5%;12.8%;44.6%;83.8%;9.7%;0.4%;1.6%;0.2%;2.1%;21.2%;66.1%;80.6%;18.6%;21.6%;89.0%;28.1%;2644;11.8;14107;46.1%;41.5%;$494,200;9191;2.55;$32,431;$51,385;12.6%;Key West;5020;S;F;S;F;S;26.1%;NA;23729;563566;$24,825;396405;Key West;5.59;4411.8;36550;Monroe County
Marathon;8461;8297;2.0%;8297;4.8%;16.6%;18.3%;48.1%;90.5%;4.8%;0.3%;1.1%;Z;1.8%;26.8%;66.4%;87.3%;17.8%;25.6%;85.2%;28.1%;751;15.3;6187;63.1%;22.5%;$361,100;3257;2.55;$31,314;$49,633;17.0%;Marathon;1589;S;F;F;F;S;S;NA;44171;186663;$19,291;30207;Marathon;8.44;983.4;43000;Monroe County
Fernandina Beach;11705;11487;1.9%;11487;3.8%;16.3%;22.3%;52.7%;83.4%;11.7%;0.4%;1.1%;0.1%;1.6%;5.3%;80.2%;84.0%;4.8%;10.4%;90.3%;36.4%;1920;26.4;7064;72.8%;21.6%;$286,500;4919;2.29;$31,936;$53,231;15.0%;Fernandina Beach;2355;1.3%;F;S;F;S;S;D;127702;229970;$20,048;60888;Fernandina Beach;11.13;1031.8;22175;Nassau County
Yulee;X;X;X;11491;6.3%;23.2%;11.2%;49.9%;90.5%;5.6%;0.4%;0.9%;0.1%;1.5%;3.1%;88.8%;87.4%;2.8%;5.0%;87.5%;13.3%;1331;25.7;4714;77.1%;3.4%;$163,800;4378;2.71;$24,549;$57,358;6.0%;Yulee;845;S;F;7.2%;F;F;S;NA;59341;170066;NA;15235;Yulee;23.16;496.2;79175;Nassau County
Crestview;22351;20978;6.5%;20978;9.1%;27.9%;9.2%;51.1%;71.4%;18.6%;0.5%;3.1%;0.3%;4.4%;6.6%;67.7%;75.8%;5.2%;9.0%;87.3%;18.3%;3197;27.2;9153;63.4%;18.0%;$169,300;7269;2.72;$21,359;$48,750;19.4%;Crestview;2265;S;F;S;F;4.5%;28.8%;NA;D;474557;$24,463;38761;Crestview;16.02;1309.2;15475;Okaloosa County
Destin;12809;12305;4.1%;12305;5.3%;18.6%;15.3%;49.3%;90.1%;1.5%;0.3%;2.1%;0.1%;3.0%;6.5%;86.5%;82.3%;14.3%;15.9%;91.8%;34.8%;1497;25;13672;73.6%;56.9%;$292,800;5026;2.43;$38,537;$63,716;6.1%;Destin;3132;F;F;S;F;S;21.8%;NA;33922;572200;$45,158;186005;Destin;7.69;1600.1;17325;Okaloosa County
Fort Walton Beach;20293;19510;4.0%;19507;5.0%;19.1%;18.8%;50.5%;77.7%;12.3%;0.7%;3.2%;0.3%;3.7%;7.9%;73.0%;78.9%;9.8%;12.5%;89.8%;21.3%;2914;20.2;9592;63.3%;27.8%;$173,200;8164;2.37;$26,015;$47,282;11.8%;Fort Walton Beach;2779;3.7%;F;6.6%;F;S;25.0%;437829;102483;861557;$45,082;84651;Fort Walton Beach;7.48;2606.8;24475;Okaloosa County
Niceville;13587;12749;6.6%;12749;5.2%;21.6%;15.2%;50.6%;87.2%;4.2%;0.6%;3.2%;0.1%;3.9%;4.7%;84.0%;85.6%;6.1%;6.8%;92.2%;34.1%;2701;21.2;5695;77.5%;12.6%;$207,800;5302;2.4;$31,516;$63,864;8.7%;Niceville;1540;F;F;S;F;S;S;NA;6487;92316;$7,462;19180;Niceville;11.42;1116.4;48750;Okaloosa County
Valparaiso;5111;5036;1.5%;5036;3.7%;13.6%;14.1%;41.0%;84.6%;5.7%;0.6%;3.6%;0.2%;4.5%;5.5%;80.8%;58.5%;6.6%;9.4%;95.4%;34.1%;1087;16.9;1939;61.4%;27.6%;$195,000;1906;2.24;$26,071;$43,798;5.2%;Valparaiso;378;F;F;F;F;S;21.4%;NA;D;22004;$3,605;2000;Valparaiso;11.85;425.1;73675;Okaloosa County
Okeechobee;5585;5621;-0.6%;5621;7.0%;25.0%;16.7%;50.1%;75.5%;9.1%;1.5%;0.8%;0.1%;2.3%;25.2%;62.7%;84.6%;8.0%;20.1%;75.5%;12.3%;420;23.6;2251;64.0%;14.0%;$135,600;1907;2.7;$23,347;$43,670;22.7%;Okeechobee;1093;S;F;S;F;S;S;NA;47144;226863;$38,846;D;Okeechobee;4.07;1381.4;51200;Okeechobee County
Apopka;44474;41604;6.9%;41542;8.1%;27.4%;10.0%;51.5%;64.3%;20.7%;0.3%;3.2%;0.1%;3.3%;25.4%;49.5%;87.8%;17.7%;28.0%;88.0%;28.6%;2760;30.4;15707;81.4%;10.3%;$207,700;14675;2.75;$27,176;$58,996;10.1%;Apopka;3541;12.8%;F;S;F;S;S;173162;128595;567689;$15,141;51907;Apopka;31.24;1329.6;1700;Orange County
Maitland;16337;15751;3.7%;15751;5.0%;21.8%;13.8%;51.8%;80.6%;11.1%;0.2%;3.5%;Z;2.5%;10.4%;73.6%;81.7%;13.8%;16.3%;95.8%;56.5%;1071;22.7;8137;64.8%;43.4%;$345,300;6470;2.41;$45,163;$74,974;6.5%;Maitland;3150;2.4%;F;S;F;3.8%;28.3%;NA;727004;389391;$26,693;50198;Maitland;5.27;2989.9;42575;Orange County
Ocoee;38354;35731;7.3%;35579;7.1%;27.7%;8.7%;51.2%;66.8%;17.5%;0.4%;5.5%;0.1%;3.4%;20.8%;53.6%;86.8%;17.8%;22.7%;84.8%;27.7%;1926;28.1;12802;76.6%;10.7%;$213,000;11677;2.97;$26,604;$61,653;9.7%;Ocoee;3555;S;F;S;F;17.4%;26.7%;NA;551563;573717;$18,068;54943;Ocoee;14.71;2418.5;51075;Orange County
Orlando;249562;238304;4.7%;238300;7.1%;21.9%;9.4%;51.4%;57.6%;28.1%;0.4%;3.8%;0.1%;3.4%;25.4%;41.3%;70.9%;18.8%;32.3%;86.7%;31.9%;13116;24.7;121254;40.6%;57.3%;$199,600;98067;2.37;$25,864;$42,755;17.3%;Orlando;30564;12.1%;S;5.0%;0.2%;18.6%;28.6%;5742117;5439593;7481230;$32,493;1514522;Orlando;102.4;2327.3;53000;Orange County
Winter Garden;37063;34684;6.9%;34568;7.8%;28.1%;9.6%;51.6%;68.8%;16.0%;0.4%;5.1%;0.1%;3.6%;22.0%;54.3%;80.0%;16.2%;25.0%;89.3%;32.7%;1704;25.9;13260;70.7%;16.7%;$247,600;10453;3.1;$25,762;$65,424;7.5%;Winter Garden;3542;S;F;S;F;S;29.9%;212411;303293;298046;$10,453;25671;Winter Garden;15.41;2243.2;78250;Orange County
Winter Park;28924;27852;3.8%;27852;4.3%;18.3%;19.9%;53.2%;86.9%;7.6%;0.2%;2.3%;Z;1.8%;7.0%;81.7%;81.6%;7.6%;12.3%;93.4%;52.1%;2404;20;13626;63.6%;30.1%;$363,500;11877;2.22;$46,566;$57,432;12.5%;Winter Park;5475;S;F;2.5%;F;3.8%;26.1%;NA;230927;785392;$27,980;151994;Winter Park;8.68;3208.4;78300;Orange County
Kissimmee;63369;59649;6.2%;59682;7.4%;25.7%;9.4%;51.4%;66.1%;12.4%;0.6%;3.4%;0.1%;4.7%;58.9%;26.2%;81.0%;25.1%;59.2%;80.3%;14.4%;2842;26.6;26275;44.6%;46.2%;$151,300;21808;2.74;$17,633;$38,158;19.6%;Kissimmee;9103;9.5%;F;6.1%;S;41.6%;26.4%;NA;D;1003215;$16,263;291539;Kissimmee;21.19;2816;36950;Osceola County
Belle Glade;17817;17461;2.0%;17467;9.5%;31.4%;10.0%;50.0%;31.1%;56.3%;0.2%;0.5%;0.2%;2.0%;34.2%;8.8%;91.4%;26.0%;35.8%;61.9%;13.1%;464;22.7;6368;41.9%;47.0%;$138,600;5618;3.12;$14,442;$27,895;38.1%;Belle Glade;1064;34.8%;F;9.2%;F;18.3%;S;NA;236082;153722;$9,120;15320;Belle Glade;5.62;3109.1;5200;Palm Beach County
Boca Raton;87836;84392;4.1%;84392;3.9%;17.2%;21.0%;51.1%;88.5%;5.2%;0.2%;2.4%;0.1%;1.6%;11.9%;79.1%;83.9%;18.2%;22.7%;94.4%;50.7%;6268;20.1;44539;72.3%;46.6%;$395,800;35615;2.31;$49,491;$71,414;10.6%;Boca Raton;20503;2.6%;0.2%;2.6%;F;S;20.9%;385220;5249751;2348476;$27,398;682847;Boca Raton;29.33;2877.2;7300;Palm Beach County
Boynton Beach;70101;68217;2.8%;68217;5.8%;19.3%;21.4%;52.8%;62.4%;30.3%;0.3%;2.2%;Z;2.2%;12.8%;53.6%;83.0%;24.9%;30.5%;84.8%;25.6%;5718;22.1;36289;67.2%;45.3%;$172,700;28799;2.33;$26,887;$45,156;15.1%;Boynton Beach;8843;18.0%;S;S;F;S;34.2%;108101;457449;1191849;$17,610;137997;Boynton Beach;16.18;4217.4;7875;Palm Beach County
Delray Beach;62357;60580;2.9%;60522;4.7%;16.1%;23.6%;51.9%;65.7%;28.0%;0.2%;1.8%;0.1%;1.7%;9.5%;59.2%;82.1%;20.2%;25.4%;85.1%;34.8%;5294;22.2;34156;66.1%;50.9%;$234,700;27075;2.23;$37,964;$49,823;13.9%;Delray Beach;9294;11.0%;F;S;F;8.0%;28.5%;152321;477911;1568835;$24,558;218434;Delray Beach;15.81;3828.3;17100;Palm Beach County
Jupiter;57221;55276;3.5%;55156;4.5%;19.4%;20.0%;50.3%;90.6%;1.5%;0.5%;2.0%;Z;1.7%;12.7%;82.6%;86.7%;13.6%;16.0%;91.9%;41.9%;5409;23.4;29825;72.9%;36.3%;$293,400;22905;2.33;$43,336;$66,370;8.5%;Jupiter;8438;S;S;S;F;S;24.0%;515673;401616;828519;$16,607;131983;Jupiter;21.47;2569.5;35875;Palm Beach County
Lake Worth;35786;34910;2.5%;34910;7.4%;22.2%;11.2%;46.0%;60.0%;19.8%;5.6%;1.0%;0.1%;4.6%;39.6%;38.1%;76.7%;41.7%;54.1%;67.0%;19.4%;1563;27.2;16473;51.6%;45.6%;$161,700;12240;2.8;$18,661;$37,288;27.8%;Lake Worth;5395;10.0%;F;1.8%;F;S;26.7%;146235;364434;312050;$8,784;47136;Lake Worth;5.87;5945.2;39075;Palm Beach County
Pahokee;5962;5649;5.5%;5649;8.0%;28.9%;11.9%;48.9%;28.9%;56.1%;0.3%;0.3%;0.1%;2.9%;33.8%;9.7%;93.4%;19.0%;32.1%;53.3%;9.0%;101;25.5;2002;60.8%;20.9%;$109,500;1681;3.3;$14,236;$34,159;33.4%;Pahokee;368;S;F;F;F;S;S;NA;5390;12224;$1,841;3264;Pahokee;5.54;1019.1;53800;Palm Beach County
Palm Beach;8532;8348;2.2%;8348;1.7%;6.9%;55.8%;55.2%;97.4%;0.6%;Z;1.0%;0.0%;0.5%;3.9%;94.1%;91.8%;15.5%;12.7%;96.6%;57.9%;1510;16.4;9091;85.4%;70.9%;$913,700;4856;1.76;$135,147;$109,167;4.8%;Palm Beach;2148;F;F;F;F;S;21.0%;NA;51408;441514;$46,203;300191;Palm Beach;4.18;1997.6;54025;Palm Beach County
North Palm Beach;12272;12013;2.2%;12015;3.3%;14.0%;29.3%;51.1%;93.3%;2.7%;0.1%;1.7%;Z;1.3%;6.9%;87.8%;90.6%;8.0%;9.7%;95.2%;39.3%;1653;20.5;7710;78.1%;61.0%;$268,800;6112;1.98;$49,117;$62,587;6.0%;North Palm Beach;1908;S;F;F;F;S;45.5%;NA;22801;75478;$6,188;15186;North Palm Beach;3.59;3347.7;49600;Palm Beach County
Palm Beach Gardens;49889;48454;3.0%;48452;4.4%;16.4%;25.3%;53.1%;89.3%;4.4%;0.2%;3.1%;Z;1.6%;8.9%;82.3%;84.5%;15.9%;17.0%;94.1%;47.0%;4546;20.5;27663;74.6%;31.1%;$323,200;21777;2.17;$56,119;$71,349;6.0%;Palm Beach Gardens;8236;S;F;3.3%;F;S;22.6%;135504;185847;1380244;$28,383;277663;Palm Beach Gardens;55.09;879.5;54075;Palm Beach County
West Palm Beach;101903;99923;2.0%;99919;6.4%;19.9%;16.0%;51.3%;56.7%;32.5%;0.5%;2.3%;0.1%;2.7%;22.6%;41.6%;79.9%;27.3%;30.2%;83.5%;29.9%;6677;22.4;54179;52.9%;52.8%;$220,900;40974;2.32;$30,584;$45,806;18.8%;West Palm Beach;15657;14.8%;S;4.3%;F;17.0%;28.5%;473641;1068013;3028774;$30,578;326623;West Palm Beach;55.29;1807.1;76600;Palm Beach County
Dade City;6510;6445;1.0%;6437;6.5%;24.5%;17.5%;54.5%;67.3%;20.4%;0.4%;0.4%;0.2%;2.5%;20.6%;57.2%;75.3%;11.6%;15.2%;70.3%;15.4%;465;20.8;3049;50.3%;33.1%;$113,000;2262;2.76;$14,704;$27,045;35.3%;Dade City;S;S;S;S;S;S;S;NA;116942;210024;$29,791;16320;Dade City;5.92;1087.7;16125;Pasco County
Holiday;X;X;X;22403;5.8%;20.0%;21.2%;51.4%;89.5%;4.1%;0.5%;1.4%;Z;2.3%;10.0%;82.7%;82.5%;9.5%;13.0%;82.4%;10.1%;2887;29.4;12484;73.8%;9.6%;$97,600;9505;2.31;$19,947;$36,888;16.2%;Holiday;1846;S;F;S;F;S;29.7%;NA;27217;226691;NA;17583;Holiday;5.37;4168.8;31075;Pasco County
Hudson;X;X;X;12158;3.0%;12.6%;34.8%;51.1%;95.3%;0.7%;0.4%;1.2%;Z;1.5%;5.0%;91.6%;86.3%;6.2%;3.9%;85.0%;17.9%;1822;28.1;7848;79.1%;7.9%;$151,200;5584;2.07;$24,511;$34,596;17.8%;Hudson;1426;F;S;F;F;S;S;NA;33702;134550;NA;D;Hudson;6.32;1925;32825;Pasco County
Land O Lakes;X;X;X;31996;5.5%;24.7%;11.4%;50.4%;86.8%;5.0%;0.3%;2.9%;0.1%;2.6%;15.2%;75.2%;86.7%;11.6%;17.3%;92.7%;33.4%;3129;30.2;13114;82.3%;6.5%;$211,300;11911;2.77;$29,735;$69,192;4.9%;Land O' Lakes;4882;S;F;S;F;13.3%;27.4%;NA;56376;265335;NA;39139;Land O' Lakes;19.04;1680.7;39200;Pasco County
New Port Richey;14934;14903;0.2%;14911;5.2%;17.9%;23.9%;51.9%;88.9%;3.0%;0.5%;1.4%;Z;2.7%;11.2%;82.4%;78.7%;8.7%;11.8%;83.7%;10.0%;1941;25;8693;57.5%;33.5%;$94,100;6756;2.17;$20,337;$29,164;20.7%;New Port Richey;2391;S;F;S;F;S;S;D;56383;276039;$15,931;35632;New Port Richey;4.53;3290.2;48500;Pasco County
Spring Hill;X;X;X;98621;5.3%;21.6%;22.2%;52.5%;88.1%;5.1%;0.4%;1.4%;Z;2.5%;13.6%;78.5%;86.0%;7.4%;13.0%;86.5%;15.3%;11675;30.8;44435;81.4%;4.6%;$149,400;38739;2.51;$21,703;$43,499;12.4%;Spring Hill;7604;S;1.0%;S;F;11.1%;29.5%;NA;15904;763356;NA;75679;Spring Hill;59.81;1649;68350;Hernando County
Wesley Chapel;X;X;X;44092;7.5%;28.3%;8.9%;51.6%;75.0%;11.4%;0.3%;5.7%;0.1%;3.6%;20.1%;60.6%;80.3%;14.3%;23.3%;93.5%;34.1%;3682;33;17764;78.3%;9.0%;$184,600;14862;2.79;$30,191;$71,408;7.2%;Wesley Chapel;1754;S;F;S;F;22.0%;S;NA;1785;451828;NA;13425;Wesley Chapel;43.9;1004.4;75875;Pasco County
Zephyrhills;13830;13256;4.3%;13288;5.8%;18.7%;28.5%;53.7%;88.7%;4.9%;0.2%;1.4%;Z;2.0%;10.4%;82.3%;76.1%;7.8%;8.9%;81.2%;13.6%;2043;25.2;7702;65.6%;19.3%;$112,500;5823;2.21;$20,698;$36,566;15.9%;Zephyrhills;1090;F;F;S;F;S;31.6%;D;3851;323123;$24,837;32808;Zephyrhills;8.88;1496.7;79225;Pasco County
Clearwater;108732;108258;0.4%;107685;5.3%;18.7%;19.8%;51.7%;79.8%;10.9%;0.5%;2.1%;0.1%;2.4%;14.2%;71.1%;84.9%;15.9%;18.9%;87.3%;26.9%;10353;21.7;59156;62.9%;49.2%;$179,900;46781;2.23;$27,409;$41,986;15.5%;Clearwater;13312;S;S;3.1%;F;5.1%;23.8%;219563;902381;2938827;$27,680;361349;Clearwater;25.56;4212.7;12875;Pinellas County
Dunedin;35444;35321;0.3%;35321;3.7%;14.9%;27.9%;53.6%;91.6%;3.3%;0.3%;1.6%;0.1%;1.8%;5.9%;87.4%;83.0%;9.6%;11.0%;90.4%;26.6%;3768;23.9;21113;67.7%;38.9%;$184,800;16100;2.15;$29,712;$48,420;9.3%;Dunedin;3618;S;0.9%;S;F;5.1%;33.5%;NA;81373;224984;$6,227;48715;Dunedin;10.36;3410.7;18575;Pinellas County
Largo;77878;77849;Z;77648;4.5%;15.6%;26.0%;52.8%;86.3%;5.6%;0.3%;2.7%;0.2%;2.4%;9.0%;80.8%;82.5%;12.0%;12.4%;86.5%;19.2%;9976;21.1;46859;61.4%;39.1%;$114,900;36029;2.09;$25,470;$40,493;12.9%;Largo;6866;S;F;S;F;4.4%;26.9%;640861;D;1308043;$17,717;127749;Largo;17.62;4407.3;39425;Pinellas County
Oldsmar;13703;13622;0.6%;13591;5.9%;23.7%;12.4%;52.0%;84.0%;5.4%;0.2%;5.9%;0.1%;2.4%;11.4%;75.5%;84.8%;10.7%;16.1%;89.1%;26.0%;1228;26.7;5871;73.6%;25.3%;$177,400;4914;2.72;$28,042;$55,114;9.7%;Oldsmar;1837;S;F;1.5%;F;S;S;214454;343867;306097;$22,629;70162;Oldsmar;8.7;1561.6;51350;Pinellas County
Palm Harbor;X;X;X;57439;3.5%;17.4%;23.2%;53.0%;93.5%;2.0%;0.2%;1.6%;Z;1.8%;5.9%;88.9%;86.7%;8.9%;10.1%;92.9%;31.0%;7118;26.8;30339;78.2%;28.7%;$200,600;26195;2.24;$33,726;$54,133;7.2%;Palm Harbor;6846;S;S;S;F;3.8%;27.9%;NA;389857;547087;NA;143031;Palm Harbor;17.38;3304.5;54350;Pinellas County
Pinellas Park;49686;49120;1.2%;49079;5.3%;19.5%;18.6%;51.4%;81.7%;4.7%;0.3%;7.3%;0.1%;2.7%;10.7%;75.1%;88.0%;14.8%;19.9%;84.2%;18.5%;5481;21;23458;71.8%;20.4%;$132,600;20370;2.37;$22,433;$43,132;12.6%;Pinellas Park;5153;2.9%;F;S;F;5.2%;22.7%;2230742;1030532;2770046;$58,561;128820;Pinellas Park;15.51;3165.2;56975;Pinellas County
Safety Harbor;16970;16885;0.5%;16884;4.4%;19.2%;19.5%;52.5%;89.7%;4.5%;0.2%;2.6%;Z;2.0%;5.8%;85.3%;88.9%;10.6%;10.9%;91.1%;34.2%;1964;22.9;8062;80.9%;14.2%;$235,500;7147;2.31;$35,598;$60,611;8.3%;Safety Harbor;2205;S;F;S;F;S;34.5%;NA;78606;105540;$6,155;43347;Safety Harbor;4.9;3445.7;62425;Pinellas County
Seminole;17267;17233;0.2%;17233;3.0%;14.3%;31.7%;54.7%;93.9%;1.4%;0.3%;2.3%;Z;1.3%;4.4%;90.5%;86.1%;10.1%;10.3%;89.5%;30.0%;2317;24.5;10344;77.7%;42.6%;$164,300;8086;2.07;$30,556;$47,013;8.5%;Seminole;2224;S;F;S;F;S;27.2%;NA;D;362930;$18,918;37962;Seminole;5.1;3381.7;64975;Pinellas County
Tarpon Springs;23657;23484;0.7%;23484;4.4%;18.3%;24.3%;52.0%;88.1%;6.4%;0.3%;1.4%;0.1%;2.1%;7.3%;83.2%;84.2%;10.9%;17.3%;88.7%;24.8%;3005;28.9;12433;78.5%;25.4%;$190,500;9610;2.37;$27,676;$44,826;14.3%;Tarpon Springs;2880;S;F;3.8%;F;S;28.8%;NA;89924;483770;$20,507;43687;Tarpon Springs;9.11;2577;71150;Pinellas County
Auburndale;13918;13507;3.0%;13507;6.6%;25.5%;13.9%;51.7%;80.0%;12.8%;0.4%;1.2%;Z;2.2%;13.1%;71.7%;77.8%;12.1%;17.0%;79.1%;14.3%;981;26.7;5670;68.1%;16.3%;$140,800;4604;2.88;$19,597;$42,099;19.8%;Auburndale;1628;S;F;F;F;S;S;568210;502694;264123;$19,302;19905;Auburndale;13.49;1001.6;2550;Polk County
Bartow;17665;17298;2.1%;17298;7.6%;25.8%;14.8%;53.0%;67.6%;23.7%;0.3%;1.1%;0.1%;2.5%;14.7%;59.1%;81.5%;6.9%;12.8%;81.5%;17.6%;1572;24;7130;67.9%;16.6%;$126,600;6091;2.65;$20,473;$46,034;17.3%;Bartow;1408;S;F;S;F;6.5%;S;1145684;66840;430408;$25,572;33555;Bartow;45.87;377.1;3675;Polk County
Fort Meade;5744;5653;1.6%;5626;7.4%;25.6%;19.0%;50.7%;68.3%;18.2%;0.5%;0.3%;Z;1.9%;26.1%;54.2%;86.4%;8.0%;24.6%;75.1%;10.7%;432;24.8;2453;67.4%;6.8%;$87,000;2065;2.76;$19,081;$41,124;16.5%;Fort Meade;327;F;F;F;F;S;F;NA;37040;59682;$10,410;D;Fort Meade;5.04;1116.9;24100;Polk County
Haines City;21008;20552;2.2%;20535;8.8%;28.0%;15.0%;50.6%;53.4%;27.5%;0.5%;1.4%;Z;2.7%;38.9%;31.8%;81.3%;26.7%;42.8%;73.0%;14.4%;1174;30.7;9076;61.3%;18.2%;$100,200;6840;2.93;$15,928;$36,261;25.8%;Haines City;1767;S;F;S;F;S;S;NA;57863;252503;$13,574;23129;Haines City;18.39;1116.8;28400;Polk County
Kathleen;X;X;X;6332;6.4%;26.2%;10.9%;50.3%;90.5%;2.1%;0.5%;0.6%;Z;2.4%;12.1%;83.4%;74.4%;7.2%;11.3%;75.2%;12.2%;423;29.8;2397;78.2%;0.0%;$128,200;2243;3.18;$17,683;$47,022;22.6%;Kathleen;F;F;F;F;F;F;F;NA;NA;NA;NA;NA;Kathleen;7.2;880.1;35950;Polk County
Kissimmee;63369;59649;6.2%;59682;7.4%;25.7%;9.4%;51.4%;66.1%;12.4%;0.6%;3.4%;0.1%;4.7%;58.9%;26.2%;81.0%;25.1%;59.2%;80.3%;14.4%;2842;26.6;26275;44.6%;46.2%;$151,300;21808;2.74;$17,633;$38,158;19.6%;Kissimmee;9103;9.5%;F;6.1%;S;41.6%;26.4%;NA;D;1003215;$16,263;291539;Kissimmee;21.19;2816;36950;Osceola County
Lake Alfred;5120;5015;2.1%;5015;7.3%;25.2%;16.1%;51.1%;71.3%;17.5%;0.4%;1.7%;0.0%;2.2%;16.0%;63.1%;79.6%;11.3%;14.1%;86.8%;18.7%;356;23.8;2169;72.9%;16.5%;$118,300;1760;2.82;$17,225;$32,397;23.8%;Lake Alfred;F;F;F;F;F;F;F;NA;NA;NA;NA;NA;Lake Alfred;9.28;540.5;37525;Polk County
Lake Wales;14700;14225;3.3%;14225;7.0%;23.8%;23.0%;52.6%;65.0%;27.5%;0.5%;0.8%;0.1%;2.2%;15.6%;55.0%;80.3%;8.5%;15.7%;78.3%;18.1%;1400;21.9;6900;59.8%;30.3%;$139,400;5674;2.42;$18,155;$36,049;25.5%;Lake Wales;1262;S;F;S;F;S;26.7%;D;165398;514993;$36,418;32893;Lake Wales;18.69;761;38950;Polk County
Lakeland;99999;97430;2.6%;97422;6.2%;21.0%;20.7%;53.1%;70.8%;20.9%;0.3%;1.8%;0.1%;2.7%;12.6%;63.1%;77.8%;9.9%;14.4%;86.4%;23.5%;9376;21.8;48218;56.8%;30.9%;$136,300;40448;2.31;$24,306;$40,650;15.8%;Lakeland;9795;6.3%;F;4.4%;F;8.4%;21.6%;1001515;10346834;2250085;$24,334;261091;Lakeland;65.27;1492.6;38250;Polk County
Winter Haven;34975;33874;3.3%;33874;6.5%;22.3%;22.3%;53.7%;64.7%;27.7%;0.3%;2.0%;0.1%;2.3%;11.0%;58.1%;78.8%;10.6%;17.9%;83.1%;17.1%;2952;24.4;17037;60.1%;33.1%;$125,000;13798;2.39;$21,107;$36,895;22.3%;Winter Haven;4088;12.6%;S;S;F;6.9%;26.3%;279238;205695;667524;$20,600;69952;Winter Haven;31.3;1082.3;78275;Polk County
Palatka;10472;10558;-0.8%;10558;9.0%;28.2%;15.8%;54.3%;46.3%;49.8%;0.3%;0.6%;Z;1.6%;4.6%;43.8%;78.4%;1.5%;4.6%;79.3%;13.8%;1002;17.8;4533;44.2%;38.9%;$110,300;4128;2.43;$14,070;$20,116;37.6%;Palatka;1376;10.5%;F;S;F;S;S;D;66858;447042;$41,616;31613;Palatka;8.55;1235.3;53875;Putnam County
Gulf Breeze;5979;5763;3.7%;5763;3.2%;21.3%;20.3%;51.5%;95.7%;0.3%;0.6%;1.4%;Z;1.3%;2.6%;93.8%;91.1%;8.1%;8.9%;97.1%;39.7%;925;18.9;2673;75.8%;19.3%;$290,400;2118;2.74;$39,264;$76,875;6.1%;Gulf Breeze;1230;S;F;F;F;S;32.0%;NA;8787;50452;$7,780;14007;Gulf Breeze;4.68;1231.1;28000;Santa Rosa County
Milton;9140;8826;3.6%;8826;7.3%;24.6%;15.0%;51.9%;77.4%;13.9%;0.7%;2.2%;0.3%;4.0%;4.8%;74.7%;81.3%;6.5%;6.3%;84.1%;20.3%;1113;25.2;4021;65.0%;23.3%;$116,600;3677;2.31;$19,367;$37,629;16.7%;Milton;1167;S;F;S;F;F;28.4%;NA;D;194587;$22,809;28831;Milton;5.46;1616.5;45750;Santa Rosa County
Navarre;X;X;X;31378;7.2%;26.8%;9.2%;50.3%;83.2%;6.5%;0.5%;3.3%;0.2%;4.4%;7.0%;79.1%;79.3%;6.7%;10.2%;91.8%;28.3%;4989;29.8;12746;74.0%;6.7%;$211,100;11003;2.76;$27,417;$63,871;9.2%;Navarre;F;F;F;F;F;F;F;NA;NA;NA;NA;NA;Navarre;23;1364.1;48050;Santa Rosa County
Englewood;X;X;X;14863;1.8%;8.5%;47.3%;52.4%;97.1%;0.3%;0.2%;0.7%;Z;1.0%;2.5%;95.3%;86.8%;6.0%;5.1%;90.3%;19.4%;2897;22.4;10942;78.4%;10.0%;$144,400;7914;1.91;$26,069;$38,433;12.2%;Englewood;1807;F;F;F;F;F;S;NA;5897;284313;NA;20508;Englewood;9.79;1517.7;20825;Sarasota County
North Port;58378;57337;1.8%;57357;6.2%;24.2%;17.9%;51.2%;87.6%;7.0%;0.3%;1.2%;0.1%;2.2%;8.7%;81.5%;82.5%;11.2%;12.5%;89.4%;16.7%;5894;27.7;27986;78.2%;6.8%;$152,500;20856;2.6;$23,163;$49,026;9.7%;North Port;4913;5.5%;F;S;F;S;S;NA;32288;257918;$4,827;20161;North Port;99.58;576;49675;Sarasota County
Osprey;X;X;X;6100;2.4%;14.6%;33.9%;51.4%;96.0%;0.5%;0.2%;1.9%;Z;1.1%;3.4%;93.0%;84.6%;12.8%;11.6%;95.2%;39.0%;907;23.8;3415;86.6%;9.0%;$382,200;2658;2.16;$56,086;$67,167;9.3%;Osprey;F;F;F;F;F;F;F;NA;NA;NA;NA;NA;Osprey;5.22;1169.3;53425;Sarasota County
Sarasota;52811;52006;1.5%;51917;5.2%;16.8%;22.4%;51.4%;75.4%;15.1%;0.4%;1.3%;Z;2.3%;16.6%;65.6%;77.2%;17.1%;20.0%;86.6%;27.2%;4451;19.2;29151;59.4%;43.6%;$205,800;22460;2.21;$32,329;$41,973;19.5%;Sarasota;9696;S;0.3%;S;F;6.5%;25.5%;93573;308427;1117591;$21,508;350145;Sarasota;14.66;3540.9;64175;Sarasota County
Venice;21054;20746;1.5%;20748;1.4%;6.1%;57.0%;55.2%;97.3%;0.6%;0.1%;0.7%;Z;0.7%;2.7%;95.2%;86.5%;6.9%;5.7%;93.4%;32.7%;4181;17.7;17328;73.4%;41.3%;$203,200;11183;1.8;$35,725;$46,646;8.7%;Venice;2650;F;F;F;F;S;S;315924;95673;511296;$24,543;56970;Venice;15.27;1358.9;73900;Sarasota County
Altamonte Springs;41920;41544;0.9%;41496;5.9%;19.9%;12.5%;53.0%;72.5%;13.8%;0.3%;3.4%;0.1%;3.7%;24.3%;57.1%;78.8%;14.8%;24.2%;92.2%;32.6%;2868;22.4;22088;50.4%;61.0%;$182,700;17396;2.38;$26,626;$47,942;9.9%;Altamonte Springs;5947;7.6%;F;3.7%;F;S;28.1%;NA;328148;1503780;$37,452;219115;Altamonte Springs;9.01;4604.5;950;Seminole County
Casselberry;26449;26241;0.8%;26241;5.4%;19.6%;14.1%;51.6%;80.1%;8.0%;0.4%;2.9%;0.1%;3.5%;22.6%;64.9%;85.8%;10.1%;20.4%;87.0%;22.6%;2327;27.3;12708;66.4%;31.4%;$162,600;10411;2.52;$23,758;$43,864;16.0%;Casselberry;2840;1.7%;F;S;F;11.4%;31.2%;NA;36071;578863;$23,415;49782;Casselberry;6.99;3751.9;11050;Seminole County
Lake Mary;14574;13822;5.4%;13822;5.0%;22.6%;14.1%;51.5%;84.5%;5.0%;0.3%;6.0%;Z;2.5%;10.2%;77.0%;90.3%;13.1%;15.7%;94.3%;40.9%;1102;24.1;5728;82.1%;14.1%;$299,700;4669;2.92;$36,186;$83,921;7.9%;Lake Mary;2672;S;F;S;F;S;23.5%;299619;473543;467903;$31,059;93355;Lake Mary;9.16;1508.8;38425;Seminole County
Longwood;13751;13658;0.7%;13657;5.1%;21.4%;16.4%;52.2%;85.5%;5.1%;0.5%;3.4%;0.1%;2.5%;15.8%;74.1%;90.8%;8.9%;14.5%;89.5%;24.9%;1063;24.9;5680;78.2%;4.8%;$200,100;4803;2.83;$25,816;$58,846;5.8%;Longwood;2791;S;F;5.9%;F;11.4%;26.1%;197494;439765;630289;$46,567;40589;Longwood;5.45;2505;41250;Seminole County
Oviedo;35291;33468;5.4%;33342;5.6%;28.2%;7.4%;50.8%;81.9%;8.6%;0.2%;3.8%;Z;2.8%;16.3%;69.5%;88.7%;9.1%;15.9%;94.9%;39.7%;2205;28.8;11720;81.8%;7.2%;$253,100;9879;3.32;$28,794;$83,742;6.7%;Oviedo;3498;S;F;4.8%;F;S;29.0%;NA;107602;310275;$10,110;41072;Oviedo;15.21;2192.3;53575;Seminole County
Sanford;54651;53653;1.9%;53570;8.0%;26.0%;9.3%;52.0%;57.3%;30.5%;0.5%;2.8%;0.1%;3.3%;20.2%;45.0%;80.2%;11.3%;19.3%;83.9%;21.2%;3601;25.5;23061;56.2%;34.2%;$156,300;18774;2.71;$20,346;$43,520;17.4%;Sanford;5117;13.3%;F;2.0%;F;12.9%;29.8%;701608;570480;1462260;$29,060;123813;Sanford;22.96;2333.4;63650;Seminole County
Winter Springs;33540;33282;0.8%;33282;4.4%;22.5%;13.3%;52.1%;86.6%;5.5%;0.3%;2.6%;0.1%;2.4%;15.0%;75.4%;87.7%;10.7%;15.3%;93.3%;38.7%;2633;27.3;14052;78.7%;14.1%;$231,500;11945;2.78;$33,163;$69,542;7.3%;Winter Springs;3195;S;S;S;F;S;38.1%;NA;30811;84239;$2,560;9575;Winter Springs;14.67;2269.3;78325;Seminole County
Saint Augustine;13407;12975;3.3%;12975;3.6%;13.1%;19.0%;53.1%;84.2%;11.6%;0.4%;1.2%;0.1%;1.6%;5.1%;80.5%;70.1%;5.6%;6.1%;87.2%;32.5%;1263;16.9;6978;54.7%;31.4%;$245,500;5594;2.08;$24,383;$38,325;22.0%;St. Augustine;4113;4.3%;0.9%;S;F;7.8%;S;NA;422891;502483;$40,859;163790;St. Augustine;9.43;1376.2;62500;St. Johns County
Fort Pierce;42645;41852;1.9%;41590;8.2%;25.9%;15.2%;50.7%;45.3%;40.9%;0.6%;0.9%;0.1%;2.7%;21.6%;35.2%;81.3%;19.7%;26.2%;68.7%;12.8%;3043;21.8;21357;49.7%;52.1%;$120,300;15170;2.73;$16,782;$30,869;30.2%;Fort Pierce;3651;S;F;S;F;6.7%;33.2%;145810;130069;966675;$23,360;97655;Fort Pierce;20.57;2021.9;24300;St. Lucie County
Port Saint Lucie;168716;164640;2.5%;164603;6.2%;24.4%;15.8%;51.4%;74.3%;16.3%;0.4%;2.0%;0.1%;3.0%;18.4%;61.6%;82.4%;17.6%;23.2%;86.2%;18.0%;13630;31.2;70877;78.0%;7.5%;$167,600;57006;2.8;$22,557;$49,310;12.6%;Port St. Lucie;15752;13.4%;S;S;F;17.6%;32.8%;408373;108865;2177309;$14,496;127476;Port St. Lucie;113.95;1444.5;58715;St. Lucie County
Starke;5405;5446;-0.8%;5449;8.0%;23.6%;18.9%;53.1%;65.8%;29.2%;0.3%;1.1%;Z;2.6%;3.8%;63.3%;89.9%;2.6%;2.8%;75.7%;10.3%;618;22;2492;63.7%;19.1%;$109,200;2106;2.48;$17,621;$35,909;27.7%;Starke;1081;S;F;F;F;S;S;NA;12550;186270;$31,673;D;Starke;7.21;755.5;68525;Bradford County
The Villages;X;X;X;51442;0.1%;0.3%;69.8%;53.2%;98.2%;0.6%;0.1%;0.7%;Z;0.3%;1.5%;96.9%;91.1%;5.4%;4.4%;94.3%;30.7%;12418;22;35587;96.8%;0.3%;$219,400;25515;1.79;$34,055;$51,234;3.7%;The Villages;2047;F;F;F;F;S;33.9%;NA;4948;160323;NA;23852;The Villages;30.81;1669.8;71625;Sumter County
Wildwood;6788;6709;1.2%;6709;4.9%;17.3%;32.3%;52.6%;74.7%;21.0%;0.4%;1.1%;Z;1.5%;5.6%;70.9%;75.1%;6.6%;5.4%;85.8%;17.4%;1097;20.3;4464;78.3%;11.9%;$97,200;2851;2.25;$21,037;$37,796;26.0%;Wildwood;F;F;F;F;F;F;F;NA;NA;NA;NA;NA;Wildwood;35.96;186.6;77675;Sumter County
Live Oak;6919;6850;1.0%;6850;8.8%;26.6%;15.8%;51.0%;54.4%;35.0%;0.5%;1.0%;0.1%;2.4%;16.2%;46.6%;72.2%;8.4%;11.9%;76.3%;10.2%;570;18.5;2951;52.9%;18.4%;$85,000;2623;2.42;$16,563;$30,048;24.2%;Live Oak;821;9.6%;F;S;F;F;18.5%;NA;50053;187511;$26,347;27958;Live Oak;7.57;904.6;40875;Suwannee County
Perry;7003;7006;Z;7017;8.0%;25.0%;16.1%;53.4%;55.0%;40.1%;0.5%;1.4%;Z;2.1%;2.2%;54.2%;88.6%;2.5%;3.2%;80.6%;13.3%;636;15.2;3115;78.5%;9.5%;$87,400;2322;2.95;$16,995;$30,969;28.7%;Perry;702;F;F;S;F;F;S;D;D;198904;$29,634;15508;Perry;9.38;748;56150;Taylor County
Lake Butler;X;X;X;15400;6.1%;29.9%;7.9%;50.7%;79.9%;6.6%;0.2%;9.4%;Z;2.3%;11.2%;70.9%;82.7%;17.1%;20.6%;95.6%;63.5%;837;26.3;5875;88.8%;7.3%;$634,300;5208;3.08;$60,879;$130,976;1.9%;Lake Butler;F;F;F;F;F;F;F;NA;NA;NA;NA;NA;Lake Butler;12.22;1260.7;37648;Orange County
Daytona Beach;62035;61005;1.7%;61005;5.2%;15.8%;18.5%;50.0%;57.8%;35.4%;0.4%;2.3%;Z;2.3%;6.2%;54.4%;78.1%;9.9%;12.3%;84.5%;21.1%;6460;19.7;33920;49.8%;45.6%;$150,200;25923;2.18;$19,108;$29,533;29.0%;Daytona Beach;6034;10.4%;F;3.7%;F;S;S;316341;447804;1810604;$28,168;337122;Daytona Beach;58.41;1044.4;16525;Volusia County
DeBary;19319;19315;Z;19320;4.7%;18.8%;22.4%;51.6%;90.5%;4.0%;0.3%;1.9%;Z;1.8%;9.1%;83.7%;90.7%;5.5%;8.5%;90.7%;26.5%;2677;29.3;8978;86.4%;3.5%;$208,100;7836;2.44;$29,453;$58,963;4.4%;DeBary;2059;S;F;S;S;S;33.2%;NA;29953;65900;$4,011;7787;DeBary;18.97;1018.7;16675;Volusia County
DeLand;27447;27029;1.5%;27031;6.2%;21.0%;20.4%;54.6%;74.5%;17.1%;0.3%;1.9%;0.1%;2.3%;12.7%;67.0%;77.2%;7.6%;13.0%;87.7%;25.6%;2204;24.4;12610;60.6%;33.8%;$167,900;9947;2.4;$21,048;$36,527;20.7%;DeLand;2601;6.2%;F;S;F;3.0%;25.3%;403145;99506;674765;$25,181;57745;DeLand;17.6;1536.1;16875;Volusia County
Deltona;85442;85182;0.3%;85182;6.2%;25.2%;13.0%;51.3%;76.7%;10.9%;0.5%;1.3%;0.1%;3.6%;30.2%;56.9%;89.2%;9.1%;26.2%;84.6%;13.8%;8069;31.3;34089;84.8%;3.8%;$166,000;28862;2.93;$20,864;$50,420;11.4%;Deltona;6291;S;F;S;F;21.6%;28.0%;NA;7593;294309;$3,490;27171;Deltona;37.53;2269.6;17200;Volusia County
Edgewater;20803;20753;0.2%;20750;5.1%;19.2%;22.1%;51.7%;94.1%;2.6%;0.3%;0.9%;Z;1.6%;3.4%;91.4%;85.1%;3.3%;5.4%;88.7%;15.2%;2643;25.2;9929;84.1%;6.3%;$160,000;8230;2.52;$22,985;$45,493;10.2%;Edgewater;2406;S;S;S;F;S;20.9%;144234;36971;123768;$5,750;18676;Edgewater;22.22;934;19825;Volusia County
New Smyrna Beach;22900;22554;1.5%;22464;3.7%;13.9%;31.6%;52.1%;90.8%;5.9%;0.3%;1.1%;Z;1.4%;2.8%;88.8%;83.0%;3.6%;4.8%;91.1%;27.5%;3682;23.1;16847;71.7%;37.4%;$233,800;10516;2.12;$31,013;$49,625;13.0%;New Smyrna Beach;3197;F;F;F;F;S;29.8%;NA;13843;457208;$19,857;60530;New Smyrna Beach;34.64;648.4;48625;Volusia County
Orange City;10813;10847;-0.3%;10599;5.1%;18.4%;29.4%;54.9%;85.7%;6.5%;0.4%;1.5%;Z;2.2%;16.9%;74.1%;84.2%;2.4%;10.8%;85.3%;17.1%;1265;25.4;5917;63.5%;31.9%;$84,500;5115;2;$20,920;$30,712;20.3%;Orange City;1048;F;F;S;F;S;26.5%;NA;33191;430606;$45,461;47114;Orange City;7.08;1497.9;51825;Volusia County
Ormond Beach;38376;38164;0.6%;38137;3.7%;17.2%;27.2%;52.8%;92.2%;3.2%;0.2%;2.3%;Z;1.5%;4.1%;88.9%;90.2%;7.8%;9.9%;93.7%;31.1%;4612;22.3;19576;81.4%;14.5%;$201,300;15997;2.37;$30,697;$48,427;11.7%;Ormond Beach;5173;2.8%;F;S;F;S;24.6%;152761;393742;525729;$13,731;105774;Ormond Beach;31.93;1194.5;53150;Volusia County
Port Orange;56766;56505;0.5%;56048;4.2%;18.1%;22.6%;51.8%;91.3%;3.3%;0.3%;2.2%;Z;1.8%;4.5%;88.1%;86.7%;7.2%;8.3%;89.3%;23.0%;6564;22;27972;77.6%;15.7%;$171,200;23016;2.42;$27,242;$47,763;9.8%;Port Orange;4686;S;F;5.0%;F;5.3%;25.8%;NA;383795;518957;$9,460;70573;Port Orange;26.66;2102.3;58575;Volusia County
DeFuniak Springs;5487;5184;5.8%;5177;8.0%;24.1%;20.2%;53.6%;70.7%;20.4%;0.7%;0.8%;0.3%;2.9%;7.5%;68.7%;81.9%;6.5%;11.8%;78.7%;17.9%;546;23.7;2713;63.3%;14.6%;$127,700;2166;2.31;$15,526;$21,000;29.5%;DeFuniak Springs;F;F;F;F;F;F;F;NA;NA;NA;NA;NA;DeFuniak Springs;13.74;376.7;16800;Walton County
Miramar Beach;X;X;X;6146;4.2%;13.7%;26.7%;52.1%;93.8%;1.1%;0.3%;1.8%;Z;1.5%;4.4%;90.8%;75.9%;8.1%;12.7%;96.8%;44.3%;984;18.3;12385;66.7%;60.8%;$385,800;3277;1.86;$48,762;$64,408;6.7%;Miramar Beach;F;F;F;F;F;F;F;NA;NA;NA;NA;NA;Miramar Beach;6.98;880.3;46000;Walton County
