SET DEFINE OFF;
Insert into RNT_LOOKUP_TYPES
   (LOOKUP_TYPE_ID, LOOKUP_TYPE_CODE, LOOKUP_TYPE_DESCRIPTION)
 Values
   (5, 'ACTION_TYPES', 'Agreement action type');
Insert into RNT_LOOKUP_TYPES
   (LOOKUP_TYPE_ID, LOOKUP_TYPE_CODE, LOOKUP_TYPE_DESCRIPTION)
 Values
   (4, 'TENANT_STATUS', 'Tenant status');
Insert into RNT_LOOKUP_TYPES
   (LOOKUP_TYPE_ID, LOOKUP_TYPE_CODE, LOOKUP_TYPE_DESCRIPTION)
 Values
   (1, 'STATES', 'States of USA');
Insert into RNT_LOOKUP_TYPES
   (LOOKUP_TYPE_ID, LOOKUP_TYPE_CODE, LOOKUP_TYPE_DESCRIPTION)
 Values
   (2, 'RENT_PERIOD', 'Rent period for agreements.');
Insert into RNT_LOOKUP_TYPES
   (LOOKUP_TYPE_ID, LOOKUP_TYPE_CODE, LOOKUP_TYPE_DESCRIPTION)
 Values
   (3, 'FEE_TYPE', 'Fee type for agreements');
Insert into RNT_LOOKUP_TYPES
   (LOOKUP_TYPE_ID, LOOKUP_TYPE_CODE, LOOKUP_TYPE_DESCRIPTION)
 Values
   (6, 'EXPENSE_RECCURING', 'Expense reccuring period');
COMMIT;

SET DEFINE OFF;
Insert into RNT_LOOKUP_VALUES
   (LOOKUP_VALUE_ID, LOOKUP_CODE, LOOKUP_VALUE, LOOKUP_TYPE_ID)
 Values
   (15, 'F', 'Failed Inspection', 5);
Insert into RNT_LOOKUP_VALUES
   (LOOKUP_VALUE_ID, LOOKUP_CODE, LOOKUP_VALUE, LOOKUP_TYPE_ID)
 Values
   (16, '3D', '3 Day Notice', 5);
Insert into RNT_LOOKUP_VALUES
   (LOOKUP_VALUE_ID, LOOKUP_CODE, LOOKUP_VALUE, LOOKUP_TYPE_ID)
 Values
   (17, 'E', 'File for Eviction', 5);
Insert into RNT_LOOKUP_VALUES
   (LOOKUP_VALUE_ID, LOOKUP_CODE, LOOKUP_VALUE, LOOKUP_TYPE_ID)
 Values
   (18, 'S', 'Serve Court Order', 5);
Insert into RNT_LOOKUP_VALUES
   (LOOKUP_VALUE_ID, LOOKUP_CODE, LOOKUP_VALUE, LOOKUP_TYPE_ID)
 Values
   (19, 'D', 'Daily', 6);
Insert into RNT_LOOKUP_VALUES
   (LOOKUP_VALUE_ID, LOOKUP_CODE, LOOKUP_VALUE, LOOKUP_TYPE_ID)
 Values
   (20, 'W', 'Weekly', 6);
Insert into RNT_LOOKUP_VALUES
   (LOOKUP_VALUE_ID, LOOKUP_CODE, LOOKUP_VALUE, LOOKUP_TYPE_ID)
 Values
   (21, 'BW', 'Bi-Weekly', 6);
Insert into RNT_LOOKUP_VALUES
   (LOOKUP_VALUE_ID, LOOKUP_CODE, LOOKUP_VALUE, LOOKUP_TYPE_ID)
 Values
   (22, 'HM', 'Half Monthly', 6);
Insert into RNT_LOOKUP_VALUES
   (LOOKUP_VALUE_ID, LOOKUP_CODE, LOOKUP_VALUE, LOOKUP_TYPE_ID)
 Values
   (23, 'M', 'Monthly', 6);
Insert into RNT_LOOKUP_VALUES
   (LOOKUP_VALUE_ID, LOOKUP_CODE, LOOKUP_VALUE, LOOKUP_TYPE_ID)
 Values
   (24, 'BM', 'Bi-Monthly', 6);
Insert into RNT_LOOKUP_VALUES
   (LOOKUP_VALUE_ID, LOOKUP_CODE, LOOKUP_VALUE, LOOKUP_TYPE_ID)
 Values
   (25, 'Q', 'Quaterly', 6);
Insert into RNT_LOOKUP_VALUES
   (LOOKUP_VALUE_ID, LOOKUP_CODE, LOOKUP_VALUE, LOOKUP_TYPE_ID)
 Values
   (26, 'TY', 'Twice a Year', 6);
Insert into RNT_LOOKUP_VALUES
   (LOOKUP_VALUE_ID, LOOKUP_CODE, LOOKUP_VALUE, LOOKUP_TYPE_ID)
 Values
   (1, 'NC', 'North Carolina', 1);
Insert into RNT_LOOKUP_VALUES
   (LOOKUP_VALUE_ID, LOOKUP_CODE, LOOKUP_VALUE, LOOKUP_TYPE_ID)
 Values
   (2, 'FL', 'Florida', 1);
Insert into RNT_LOOKUP_VALUES
   (LOOKUP_VALUE_ID, LOOKUP_CODE, LOOKUP_VALUE, LOOKUP_TYPE_ID)
 Values
   (3, 'MONTH', 'Month', 2);
Insert into RNT_LOOKUP_VALUES
   (LOOKUP_VALUE_ID, LOOKUP_CODE, LOOKUP_VALUE, LOOKUP_TYPE_ID)
 Values
   (4, 'BI-MONTH', 'Bi-Month', 2);
Insert into RNT_LOOKUP_VALUES
   (LOOKUP_VALUE_ID, LOOKUP_CODE, LOOKUP_VALUE, LOOKUP_TYPE_ID)
 Values
   (5, '2WEEKS', '2-Weeks', 2);
Insert into RNT_LOOKUP_VALUES
   (LOOKUP_VALUE_ID, LOOKUP_CODE, LOOKUP_VALUE, LOOKUP_TYPE_ID)
 Values
   (6, 'WEEK', 'Week', 2);
Insert into RNT_LOOKUP_VALUES
   (LOOKUP_VALUE_ID, LOOKUP_CODE, LOOKUP_VALUE, LOOKUP_TYPE_ID)
 Values
   (7, 'DISCOUNT', 'Discount', 3);
Insert into RNT_LOOKUP_VALUES
   (LOOKUP_VALUE_ID, LOOKUP_CODE, LOOKUP_VALUE, LOOKUP_TYPE_ID)
 Values
   (8, 'LATE_FEE', 'Late Fee', 3);
Insert into RNT_LOOKUP_VALUES
   (LOOKUP_VALUE_ID, LOOKUP_CODE, LOOKUP_VALUE, LOOKUP_TYPE_ID)
 Values
   (11, 'CURRENT', 'Current', 4);
Insert into RNT_LOOKUP_VALUES
   (LOOKUP_VALUE_ID, LOOKUP_CODE, LOOKUP_VALUE, LOOKUP_TYPE_ID)
 Values
   (12, 'APPLICANT', 'Applicant', 4);
Insert into RNT_LOOKUP_VALUES
   (LOOKUP_VALUE_ID, LOOKUP_CODE, LOOKUP_VALUE, LOOKUP_TYPE_ID)
 Values
   (13, 'GOOD', 'Former - Good', 4);
Insert into RNT_LOOKUP_VALUES
   (LOOKUP_VALUE_ID, LOOKUP_CODE, LOOKUP_VALUE, LOOKUP_TYPE_ID)
 Values
   (14, 'BAD', 'Former - Bad', 4);
COMMIT;


SET DEFINE OFF;
Insert into RNT_PAYMENT_TYPES
   (PAYMENT_TYPE_ID, PAYMENT_TYPE_NAME)
 Values
   (7, 'Rent');
Insert into RNT_PAYMENT_TYPES
   (PAYMENT_TYPE_ID, PAYMENT_TYPE_NAME)
 Values
   (8, 'Discount rent');
Insert into RNT_PAYMENT_TYPES
   (PAYMENT_TYPE_ID, PAYMENT_TYPE_NAME)
 Values
   (9, 'Recoverable');
Insert into RNT_PAYMENT_TYPES
   (PAYMENT_TYPE_ID, PAYMENT_TYPE_NAME)
 Values
   (10, 'Late Fee');
Insert into RNT_PAYMENT_TYPES
   (PAYMENT_TYPE_ID, PAYMENT_TYPE_NAME, DEPRECIATION_TERM, DESCRIPTION)
 Values
   (1, 'Utilites', 111, '1111');
Insert into RNT_PAYMENT_TYPES
   (PAYMENT_TYPE_ID, PAYMENT_TYPE_NAME, DEPRECIATION_TERM, DESCRIPTION)
 Values
   (2, 'Tax', 123, '123123');
Insert into RNT_PAYMENT_TYPES
   (PAYMENT_TYPE_ID, PAYMENT_TYPE_NAME)
 Values
   (3, 'Insurance');
Insert into RNT_PAYMENT_TYPES
   (PAYMENT_TYPE_ID, PAYMENT_TYPE_NAME)
 Values
   (4, '3 Year Amortization');
Insert into RNT_PAYMENT_TYPES
   (PAYMENT_TYPE_ID, PAYMENT_TYPE_NAME)
 Values
   (5, '5 Year Amortization');
Insert into RNT_PAYMENT_TYPES
   (PAYMENT_TYPE_ID, PAYMENT_TYPE_NAME)
 Values
   (6, '10 Year Amortization');
COMMIT;
