32003,12,1300,FL,32003,1201300,-81.715035,30.095823,10440,1
32008,12,800,FL,BRANFORD,1200800,-82.888002,29.924104,3108,1
32009,12,1101,FL,BRYCEVILLE,1201101,-81.956248,30.418849,1251,1
32011,12,1101,FL,CALLAHAN,1201101,-81.818471,30.550609,5436,1
32024,12,800,FL,32024,1200800,-82.825021,30.076901,951,0.121487
32024,12,900,FL,32024,1200900,-82.70619,30.111066,6877,0.878513
32025,12,900,FL,32025,1200900,-82.623554,30.149423,8651,1
32033,12,1200,FL,ELKTON,1201200,-81.405315,29.777167,1858,1
32034,12,1101,FL,AMELIA ISLAND,1201101,-81.468362,30.617241,18262,1
32038,12,900,FL,FORT WHITE,1200900,-82.711225,29.927722,4476,1
32040,12,900,FL,GLEN SAINT MARY,1200900,-82.196434,30.290694,2880,1
32043,12,1300,FL,GREEN COVE SPRIN,1201300,-81.737822,30.004176,9667,0.991385
32043,12,1400,FL,GREEN COVE SPRIN,1201400,-81.634471,29.82496,84,0.008614
32044,12,900,FL,HAMPTON,1200900,-82.161854,29.862289,951,1
32046,12,1101,FL,HILLIARD,1201101,-81.945134,30.687095,3794,1
32052,12,800,FL,JASPER,1200800,-82.991745,30.501451,3120,1
32053,12,800,FL,JENNINGS,1200800,-83.137401,30.563122,1767,1
32054,12,900,FL,LAKE BUTLER,1200900,-82.402259,29.996585,3924,1
32055,12,900,FL,LAKE CITY,1200900,-82.666056,30.220677,7353,1
32058,12,900,FL,LAWTEY,1200900,-82.091966,30.051281,1525,0.989617
32058,12,1300,FL,LAWTEY,1201300,-82.045426,30.116645,16,0.010383
32059,12,600,FL,LEE,1200600,-83.283051,30.413734,1138,1
32060,12,800,FL,BOYS RANCH,1200800,-83.057033,30.278129,9576,1
32061,12,900,FL,LULU,1200900,-82.520347,30.076337,119,1
32062,12,800,FL,MC ALPIN,1200800,-82.978679,30.138398,1151,1
32063,12,900,FL,MACCLENNY,1200900,-82.130712,30.28069,4905,1
32064,12,800,FL,32064,1200800,-82.986748,30.293101,2951,1
32065,12,1300,FL,ORANGE PARK,1201300,-81.798233,30.150709,12339,1
32066,12,800,FL,MAYO,1200800,-83.199929,30.075554,2446,1
32068,12,1300,FL,MIDDLEBURG,1201300,-81.851876,30.084864,19029,1
32071,12,800,FL,O BRIEN,1200800,-82.949038,30.043213,1889,1
32072,12,900,FL,OLUSTEE,1200900,-82.433099,30.211007,162,1
32073,12,1106,FL,ORANGE PARK,1201106,-81.698644,30.193844,164,0.010112
32073,12,1107,FL,ORANGE PARK,1201107,-81.708328,30.1927,12,0.00074
32073,12,1300,FL,ORANGE PARK,1201300,-81.741518,30.172133,16043,0.989148
32079,12,1300,FL,PENNEY FARMS,1201300,-81.808495,29.97844,249,1
32080,12,1200,FL,32080,1201200,-81.270705,29.82288,15059,1
32081,12,1200,FL,32081,1201200,-81.41683,30.086291,1704,1
32082,12,1200,FL,PONTE VEDRA BEAC,1201200,-81.381161,30.192625,14983,1
32083,12,900,FL,RAIFORD,1200900,-82.223141,30.071419,604,1
32084,12,1200,FL,SAINT AUGUSTINE,1201200,-81.339609,29.905351,14795,1
32086,12,1200,FL,SAINT AUGUSTINE,1201200,-81.318928,29.816799,11849,1
32087,12,900,FL,SANDERSON,1200900,-82.271231,30.349353,1651,1
32091,12,900,FL,STARKE,1200900,-82.119361,29.946238,6629,0.944975
32091,12,1300,FL,STARKE,1201300,-82.016112,29.935657,386,0.055025
32092,12,1200,FL,SAINT AUGUSTINE,1201200,-81.515785,29.976927,11055,1
32094,12,800,FL,WELLBORN,1200800,-82.828208,30.182068,1184,0.934491
32094,12,900,FL,WELLBORN,1200900,-82.784978,30.247918,83,0.065509
32095,12,1200,FL,SAINT AUGUSTINE,1201200,-81.368536,29.998476,3063,1
32096,12,800,FL,WHITE SPRINGS,1200800,-82.769104,30.35118,904,0.674627
32096,12,900,FL,WHITE SPRINGS,1200900,-82.726825,30.321775,436,0.325373
32097,12,1101,FL,YULEE,1201101,-81.584486,30.627753,6223,1
32102,12,1802,FL,ASTOR,1201802,-81.539608,29.160578,1424,0.713427
32102,12,1901,FL,ASTOR,1201901,-81.525685,29.176558,572,0.286573
32110,12,1400,FL,BUNNELL,1201400,-81.320794,29.449796,3602,1
32112,12,1400,FL,CRESCENT CITY,1201400,-81.562066,29.433664,4144,1
32113,12,1501,FL,CITRA,1201501,-82.127437,29.346527,300,0.102215
32113,12,1502,FL,CITRA,1201502,-82.10868,29.393819,2635,0.897785
32114,12,1902,FL,DAYTONA BEACH,1201902,-81.039012,29.200409,15666,1
32117,12,1902,FL,HOLLY HILL,1201902,-81.054169,29.236671,12525,1
32118,12,1902,FL,DAYTONA BEACH,1201902,-81.01762,29.238598,8118,0.524656
32118,12,1903,FL,DAYTONA BEACH,1201903,-80.980938,29.17221,7355,0.475344
32119,12,1903,FL,DUNLAWTON,1201903,-81.023935,29.163827,11626,1
32124,12,1901,FL,PORT ORANGE,1201901,-81.12078,29.17973,1337,1
32127,12,1903,FL,PORT ORANGE,1201903,-80.983744,29.111552,16485,1
32128,12,1901,FL,32128,1201901,-81.041101,29.083298,8049,0.999752
32128,12,1903,FL,32128,1201903,-81.061944,29.131295,2,0.000248
32129,12,1903,FL,DAYTONA BEACH,1201903,-81.024403,29.138641,10753,1
32130,12,1901,FL,DE LEON SPRINGS,1201901,-81.337222,29.135661,2203,1
32131,12,1400,FL,EAST PALATKA,1201400,-81.590784,29.673479,2049,1
32132,12,1903,FL,EDGEWATER,1201903,-80.912962,28.979368,3830,1
32133,12,1502,FL,EASTLAKE WEIR,1201502,-81.908968,29.02069,75,1
32134,12,1400,FL,SALT SPRINGS,1201400,-81.731211,29.437107,288,0.047314
32134,12,1501,FL,SALT SPRINGS,1201501,-81.970276,29.260866,20,0.003286
32134,12,1502,FL,SALT SPRINGS,1201502,-81.861144,29.391204,5763,0.946772
32134,12,1802,FL,SALT SPRINGS,1201802,-81.640472,29.26786,16,0.002629
32136,12,1400,FL,FLAGLER BEACH,1201400,-81.132236,29.467201,4902,0.972233
32136,12,1902,FL,FLAGLER BEACH,1201902,-81.109253,29.420255,140,0.027767
32137,12,1400,FL,PALM COAST,1201400,-81.215576,29.579554,20744,1
32139,12,1400,FL,GEORGETOWN,1201400,-81.612989,29.391085,797,1
32140,12,1400,FL,FLORAHOME,1201400,-81.865441,29.768545,865,1
32141,12,1903,FL,EDGEWATER,1201903,-80.893446,28.945191,8533,1
32145,12,1200,FL,HASTINGS,1201200,-81.467389,29.67205,2260,1
32147,12,1400,FL,HOLLISTER,1201400,-81.800773,29.62375,255,1
32148,12,1400,FL,INTERLACHEN,1201400,-81.880199,29.63565,5579,1
32157,12,1400,FL,LAKE COMO,1201400,-81.574338,29.47286,285,1
32159,12,1600,FL,LADY LAKE,1201600,-81.967014,28.938509,5870,0.323256
32159,12,1802,FL,LADY LAKE,1201802,-81.923934,28.930668,12289,0.676744
32162,12,1502,FL,32162,1201502,-82.015592,28.970715,5239,0.163975
32162,12,1600,FL,32162,1201600,-81.991422,28.906276,26711,0.836025
32164,12,1400,FL,32164,1201400,-81.227044,29.504288,18345,1
32168,12,1901,FL,NEW SMYRNA BEACH,1201901,-81.060164,29.009184,1999,0.157737
32168,12,1903,FL,NEW SMYRNA BEACH,1201903,-80.949061,29.028192,10674,0.842263
32169,12,1903,FL,NEW SMYRNA BEACH,1201903,-80.88375,29.012038,11497,1
32174,12,1400,FL,ORMOND BEACH,1201400,-81.171807,29.364506,989,0.041255
32174,12,1901,FL,ORMOND BEACH,1201901,-81.151056,29.26081,3203,0.133609
32174,12,1902,FL,ORMOND BEACH,1201902,-81.091287,29.293087,19781,0.825136
32176,12,1902,FL,ORMOND BEACH,1201902,-81.059364,29.326058,10386,1
32177,12,1400,FL,PALATKA,1201400,-81.670238,29.657786,11743,1
32179,12,1502,FL,OCKLAWAHA,1201502,-81.889121,29.086675,4715,1
32180,12,1400,FL,PIERSON,1201400,-81.403127,29.306322,13,0.008228
32180,12,1901,FL,PIERSON,1201901,-81.45511,29.228777,1567,0.991772
32181,12,1400,FL,POMONA PARK,1201400,-81.601018,29.494692,1395,1
32187,12,1400,FL,SAN MATEO,1201400,-81.577251,29.598805,845,1
32189,12,1400,FL,SATSUMA,1201400,-81.640297,29.557907,3607,1
32190,12,1901,FL,SEVILLE,1201901,-81.500452,29.327265,563,1
32193,12,1400,FL,WELAKA,1201400,-81.672536,29.480726,701,1
32195,12,1502,FL,WEIRSDALE,1201502,-81.911505,28.982641,1437,0.891439
32195,12,1802,FL,WEIRSDALE,1201802,-81.91898,28.950805,175,0.108561
32202,12,1102,FL,JACKSONVILLE,1201102,-81.654515,30.330599,2089,0.999521
32202,12,1107,FL,JACKSONVILLE,1201107,-81.675006,30.320985,1,0.000478
32204,12,1102,FL,JACKSONVILLE,1201102,-81.69088,30.327771,820,0.194543
32204,12,1107,FL,JACKSONVILLE,1201107,-81.685683,30.31398,3395,0.805457
32205,12,1102,FL,JACKSONVILLE,1201102,-81.73928,30.312365,242,0.016334
32205,12,1107,FL,JACKSONVILLE,1201107,-81.719806,30.305616,14574,0.983666
32206,12,1102,FL,JACKSONVILLE,1201102,-81.649367,30.351166,9576,1
32207,12,1103,FL,JACKSONVILLE,1201103,-81.613679,30.306686,2930,0.172882
32207,12,1106,FL,JACKSONVILLE,1201106,-81.638476,30.290444,14018,0.827118
32208,12,1102,FL,JACKSONVILLE,1201102,-81.685536,30.393978,14186,1
32209,12,1102,FL,JACKSONVILLE,1201102,-81.691914,30.359109,16980,1
32210,12,1106,FL,JACKSONVILLE,1201106,-81.700785,30.255575,1780,0.065746
32210,12,1107,FL,JACKSONVILLE,1201107,-81.756019,30.267606,25294,0.934254
32211,12,1103,FL,JACKSONVILLE,1201103,-81.584471,30.332469,14621,1
32212,12,1106,FL,JACKSONVILLE N A,1201106,-81.684493,30.205889,199,1
32216,12,1103,FL,JACKSONVILLE,1201103,-81.577623,30.30166,6399,0.383932
32216,12,1105,FL,JACKSONVILLE,1201105,-81.571551,30.26524,6836,0.410152
32216,12,1106,FL,JACKSONVILLE,1201106,-81.600304,30.27521,3432,0.205916
32217,12,1105,FL,JACKSONVILLE,1201105,-81.605737,30.21884,412,0.044594
32217,12,1106,FL,JACKSONVILLE,1201106,-81.616606,30.240976,8827,0.955406
32218,12,1101,FL,JACKSONVILLE,1201101,-81.660601,30.457927,17299,0.791173
32218,12,1102,FL,JACKSONVILLE,1201102,-81.672234,30.421213,3320,0.151841
32218,12,1103,FL,JACKSONVILLE,1201103,-81.631232,30.439441,1246,0.056986
32219,12,1101,FL,JACKSONVILLE,1201101,-81.778708,30.42103,3279,0.677199
32219,12,1102,FL,JACKSONVILLE,1201102,-81.737234,30.395229,1563,0.3228
32220,12,1101,FL,JACKSONVILLE,1201101,-81.856803,30.333605,1605,0.315634
32220,12,1102,FL,JACKSONVILLE,1201102,-81.810378,30.327081,3480,0.684366
32221,12,1101,FL,JACKSONVILLE,1201101,-81.914447,30.228137,386,0.036793
32221,12,1102,FL,JACKSONVILLE,1201102,-81.787348,30.314153,8,0.000763
32221,12,1107,FL,JACKSONVILLE,1201107,-81.814979,30.291263,10097,0.962444
32222,12,1107,FL,JACKSONVILLE,1201107,-81.816571,30.22469,3575,1
32223,12,1106,FL,JACKSONVILLE,1201106,-81.629564,30.156474,10053,1
32224,12,1104,FL,JACKSONVILLE,1201104,-81.448236,30.30513,4735,0.283771
32224,12,1105,FL,JACKSONVILLE,1201105,-81.47186,30.271607,11929,0.714911
32224,12,1200,FL,JACKSONVILLE,1201200,-81.432418,30.246104,22,0.001318
32225,12,1103,FL,JACKSONVILLE,1201103,-81.533287,30.348533,6868,0.318007
32225,12,1104,FL,JACKSONVILLE,1201104,-81.483595,30.346344,14729,0.681993
32226,12,1101,FL,JACKSONVILLE,1201101,-81.551226,30.475419,6068,1
32227,12,1104,FL,JACKSONVILLE BEA,1201104,-81.406721,30.379886,540,1
32233,12,1104,FL,ATLANTIC BEACH,1201104,-81.412659,30.345213,10128,1
32234,12,900,FL,BALDWIN,1200900,-82.065337,30.188715,88,0.032848
32234,12,1101,FL,BALDWIN,1201101,-81.976497,30.26643,1707,0.637178
32234,12,1300,FL,BALDWIN,1201300,-81.996106,30.138609,884,0.329974
32244,12,1106,FL,JACKSONVILLE,1201106,-81.689393,30.240784,348,0.014388
32244,12,1107,FL,JACKSONVILLE,1201107,-81.757389,30.216574,23839,0.985612
32246,12,1103,FL,JACKSONVILLE,1201103,-81.540495,30.307043,3832,0.182903
32246,12,1104,FL,JACKSONVILLE,1201104,-81.496681,30.306297,10620,0.506897
32246,12,1105,FL,JACKSONVILLE,1201105,-81.539934,30.269943,6499,0.3102
32250,12,1104,FL,JACKSONVILLE BEA,1201104,-81.399637,30.281932,12344,0.904985
32250,12,1105,FL,JACKSONVILLE BEA,1201105,-81.432406,30.276571,1296,0.095015
32254,12,1101,FL,JACKSONVILLE,1201101,-81.754135,30.370841,7,0.001168
32254,12,1102,FL,JACKSONVILLE,1201102,-81.723369,30.338448,5985,0.998832
32256,12,1105,FL,JACKSONVILLE,1201105,-81.542772,30.218081,19700,0.976843
32256,12,1106,FL,JACKSONVILLE,1201106,-81.59088,30.241302,467,0.023157
32257,12,1105,FL,JACKSONVILLE,1201105,-81.597649,30.19464,11374,0.679653
32257,12,1106,FL,JACKSONVILLE,1201106,-81.620076,30.19111,5361,0.320346
32258,12,1105,FL,JACKSONVILLE,1201105,-81.552012,30.13913,10853,1
32259,12,1200,FL,JACKSONVILLE,1201200,-81.597358,30.095744,13182,1
32266,12,1104,FL,NEPTUNE BEACH,1201104,-81.403962,30.315438,3493,1
32277,12,1103,FL,32277,1201103,-81.590252,30.365824,13109,1
32301,12,701,FL,TALLAHASSEE,1200701,-84.255874,30.42855,14432,0.99993
32301,12,702,FL,TALLAHASSEE,1200702,-84.226555,30.421898,1,0.000069
32303,12,701,FL,TALLAHASSEE,1200701,-84.315462,30.478448,19934,0.89322
32303,12,702,FL,TALLAHASSEE,1200702,-84.371647,30.527412,2383,0.10678
32304,12,701,FL,TALLAHASSEE,1200701,-84.317504,30.447451,17669,0.90434
32304,12,702,FL,TALLAHASSEE,1200702,-84.373828,30.454808,1869,0.09566
32305,12,701,FL,WAKULLA SPRINGS,1200701,-84.289393,30.392595,4644,0.517956
32305,12,702,FL,WAKULLA SPRINGS,1200702,-84.281669,30.326551,4322,0.482043
32308,12,701,FL,TALLAHASSEE,1200701,-84.246076,30.470949,8254,0.759827
32308,12,702,FL,TALLAHASSEE,1200702,-84.212647,30.474157,2609,0.240173
32309,12,701,FL,MICCOSUKEE CPO,1200701,-84.216521,30.525283,9893,0.769045
32309,12,702,FL,MICCOSUKEE CPO,1200702,-84.103212,30.54254,2971,0.230955
32310,12,701,FL,TALLAHASSEE,1200701,-84.313362,30.421495,5357,0.612719
32310,12,702,FL,TALLAHASSEE,1200702,-84.492701,30.418879,3386,0.387281
32311,12,701,FL,TALLAHASSEE,1200701,-84.244408,30.394892,596,0.071712
32311,12,702,FL,TALLAHASSEE,1200702,-84.184797,30.413983,7715,0.928288
32312,12,701,FL,TALLAHASSEE,1200701,-84.269209,30.520714,7209,0.564836
32312,12,702,FL,TALLAHASSEE,1200702,-84.244202,30.594697,5554,0.435164
32317,12,702,FL,TALLAHASSEE,1200702,-84.151593,30.464957,5326,1
32320,12,600,FL,APALACHICOLA,1200600,-85.004652,29.726572,2021,1
32321,12,600,FL,BRISTOL,1200600,-84.976411,30.363587,2403,1
32322,12,600,FL,CARRABELLE,1200600,-84.650556,29.85815,2196,1
32323,12,600,FL,LANARK VILLAGE,1200600,-84.596763,29.88539,418,1
32324,12,702,FL,CHATTAHOOCHEE,1200702,-84.815396,30.678887,2026,1
32327,12,600,FL,CRAWFORDVILLE,1200600,-84.330755,30.192167,10150,0.999212
32327,12,702,FL,CRAWFORDVILLE,1200702,-84.147104,30.280248,8,0.000788
32328,12,600,FL,SAINT GEORGE ISL,1200600,-84.836525,29.714047,3110,1
32330,12,702,FL,GREENSBORO,1200702,-84.747655,30.574516,312,1
32331,12,600,FL,GREENVILLE,1200600,-83.633591,30.46691,2079,1
32332,12,702,FL,GRETNA,1200702,-84.664817,30.614454,655,1
32333,12,702,FL,HAVANA,1200702,-84.414995,30.615972,5257,1
32334,12,600,FL,HOSFORD,1200600,-84.786094,30.350749,954,1
32336,12,600,FL,LAMONT,1200600,-83.867209,30.321168,865,1
32340,12,600,FL,MADISON,1200600,-83.409935,30.483016,4859,1
32343,12,702,FL,MIDWAY,1200702,-84.47219,30.499409,1223,1
32344,12,600,FL,MONTICELLO,1200600,-83.897461,30.5112,5841,1
32346,12,600,FL,PANACEA,1200600,-84.383457,29.97676,1744,1
32347,12,600,FL,PERRY,1200600,-83.593169,30.139111,3621,1
32348,12,600,FL,32348,1200600,-83.588032,30.019876,4960,1
32350,12,600,FL,PINETTA,1200600,-83.340727,30.595621,713,1
32351,12,702,FL,QUINCY,1200702,-84.617781,30.555922,7327,1
32352,12,702,FL,MOUNT PLEASANT,1200702,-84.583511,30.644919,2706,1
32355,12,600,FL,SAINT MARKS,1200600,-84.208378,30.163906,221,1
32356,12,600,FL,SALEM,1200600,-83.427727,29.865088,111,1
32358,12,600,FL,SOPCHOPPY,1200600,-84.498392,30.04786,1593,1
32359,12,600,FL,STEINHATCHEE,1200600,-83.376968,29.680577,1782,0.786407
32359,12,800,FL,STEINHATCHEE,1200800,-83.362307,29.657155,484,0.213592
32361,12,600,FL,WACISSA,1200600,-83.988147,30.356654,133,1
32399,12,701,FL,TALLAHASSEE,1200701,-84.233597,30.419215,1,1
32401,12,500,FL,PANAMA CITY,1200500,-85.651873,30.161399,11764,1
32403,12,500,FL,PANAMA CITY,1200500,-85.64267,30.101086,935,1
32404,12,500,FL,PANAMA CITY,1200500,-85.57154,30.173481,16640,1
32405,12,500,FL,PANAMA CITY,1200500,-85.668447,30.195994,13925,1
32407,12,500,FL,PANAMA CITY BEAC,1200500,-85.807902,30.191767,8118,1
32408,12,500,FL,PANAMA CITY BEAC,1200500,-85.768532,30.16018,16263,1
32409,12,500,FL,SOUTHPORT,1200500,-85.647156,30.32923,3820,1
32410,12,500,FL,MEXICO BEACH,1200500,-85.410383,29.944263,1451,1
32413,12,400,FL,PANAMA CITY BEAC,1200400,-86.031118,30.287463,2973,0.178173
32413,12,500,FL,PANAMA CITY BEAC,1200500,-85.910355,30.238204,13713,0.821826
32420,12,400,FL,ALFORD,1200400,-85.383521,30.643114,1246,1
32421,12,600,FL,ALTHA,1200600,-85.182722,30.533888,2075,1
32423,12,400,FL,BASCOM,1200400,-85.078066,30.94193,633,1
32424,12,600,FL,BLOUNTSTOWN,1200600,-85.066461,30.432327,2827,1
32425,12,400,FL,BONIFAY,1200400,-85.707767,30.84303,5875,1
32426,12,400,FL,CAMPBELLTON,1200400,-85.379456,30.948029,487,1
32427,12,400,FL,CARYVILLE,1200400,-85.788582,30.724626,589,1
32428,12,400,FL,CHIPLEY,1200400,-85.576284,30.664625,7253,1
32430,12,600,FL,CLARKSVILLE,1200600,-85.219204,30.446912,618,1
32431,12,400,FL,COTTONDALE,1200400,-85.396932,30.773915,2354,1
32432,12,400,FL,CYPRESS,1200400,-85.077257,30.714439,41,1
32433,12,400,FL,DE FUNIAK SPRING,1200400,-86.180628,30.780864,7256,1
32435,12,400,FL,32435,1200400,-86.122799,30.695958,3301,1
32437,12,400,FL,EBRO,1200400,-85.883918,30.444519,289,0.83526
32437,12,500,FL,EBRO,1200500,-85.936561,30.396751,57,0.16474
32438,12,400,FL,FOUNTAIN,1200400,-85.490304,30.486033,32,0.016024
32438,12,500,FL,FOUNTAIN,1200500,-85.428901,30.493961,1814,0.908362
32438,12,600,FL,FOUNTAIN,1200600,-85.359622,30.541751,151,0.075613
32439,12,400,FL,FREEPORT,1200400,-86.162041,30.475665,4219,1
32440,12,400,FL,GRACEVILLE,1200400,-85.523743,30.938544,2506,1
32442,12,400,FL,GRAND RIDGE,1200400,-85.015227,30.707835,1698,0.955543
32442,12,600,FL,GRAND RIDGE,1200600,-84.98417,30.59493,79,0.044457
32443,12,400,FL,GREENWOOD,1200400,-85.116898,30.86446,1479,1
32444,12,500,FL,LYNN HAVEN,1200500,-85.645312,30.233285,8359,1
32445,12,400,FL,MALONE,1200400,-85.173905,30.962144,625,1
32446,12,400,FL,MARIANNA,1200400,-85.20431,30.792978,4561,1
32448,12,400,FL,32448,1200400,-85.233205,30.72543,4354,1
32449,12,600,FL,KINARD,1200600,-85.229444,30.270544,249,1
32455,12,400,FL,PONCE DE LEON,1200400,-85.959394,30.661533,2362,1
32456,12,500,FL,PORT SAINT JOE,1200500,-85.404933,29.941053,403,0.069953
32456,12,600,FL,PORT SAINT JOE,1200600,-85.331371,29.823348,5358,0.930047
32459,12,400,FL,SANTA ROSA BEACH,1200400,-86.192242,30.351532,11678,1
32460,12,400,FL,SNEADS,1200400,-84.942574,30.735138,1950,1
32461,12,400,FL,SUNNYSIDE,1200400,-86.027771,30.289284,57,1
32462,12,400,FL,VERNON,1200400,-85.809228,30.571771,1881,0.986883
32462,12,500,FL,VERNON,1200500,-85.97716,30.384128,25,0.013116
32463,12,400,FL,WAUSAU,1200400,-85.590389,30.631164,53,1
32464,12,400,FL,WESTVILLE,1200400,-85.942542,30.895493,2037,1
32465,12,600,FL,WEWAHITCHKA,1200600,-85.184592,30.063131,3745,1
32466,12,400,FL,YOUNGSTOWN,1200400,-85.506582,30.464998,92,0.037505
32466,12,500,FL,YOUNGSTOWN,1200500,-85.534484,30.331602,2361,0.962495
32501,12,101,FL,PENSACOLA,1200101,-87.223353,30.425493,5349,1
32502,12,101,FL,PENSACOLA,1200101,-87.226172,30.410442,2021,1
32503,12,101,FL,PENSACOLA,1200101,-87.207188,30.45456,14207,1
32504,12,101,FL,PENSACOLA,1200101,-87.19246,30.487269,9453,0.878777
32504,12,102,FL,PENSACOLA,1200102,-87.163401,30.49145,1304,0.121223
32505,12,101,FL,PENSACOLA,1200101,-87.261679,30.448298,12612,0.991119
32505,12,102,FL,PENSACOLA,1200102,-87.282413,30.475052,113,0.00888
32506,12,101,FL,PENSACOLA,1200101,-87.324097,30.406693,15514,1
32507,12,101,FL,PENSACOLA,1200101,-87.34542,30.35462,16971,1
32508,12,101,FL,PENSACOLA,1200101,-87.283339,30.352926,368,1
32514,12,102,FL,PENSACOLA,1200102,-87.218023,30.52351,17761,1
32526,12,101,FL,PENSACOLA,1200101,-87.307845,30.459294,9018,0.59368
32526,12,102,FL,PENSACOLA,1200102,-87.338566,30.507889,6172,0.40632
32530,12,200,FL,BAGDAD,1200200,-87.030076,30.59855,24,1
32531,12,200,FL,BAKER,1200200,-86.804526,30.835931,20,0.008358
32531,12,300,FL,BAKER,1200300,-86.670775,30.820483,2373,0.991642
32533,12,102,FL,CANTONMENT,1200102,-87.314837,30.588419,10598,1
32534,12,102,FL,PENSACOLA,1200102,-87.281004,30.531883,6376,1
32535,12,102,FL,CENTURY,1200102,-87.327099,30.968597,2079,1
32536,12,300,FL,CRESTVIEW,1200300,-86.585232,30.754058,8585,1
32539,12,300,FL,32539,1200300,-86.528526,30.762964,9581,0.973976
32539,12,400,FL,32539,1200400,-86.371779,30.790379,256,0.026024
32541,12,300,FL,SANDESTIN,1200300,-86.465722,30.391086,15748,1
32542,12,300,FL,EGLIN A F B,1200300,-86.550363,30.464147,1192,1
32544,12,300,FL,HURLBURT FIELD,1200300,-86.708091,30.414532,375,1
32547,12,300,FL,FORT WALTON BEAC,1200300,-86.630631,30.446859,15486,1
32548,12,300,FL,FORT WALTON BEAC,1200300,-86.61951,30.411376,12276,1
32550,12,400,FL,32550,1200400,-86.351462,30.380662,12239,1
32561,12,101,FL,GULF BREEZE,1200101,-87.081914,30.343911,3545,0.570119
32561,12,200,FL,GULF BREEZE,1200200,-87.174852,30.35984,2673,0.429881
32563,12,200,FL,HAROLD,1200200,-87.05175,30.391389,10114,1
32564,12,200,FL,HOLT,1200200,-86.834865,30.718533,193,0.144245
32564,12,300,FL,HOLT,1200300,-86.730326,30.712799,1145,0.855755
32565,12,200,FL,JAY,1200200,-87.145782,30.910917,2456,1
32566,12,200,FL,NAVARRE,1200200,-86.884464,30.415606,15325,1
32567,12,300,FL,LAUREL HILL,1200300,-86.481646,30.931789,986,0.564073
32567,12,400,FL,LAUREL HILL,1200400,-86.332682,30.960545,762,0.435927
32568,12,102,FL,WALNUT HILL,1200102,-87.445514,30.890011,1334,1
32569,12,300,FL,MARY ESTHER,1200300,-86.722369,30.411938,5238,1
32570,12,200,FL,MILTON,1200200,-87.054386,30.67024,12615,1
32571,12,200,FL,PACE,1200200,-87.1529,30.623592,11574,1
32577,12,102,FL,MOLINO,1200102,-87.36264,30.72471,1908,1
32578,12,300,FL,NICEVILLE,1200300,-86.45,30.50127,12859,0.967351
32578,12,400,FL,NICEVILLE,1200400,-86.380335,30.46219,434,0.032649
32579,12,300,FL,SHALIMAR,1200300,-86.572627,30.445722,4714,1
32580,12,300,FL,VALPARAISO,1200300,-86.498055,30.509225,1849,1
32583,12,200,FL,MILTON,1200200,-87.024429,30.590598,9765,1
32601,12,1001,FL,GAINESVILLE,1201001,-82.328095,29.649336,9381,1
32603,12,1001,FL,GAINESVILLE,1201001,-82.349904,29.652292,2316,1
32605,12,1001,FL,GAINESVILLE,1201001,-82.36562,29.680013,10543,1
32606,12,1001,FL,GAINESVILLE,1201001,-82.385265,29.685706,1313,0.124208
32606,12,1002,FL,GAINESVILLE,1201002,-82.425671,29.681543,9258,0.875792
32607,12,1001,FL,GAINESVILLE,1201001,-82.388752,29.648363,5167,0.355071
32607,12,1002,FL,GAINESVILLE,1201002,-82.411313,29.641442,9385,0.644928
32608,12,1001,FL,GAINESVILLE,1201001,-82.355782,29.626288,6399,0.27852
32608,12,1002,FL,GAINESVILLE,1201002,-82.403314,29.608512,16576,0.721479
32609,12,1001,FL,GAINESVILLE,1201001,-82.316141,29.680648,6391,0.780723
32609,12,1002,FL,GAINESVILLE,1201002,-82.298758,29.776008,1795,0.219277
32612,12,1001,FL,GAINESVILLE,1201001,-82.364093,29.641158,13,1
32615,12,1002,FL,SANTA FE,1201002,-82.488124,29.788574,6302,1
32616,12,1002,FL,32616,1201002,-82.492958,29.791375,355,1
32617,12,1501,FL,ANTHONY,1201501,-82.097189,29.312556,1483,0.825724
32617,12,1502,FL,ANTHONY,1201502,-82.054347,29.309094,313,0.174276
32618,12,800,FL,ARCHER,1200800,-82.593986,29.502497,800,0.231014
32618,12,1002,FL,ARCHER,1201002,-82.502019,29.556035,2663,0.768986
32619,12,800,FL,BELL,1200800,-82.879696,29.760482,2301,1
32621,12,800,FL,BRONSON,1200800,-82.611298,29.445092,2281,1
32622,12,900,FL,BROOKER,1200900,-82.319533,29.898201,439,0.735343
32622,12,1002,FL,BROOKER,1201002,-82.35526,29.856816,158,0.264657
32625,12,800,FL,CEDAR KEY,1200800,-83.011606,29.176939,1172,1
32626,12,800,FL,CHIEFLAND,1200800,-82.893864,29.468419,4186,1
32628,12,800,FL,CROSS CITY,1200800,-83.121242,29.632309,1644,1
32631,12,1002,FL,EARLETON,1201002,-82.097951,29.738538,169,1
32639,12,800,FL,GULF HAMMOCK,1200800,-82.72464,29.237968,265,1
32640,12,1002,FL,HAWTHORNE,1201002,-82.110642,29.584946,2511,0.441378
32640,12,1400,FL,HAWTHORNE,1201400,-81.999482,29.598886,3178,0.558622
32641,12,1001,FL,32641,1201001,-82.289311,29.643964,4991,0.914103
32641,12,1002,FL,32641,1201002,-82.190814,29.645668,469,0.085897
32643,12,800,FL,HIGH SPRINGS,1200800,-82.709353,29.806393,888,0.18332
32643,12,900,FL,HIGH SPRINGS,1200900,-82.604287,29.894079,641,0.132329
32643,12,1002,FL,HIGH SPRINGS,1201002,-82.595235,29.820241,3315,0.684351
32648,12,800,FL,HORSESHOE BEACH,1200800,-83.27972,29.466431,684,1
32653,12,1001,FL,32653,1201001,-82.370813,29.71274,3291,0.554694
32653,12,1002,FL,32653,1201002,-82.405821,29.724401,2642,0.445306
32656,12,900,FL,KEYSTONE HEIGHTS,1200900,-82.057036,29.786874,666,0.102635
32656,12,1300,FL,KEYSTONE HEIGHTS,1201300,-81.986555,29.796478,5823,0.897365
32658,12,1002,FL,LA CROSSE,1201002,-82.400707,29.848313,123,1
32664,12,1502,FL,MC INTOSH,1201502,-82.220651,29.450211,318,1
32666,12,900,FL,MELROSE,1200900,-82.055064,29.749089,642,0.200249
32666,12,1002,FL,MELROSE,1201002,-82.07298,29.71023,440,0.137243
32666,12,1300,FL,MELROSE,1201300,-82.001406,29.752505,602,0.187773
32666,12,1400,FL,MELROSE,1201400,-81.998278,29.718407,1522,0.474735
32667,12,1002,FL,MICANOPY,1201002,-82.300241,29.518343,1086,0.569779
32667,12,1502,FL,MICANOPY,1201502,-82.26668,29.455124,820,0.43022
32668,12,800,FL,MORRISTON,1200800,-82.503834,29.263886,2022,0.814665
32668,12,1502,FL,MORRISTON,1201502,-82.373094,29.272776,460,0.185334
32669,12,800,FL,NEWBERRY,1200800,-82.666016,29.624378,343,0.068848
32669,12,1002,FL,NEWBERRY,1201002,-82.559396,29.651985,4639,0.931152
32680,12,800,FL,OLD TOWN,1200800,-83.006975,29.634825,5739,1
32681,12,1502,FL,ORANGE LAKE,1201502,-82.210137,29.425156,73,1
32683,12,800,FL,OTTER CREEK,1200800,-82.777395,29.31788,89,1
32686,12,1501,FL,REDDICK,1201501,-82.203669,29.32693,49,0.020511
32686,12,1502,FL,REDDICK,1201502,-82.243108,29.376728,2340,0.979489
32692,12,800,FL,SUWANNEE,1200800,-83.138383,29.330252,672,1
32693,12,800,FL,TRENTON,1200800,-82.821303,29.607824,4876,1
32694,12,1002,FL,WALDO,1201002,-82.150756,29.785647,1075,1
32696,12,800,FL,WILLISTON,1200800,-82.49046,29.387985,4898,0.901527
32696,12,1502,FL,WILLISTON,1201502,-82.378914,29.396591,535,0.098472
32697,12,900,FL,WORTHINGTON SPRI,1200900,-82.427866,29.930959,139,1
32701,12,2001,FL,ALTAMONTE SPRING,1202001,-81.373908,28.662982,10978,0.974956
32701,12,2003,FL,ALTAMONTE SPRING,1202003,-81.349254,28.668234,282,0.025044
32702,12,1502,FL,ALTOONA,1201502,-81.6558,29.044891,158,0.105474
32702,12,1802,FL,ALTOONA,1201802,-81.634946,29.009323,1340,0.894526
32703,12,2001,FL,HUNT CLUB,1202001,-81.448766,28.663925,4557,0.251907
32703,12,2201,FL,HUNT CLUB,1202201,-81.496068,28.661715,13373,0.739248
32703,12,2202,FL,HUNT CLUB,1202202,-81.531661,28.601004,160,0.008845
32707,12,2003,FL,CASSELBERRY,1202003,-81.313887,28.660246,16154,1
32708,12,2002,FL,WINTER SPRINGS,1202002,-81.27276,28.644255,792,0.044756
32708,12,2003,FL,WINTER SPRINGS,1202003,-81.278841,28.684854,16904,0.955244
32709,12,2207,FL,CHRISTMAS,1202207,-81.008806,28.542027,1053,1
32712,12,2201,FL,APOPKA,1202201,-81.518002,28.71111,15942,1
32713,12,1901,FL,DEBARY,1201901,-81.310393,28.889188,9098,1
32714,12,2001,FL,FOREST CITY,1202001,-81.410311,28.66285,16848,0.999763
32714,12,2205,FL,FOREST CITY,1202205,-81.414404,28.640313,4,0.000237
32720,12,1802,FL,DELAND,1201802,-81.424543,28.983901,1141,0.085048
32720,12,1901,FL,DELAND,1201901,-81.325135,29.031825,12275,0.914952
32724,12,1901,FL,DELAND,1201901,-81.285459,29.038217,14827,1
32725,12,1901,FL,DELTONA,1201901,-81.246261,28.901754,18924,1
32726,12,1802,FL,EUSTIS,1201802,-81.678824,28.850528,9628,1
32730,12,2001,FL,FERN PARK,1202001,-81.35184,28.653607,525,0.192449
32730,12,2003,FL,FERN PARK,1202003,-81.338926,28.651113,2203,0.807551
32732,12,2002,FL,GENEVA,1202002,-81.113337,28.749266,2271,1
32735,12,1802,FL,GRAND ISLAND,1201802,-81.74371,28.893631,1955,1
32736,12,1802,FL,32736,1201802,-81.542948,28.890297,4019,1
32738,12,1901,FL,DELTONA,1201901,-81.191044,28.910277,16592,1
32744,12,1901,FL,LAKE HELEN,1201901,-81.230968,28.981741,1738,1
32746,12, ,FL,HEATHROW,12,-81.37408,28.78833,3,0.000169
32746,12,2001,FL,HEATHROW,1202001,-81.350505,28.762125,16143,0.912034
32746,12,2002,FL,HEATHROW,1202002,-81.316348,28.743013,1554,0.087797
32750,12,2001,FL,LONGWOOD,1202001,-81.365334,28.705673,6104,0.658255
32750,12,2002,FL,LONGWOOD,1202002,-81.33275,28.711162,2445,0.263669
32750,12,2003,FL,LONGWOOD,1202003,-81.33549,28.695936,724,0.078076
32751,12,2001,FL,EATONVILLE,1202001,-81.373939,28.642949,659,0.067959
32751,12,2003,FL,EATONVILLE,1202003,-81.333324,28.636466,2050,0.211406
32751,12,2205,FL,EATONVILLE,1202205,-81.368781,28.626416,6988,0.720635
32754,12,1901,FL,MIMS,1201901,-81.00557,28.719189,274,0.05224
32754,12,2101,FL,MIMS,1202101,-80.869878,28.697513,4971,0.94776
32757,12,1801,FL,MOUNT DORA,1201801,-81.671166,28.741726,174,0.014342
32757,12,1802,FL,MOUNT DORA,1201802,-81.646209,28.810416,10063,0.829459
32757,12,2201,FL,MOUNT DORA,1202201,-81.623009,28.762339,1895,0.156198
32759,12,1901,FL,OAK HILL,1201901,-80.954024,28.809192,5,0.002996
32759,12,1903,FL,OAK HILL,1201903,-80.855573,28.873928,1664,0.997004
32763,12,1901,FL,ORANGE CITY,1201901,-81.297131,28.941707,10438,1
32764,12,1901,FL,OSTEEN,1201901,-81.143907,28.841593,1527,1
32765,12,2002,FL,OVIEDO,1202002,-81.207672,28.637647,18288,0.84749
32765,12,2003,FL,OVIEDO,1202003,-81.221455,28.668723,3291,0.152509
32766,12,2002,FL,CHULUOTA,1202002,-81.133049,28.644156,5146,1
32767,12,1802,FL,PAISLEY,1201802,-81.511719,29.000648,1332,1
32771,12,2001,FL,SANFORD,1202001,-81.365644,28.813342,5039,0.238838
32771,12,2002,FL,SANFORD,1202002,-81.286748,28.800305,16059,0.761162
32773,12,2001,FL,SANFORD,1202001,-81.300563,28.769311,3226,0.268207
32773,12,2002,FL,SANFORD,1202002,-81.274659,28.762785,8802,0.731792
32776,12,1802,FL,SORRENTO,1201802,-81.538615,28.811009,4065,0.99098
32776,12,2201,FL,SORRENTO,1202201,-81.532972,28.784106,37,0.00902
32778,12,1801,FL,TAVARES,1201801,-81.746699,28.785254,5586,0.553617
32778,12,1802,FL,TAVARES,1201802,-81.718849,28.810738,4504,0.446383
32779,12,2001,FL,SPRINGS PLAZA,1202001,-81.420082,28.703308,11332,1
32780,12,2101,FL,TITUSVILLE,1202101,-80.821807,28.565281,18761,0.999041
32780,12,2102,FL,TITUSVILLE,1202102,-80.678557,28.567873,18,0.000959
32784,12,1502,FL,DONA VISTA,1201502,-81.762858,28.989613,1668,0.320153
32784,12,1802,FL,DONA VISTA,1201802,-81.663917,28.927083,3542,0.679846
32789,12,2205,FL,WINTER PARK,1202205,-81.353704,28.598164,11972,1
32792,12,2002,FL,ALOMA,1202002,-81.274921,28.62537,1610,0.068354
32792,12,2003,FL,ALOMA,1202003,-81.304447,28.621753,7314,0.31052
32792,12,2205,FL,ALOMA,1202205,-81.31597,28.595119,6400,0.271716
32792,12,2206,FL,ALOMA,1202206,-81.292424,28.596097,8230,0.34941
32796,12,2101,FL,TITUSVILLE,1202101,-80.841773,28.627394,9800,1
32798,12,2201,FL,ZELLWOOD,1202201,-81.579846,28.722031,1534,1
32801,12,2204,FL,ORLANDO,1202204,-81.373338,28.541909,8492,1
32803,12,2204,FL,ORLANDO,1202204,-81.356168,28.555045,7512,0.703107
32803,12,2205,FL,ORLANDO,1202205,-81.345548,28.567974,1482,0.138712
32803,12,2206,FL,ORLANDO,1202206,-81.341185,28.534332,1690,0.15818
32804,12,2204,FL,FAIRVILLA,1202204,-81.388821,28.569493,6435,0.703663
32804,12,2205,FL,FAIRVILLA,1202205,-81.397024,28.592757,2710,0.296337
32805,12,2203,FL,ORLANDO,1202203,-81.392665,28.506396,515,0.052739
32805,12,2204,FL,ORLANDO,1202204,-81.404042,28.531373,9250,0.94726
32806,12,2203,FL,ORLANDO,1202203,-81.359572,28.504145,5428,0.448929
32806,12,2204,FL,ORLANDO,1202204,-81.370143,28.521454,2833,0.234306
32806,12,2206,FL,ORLANDO,1202206,-81.348079,28.522111,3830,0.316764
32807,12,2205,FL,AZALEA PARK,1202205,-81.313702,28.566613,1377,0.104707
32807,12,2206,FL,AZALEA PARK,1202206,-81.303769,28.545263,11047,0.840012
32807,12,2207,FL,AZALEA PARK,1202207,-81.28236,28.550908,727,0.055281
32808,12,2201,FL,PINE HILLS,1202201,-81.45863,28.591056,3778,0.193327
32808,12,2204,FL,PINE HILLS,1202204,-81.447883,28.566195,8322,0.425852
32808,12,2205,FL,PINE HILLS,1202205,-81.438257,28.59891,7442,0.380821
32809,12,2203,FL,PINE CASTLE,1202203,-81.387708,28.464109,10467,1
32810,12,2201,FL,LOCKHART,1202201,-81.460551,28.619755,3147,0.22854
32810,12,2205,FL,LOCKHART,1202205,-81.417603,28.623975,10623,0.77146
32811,12,2204,FL,ORLO VISTA,1202204,-81.448008,28.51141,16692,1
32812,12,2203,FL,ORLANDO,1202203,-81.328229,28.485918,7595,0.50728
32812,12,2206,FL,ORLANDO,1202206,-81.326045,28.517297,7377,0.49272
32814,12,2205,FL,ORLANDO,1202205,-81.327149,28.568159,3090,1
32817,12,2206,FL,UNION PARK,1202206,-81.244565,28.591083,13376,0.997911
32817,12,2207,FL,UNION PARK,1202207,-81.26213,28.567751,28,0.002089
32818,12,2201,FL,ORLANDO,1202201,-81.480243,28.594983,7528,0.458996
32818,12,2202,FL,ORLANDO,1202202,-81.491606,28.562707,6883,0.419669
32818,12,2204,FL,ORLANDO,1202204,-81.472265,28.562828,1990,0.121334
32819,12,2202,FL,SAND LAKE,1202202,-81.479153,28.461061,13788,1
32820,12,2207,FL,UNION PARK,1202207,-81.117024,28.573617,2908,1
32821,12,2202,FL,ORLANDO,1202202,-81.470072,28.392452,11851,1
32822,12,2203,FL,VENTURA,1202203,-81.301964,28.484475,8081,0.325034
32822,12,2206,FL,VENTURA,1202206,-81.302164,28.513785,9907,0.398479
32822,12,2207,FL,VENTURA,1202207,-81.278898,28.499731,6874,0.276486
32824,12,2203,FL,ORLANDO,1202203,-81.362619,28.377019,13011,1
32825,12,2207,FL,ORLANDO,1202207,-81.245741,28.541864,20548,1
32826,12,2206,FL,ORLANDO,1202206,-81.184501,28.585286,8604,0.998955
32826,12,2207,FL,ORLANDO,1202207,-81.15705,28.563852,9,0.001045
32827,12,2203,FL,ORLANDO,1202203,-81.284045,28.418612,2430,0.875675
32827,12,2207,FL,ORLANDO,1202207,-81.262286,28.447523,345,0.124324
32828,12,2207,FL,ORLANDO,1202207,-81.174722,28.538337,22113,1
32829,12,2207,FL,ORLANDO,1202207,-81.255806,28.485988,6911,1
32830,12,2202,FL,LAKE BUENA VISTA,1202202,-81.56451,28.412262,9,1
32831,12,2207,FL,ORLANDO,1202207,-81.147559,28.45687,94,1
32832,12,2203,FL,ORLANDO,1202203,-81.246843,28.35171,1,0.000183
32832,12,2207,FL,ORLANDO,1202207,-81.222651,28.405048,5450,0.999816
32833,12,2207,FL,UNION PARK,1202207,-81.089356,28.513555,3610,1
32835,12,2202,FL,ORLANDO,1202202,-81.490922,28.523872,7652,0.413465
32835,12,2204,FL,ORLANDO,1202204,-81.47052,28.521514,10855,0.586535
32836,12,2202,FL,ORLANDO,1202202,-81.510912,28.419463,8261,1
32837,12,2202,FL,ORLANDO,1202202,-81.418569,28.37779,19570,1
32839,12,2203,FL,ORLANDO,1202203,-81.411858,28.487055,21211,1
32901,12,2103,FL,MELBOURNE,1202103,-80.622088,28.074526,8686,0.658229
32901,12,2104,FL,MELBOURNE,1202104,-80.621658,28.048526,4510,0.34177
32903,12,2102,FL,INDIALANTIC,1202102,-80.578011,28.11155,7018,1
32904,12,2103,FL,MELBOURNE VILLAG,1202103,-80.667026,28.069746,12869,0.992213
32904,12,2104,FL,MELBOURNE VILLAG,1202104,-80.677723,28.039542,101,0.007787
32905,12,2104,FL,PALM BAY,1202104,-80.607656,28.028884,12204,1
32907,12,2104,FL,PALM BAY,1202104,-80.67791,28.016168,17229,1
32908,12,2103,FL,PALM BAY,1202103,-80.719002,27.995116,181,0.04279
32908,12,2104,FL,PALM BAY,1202104,-80.687128,27.969233,4049,0.95721
32909,12,2103,FL,PALM BAY,1202103,-80.646473,27.888915,333,0.026999
32909,12,2104,FL,PALM BAY,1202104,-80.647078,27.957406,12001,0.973001
32920,12,2102,FL,CAPE CANAVERAL,1202102,-80.60331,28.39138,8242,1
32922,12,2101,FL,COCOA,1202101,-80.745853,28.369072,7570,1
32925,12,2102,FL,PATRICK A F B,1202102,-80.604543,28.24287,462,1
32926,12,2101,FL,COCOA,1202101,-80.789208,28.389701,9527,1
32927,12,2101,FL,PORT SAINT JOHN,1202101,-80.797655,28.471216,11083,1
32931,12,2102,FL,COCOA BEACH,1202102,-80.609969,28.33368,10797,1
32934,12,2103,FL,EAU GALLIE,1202103,-80.690175,28.146454,7548,1
32935,12,2103,FL,MELBOURNE,1202103,-80.653149,28.143192,20034,1
32937,12,2102,FL,INDIAN HARBOR BE,1202102,-80.597722,28.172507,13533,1
32940,12,2101,FL,MELBOURNE,1202101,-80.71269,28.2465,8050,0.533961
32940,12,2103,FL,MELBOURNE,1202103,-80.69064,28.210777,7026,0.466039
32948,12,2103,FL,FELLSMERE,1202103,-80.788203,27.941859,87,0.04135
32948,12,2104,FL,FELLSMERE,1202104,-80.599127,27.845226,1,0.000475
32948,12,3200,FL,FELLSMERE,1203200,-80.59817,27.767048,2016,0.958175
32949,12,2102,FL,GRANT,1202102,-80.517013,27.925646,62,0.055856
32949,12,2104,FL,GRANT,1202104,-80.546501,27.923137,1048,0.944144
32950,12,2104,FL,MALABAR,1202104,-80.58483,27.981874,1751,1
32951,12,2102,FL,MELBOURNE BEACH,1202102,-80.530693,28.006461,6827,1
32952,12,2102,FL,MERRITT ISLAND,1202102,-80.6753,28.343063,9614,1
32953,12,2102,FL,MERRITT ISLAND,1202102,-80.703236,28.400189,10905,1
32955,12,2101,FL,ROCKLEDGE,1202101,-80.730274,28.305575,16087,0.981453
32955,12,2103,FL,ROCKLEDGE,1202103,-80.671308,28.22092,304,0.018547
32958,12,3200,FL,SEBASTIAN,1203200,-80.479345,27.785543,13260,1
32960,12,3200,FL,VERO BEACH,1203200,-80.400063,27.63297,11439,1
32962,12,3200,FL,VERO BEACH,1203200,-80.389678,27.588766,12309,1
32963,12,3200,FL,INDIAN RIVER SHO,1203200,-80.368056,27.676257,11456,1
32966,12,3200,FL,VERO BEACH,1203200,-80.48,27.639569,10379,1
32967,12,3200,FL,VERO BEACH,1203200,-80.451306,27.703238,9971,1
32968,12,3200,FL,VERO BEACH,1203200,-80.433978,27.597305,5330,1
32970,12,3200,FL,WABASSO,1203200,-80.455803,27.750414,186,1
32976,12,2104,FL,BAREFOOT BAY,1202104,-80.51669,27.879873,6575,1
33001,12,4020,FL,LONG KEY,1204020,-80.834518,24.811867,651,1
33004,12,3609,FL,DANIA,1203609,-80.142066,26.04632,8772,1
33009,12,3609,FL,HALLANDALE,1203609,-80.118613,25.986259,388,0.013324
33009,12,3612,FL,HALLANDALE,1203612,-80.166754,25.981037,3514,0.120673
33009,12,3613,FL,HALLANDALE,1203613,-80.132048,25.986319,25218,0.866003
33010,12,4005,FL,HIALEAH,1204005,-80.281485,25.832736,15876,1
33012,12,4004,FL,HIALEAH,1204004,-80.31041,25.868311,17227,0.69649
33012,12,4005,FL,HIALEAH,1204005,-80.296527,25.856139,6900,0.278968
33012,12,4006,FL,HIALEAH,1204006,-80.289727,25.8829,607,0.024541
33013,12,4005,FL,HIALEAH,1204005,-80.272258,25.859177,10005,1
33014,12,4002,FL,HIALEAH,1204002,-80.285766,25.925457,35,0.002345
33014,12,4003,FL,HIALEAH,1204003,-80.309677,25.912917,6425,0.430543
33014,12,4004,FL,HIALEAH,1204004,-80.306964,25.890013,7343,0.492059
33014,12,4006,FL,HIALEAH,1204006,-80.289211,25.887114,1120,0.075052
33015,12,4003,FL,HIALEAH,1204003,-80.316213,25.939832,22552,1
33016,12,4003,FL,HIALEAH,1204003,-80.333346,25.893812,4642,0.312508
33016,12,4004,FL,HIALEAH,1204004,-80.332342,25.879538,10212,0.687491
33018,12,4003,FL,33018,1204003,-80.350191,25.898282,10103,0.749147
33018,12,4004,FL,33018,1204004,-80.344017,25.890827,3383,0.250853
33019,12,3609,FL,HOLLYWOOD,1203609,-80.117389,26.005104,9263,0.726225
33019,12,3613,FL,HOLLYWOOD,1203613,-80.12839,26.015022,3492,0.273775
33020,12,3609,FL,HOLLYWOOD,1203609,-80.155449,26.038627,1343,0.059707
33020,12,3613,FL,HOLLYWOOD,1203613,-80.149391,26.014481,21150,0.940292
33021,12,3609,FL,HOLLYWOOD,1203609,-80.190653,26.03664,9649,0.431394
33021,12,3612,FL,HOLLYWOOD,1203612,-80.185292,25.995076,20,0.000894
33021,12,3613,FL,HOLLYWOOD,1203613,-80.187799,26.009357,12698,0.567711
33023,12,3611,FL,MIRAMAR,1203611,-80.224599,26.002659,2097,0.097949
33023,12,3612,FL,MIRAMAR,1203612,-80.213527,25.983846,16678,0.779018
33023,12,3613,FL,MIRAMAR,1203613,-80.208851,26.001918,2634,0.123032
33024,12,3609,FL,PEMBROKE PINES,1203609,-80.232078,26.036205,9075,0.377779
33024,12,3610,FL,PEMBROKE PINES,1203610,-80.27195,26.039314,251,0.010449
33024,12,3611,FL,PEMBROKE PINES,1203611,-80.2611,26.019134,9022,0.375572
33024,12,3613,FL,PEMBROKE PINES,1203613,-80.223541,26.017432,5674,0.2362
33025,12,3611,FL,HOLLYWOOD,1203611,-80.280901,26.001177,11433,0.475009
33025,12,3612,FL,HOLLYWOOD,1203612,-80.276774,25.985295,12636,0.524991
33026,12,3610,FL,HOLLYWOOD,1203610,-80.297298,26.036188,3387,0.283123
33026,12,3611,FL,HOLLYWOOD,1203611,-80.29412,26.018348,8576,0.716877
33027,12,3611,FL,HOLLYWOOD,1203611,-80.332221,25.999897,10771,0.464047
33027,12,3612,FL,HOLLYWOOD,1203612,-80.341733,25.973288,12440,0.535953
33028,12,3611,FL,HOLLYWOOD,1203611,-80.348283,26.018245,8616,1
33029,12,3611,FL,PEMBROKE PINES,1203611,-80.406446,26.016612,6051,0.432369
33029,12,3612,FL,PEMBROKE PINES,1203612,-80.392717,25.987109,7944,0.567631
33030,12,4019,FL,HOMESTEAD,1204019,-80.479057,25.478154,8832,0.784369
33030,12,4020,FL,HOMESTEAD,1204020,-80.492924,25.469956,2428,0.215631
33031,12,4019,FL,HOMESTEAD,1204019,-80.474268,25.523055,1546,0.710804
33031,12,4020,FL,HOMESTEAD,1204020,-80.530986,25.5338,629,0.289195
33032,12,4019,FL,PRINCETON,1204019,-80.400422,25.527122,11068,1
33033,12,4019,FL,HOMESTEAD,1204019,-80.433724,25.486959,16778,0.99994
33033,12,4020,FL,HOMESTEAD,1204020,-80.381581,25.459357,1,0.00006
33034,12,4020,FL,FLORIDA CITY,1204020,-80.488586,25.445298,6308,1
33035,12,4020,FL,HOMESTEAD,1204020,-80.450715,25.450782,6177,1
33036,12,4020,FL,ISLAMORADA,1204020,-80.635052,24.920305,3618,1
33037,12,4020,FL,OCEAN REEF,1204020,-80.405547,25.142031,10113,1
33039,12,4019,FL,HOMESTEAD AIR FO,1204019,-80.402647,25.504006,46,1
33040,12,4020,FL,NAVAL AIR STATIO,1204020,-81.764096,24.564587,18081,1
33042,12,4020,FL,SUMMERLAND KEY,1204020,-81.465822,24.658604,4668,1
33043,12,4020,FL,BIG PINE KEY,1204020,-81.361683,24.686581,3052,1
33050,12,4020,FL,MARATHON,1204020,-81.039296,24.727189,7057,1
33051,12,4020,FL,KEY COLONY BEACH,1204020,-81.021589,24.720761,1430,1
33054,12,4003,FL,OPA LOCKA,1204003,-80.25836,25.920341,1635,0.164025
33054,12,4006,FL,OPA LOCKA,1204006,-80.243417,25.906578,8333,0.835975
33055,12,4002,FL,CAROL CITY,1204002,-80.277964,25.944938,12486,1
33056,12,4002,FL,CAROL CITY,1204002,-80.247893,25.948459,11107,1
33060,12,3603,FL,POMPANO BEACH,1203603,-80.123505,26.256684,766,0.052301
33060,12,3604,FL,POMPANO BEACH,1203604,-80.123302,26.22697,13880,0.947699
33062,12,3603,FL,POMPANO BEACH,1203603,-80.079128,26.287219,2224,0.10185
33062,12,3604,FL,POMPANO BEACH,1203604,-80.093218,26.233059,19612,0.898149
33063,12,3602,FL,MARGATE,1203602,-80.211853,26.251828,25109,1
33064,12,3603,FL,LIGHTHOUSE POINT,1203603,-80.11418,26.28088,20109,0.840291
33064,12,3604,FL,LIGHTHOUSE POINT,1203604,-80.111883,26.268504,3822,0.159709
33065,12,3601,FL,CORAL SPRINGS,1203601,-80.256023,26.271788,19745,1
33066,12,3602,FL,MARGATE,1203602,-80.177854,26.254099,10613,1
33067,12,3601,FL,NORTH CORAL SPRI,1203601,-80.220828,26.300653,9113,0.942399
33067,12,3602,FL,NORTH CORAL SPRI,1203602,-80.209137,26.272904,557,0.057601
33068,12,3602,FL,POMPANO BEACH,1203602,-80.207721,26.219092,6858,0.384546
33068,12,3604,FL,POMPANO BEACH,1203604,-80.196755,26.20824,223,0.012504
33068,12,3606,FL,POMPANO BEACH,1203606,-80.228855,26.21177,10753,0.602949
33069,12,3604,FL,POMPANO BEACH,1203604,-80.167621,26.223224,14851,1
33070,12,4020,FL,TAVERNIER,1204020,-80.52525,25.007521,4070,1
33071,12,3601,FL,POMPANO BEACH,1203601,-80.264444,26.244029,13948,1
33073,12,3602,FL,POMPANO BEACH,1203602,-80.185078,26.301354,11454,1
33076,12,3601,FL,POMPANO BEACH,1203601,-80.274947,26.305036,10374,1
33109,12,4008,FL,MIAMI BEACH,1204008,-80.137648,25.761542,754,1
33122,12,4012,FL,MIAMI,1204012,-80.315071,25.805005,1,1
33125,12,4010,FL,MIAMI,1204010,-80.22611,25.785124,10891,0.53727
33125,12,4011,FL,MIAMI,1204011,-80.242294,25.780126,9380,0.46273
33126,12,4011,FL,MIAMI,1204011,-80.276805,25.777351,12491,0.660759
33126,12,4012,FL,MIAMI,1204012,-80.32595,25.776593,6413,0.33924
33127,12,4009,FL,MIAMI,1204009,-80.205131,25.816382,9762,0.911654
33127,12,4010,FL,MIAMI,1204010,-80.209386,25.799569,946,0.088345
33128,12,4010,FL,MIAMI,1204010,-80.207701,25.776478,3360,1
33129,12,4010,FL,MIAMI,1204010,-80.200893,25.755148,8096,0.990215
33129,12,4011,FL,MIAMI,1204011,-80.208326,25.748559,80,0.009785
33130,12,4010,FL,MIAMI,1204010,-80.202649,25.767373,14259,1
33131,12,4010,FL,MIAMI,1204010,-80.188605,25.766039,13481,1
33132,12,4009,FL,MIAMI,1204009,-80.187244,25.792813,3900,0.519722
33132,12,4010,FL,MIAMI,1204010,-80.189564,25.779578,3604,0.480277
33133,12,4011,FL,CORAL GABLES,1204011,-80.241798,25.733974,15160,0.936438
33133,12,4014,FL,CORAL GABLES,1204014,-80.254285,25.706655,1029,0.063562
33134,12,4011,FL,CORAL GABLES,1204011,-80.270502,25.765529,4673,0.265074
33134,12,4014,FL,CORAL GABLES,1204014,-80.266182,25.752802,12956,0.734925
33135,12,4010,FL,MIAMI,1204010,-80.218792,25.769244,3330,0.222996
33135,12,4011,FL,MIAMI,1204011,-80.235516,25.76662,11603,0.777004
33136,12,4010,FL,MIAMI,1204010,-80.202851,25.78578,6257,1
33137,12,4009,FL,MIAMI,1204009,-80.188865,25.810698,10825,1
33138,12,4008,FL,MIAMI SHORES,1204008,-80.181046,25.864104,5072,0.379641
33138,12,4009,FL,MIAMI SHORES,1204009,-80.185778,25.844086,8288,0.620359
33139,12,4008,FL,CARL FISHER,1204008,-80.137957,25.783015,31838,0.987072
33139,12,4009,FL,CARL FISHER,1204009,-80.174076,25.79015,417,0.012928
33140,12,4008,FL,MIAMI,1204008,-80.124346,25.820814,17643,1
33141,12,4008,FL,NORTH BAY VILLAG,1204008,-80.131807,25.85578,22062,1
33142,12,4005,FL,MIAMI,1204005,-80.239451,25.817804,8707,0.44585
33142,12,4009,FL,MIAMI,1204009,-80.225098,25.812113,7776,0.398177
33142,12,4010,FL,MIAMI,1204010,-80.227154,25.799277,2957,0.151416
33142,12,4011,FL,MIAMI,1204011,-80.246746,25.793893,44,0.002253
33142,12,4012,FL,MIAMI,1204012,-80.251801,25.79494,45,0.002304
33143,12,4014,FL,SOUTH MIAMI,1204014,-80.300119,25.700611,13443,0.925444
33143,12,4015,FL,SOUTH MIAMI,1204015,-80.322255,25.690704,1083,0.074556
33144,12,4011,FL,MIAMI,1204011,-80.301267,25.767192,4112,0.439551
33144,12,4012,FL,MIAMI,1204012,-80.323995,25.766275,1123,0.120043
33144,12,4013,FL,MIAMI,1204013,-80.328543,25.758622,1203,0.128594
33144,12,4014,FL,MIAMI,1204014,-80.303615,25.759303,2917,0.311812
33145,12,4010,FL,CORAL GABLES,1204010,-80.216008,25.748916,174,0.014189
33145,12,4011,FL,CORAL GABLES,1204011,-80.236253,25.753021,12089,0.985811
33146,12,4011,FL,CORAL GABLES,1204011,-80.261271,25.708608,4,0.000883
33146,12,4014,FL,CORAL GABLES,1204014,-80.272596,25.719892,4524,0.999116
33147,12,4005,FL,MIAMI,1204005,-80.232504,25.838991,3683,0.23393
33147,12,4006,FL,MIAMI,1204006,-80.238078,25.859475,10718,0.680767
33147,12,4009,FL,MIAMI,1204009,-80.220774,25.835013,1343,0.085302
33149,12,4010,FL,KEY BISCAYNE,1204010,-80.160948,25.691924,7076,1
33150,12,4005,FL,MIAMI,1204005,-80.211908,25.844151,635,0.062822
33150,12,4006,FL,MIAMI,1204006,-80.2133,25.85974,2464,0.243767
33150,12,4008,FL,MIAMI,1204008,-80.202796,25.858973,3405,0.336862
33150,12,4009,FL,MIAMI,1204009,-80.203672,25.838634,3604,0.356549
33154,12,4007,FL,BAL HARBOUR,1204007,-80.12596,25.885227,9902,1
33155,12,4013,FL,MIAMI,1204013,-80.327661,25.743666,3144,0.19929
33155,12,4014,FL,MIAMI,1204014,-80.303963,25.737602,12630,0.800583
33155,12,4020,FL,MIAMI,1204020,-80.170608,25.535513,2,0.000127
33156,12,4014,FL,KENDALL,1204014,-80.2735,25.670963,1105,0.08795
33156,12,4015,FL,KENDALL,1204015,-80.31419,25.672695,11296,0.899076
33156,12,4018,FL,KENDALL,1204018,-80.286068,25.647989,163,0.012974
33157,12,4018,FL,PERRINE,1204018,-80.347201,25.607857,18881,0.84767
33157,12,4019,FL,PERRINE,1204019,-80.373391,25.584973,3393,0.15233
33158,12,4018,FL,MIAMI,1204018,-80.315123,25.637241,2361,1
33160,12, ,FL,NORTH MIAMI BEAC,12,-80.133109,25.943485,21,0.000665
33160,12,4001,FL,NORTH MIAMI BEAC,1204001,-80.132006,25.940527,26395,0.835999
33160,12,4007,FL,NORTH MIAMI BEAC,1204007,-80.123618,25.924901,5157,0.163336
33161,12,4007,FL,NORTH MIAMI,1204007,-80.180214,25.895502,16841,0.891247
33161,12,4008,FL,NORTH MIAMI,1204008,-80.188416,25.879242,2055,0.108753
33162,12,4001,FL,NORTH MIAMI BEAC,1204001,-80.163643,25.935276,3701,0.248289
33162,12,4007,FL,NORTH MIAMI BEAC,1204007,-80.180053,25.926561,11205,0.75171
33165,12,4013,FL,OLYMPIA HEIGHTS,1204013,-80.356893,25.742725,10816,0.605429
33165,12,4014,FL,OLYMPIA HEIGHTS,1204014,-80.334729,25.720552,27,0.001511
33165,12,4015,FL,OLYMPIA HEIGHTS,1204015,-80.359954,25.724058,7022,0.393059
33166,12,4012,FL,MIAMI SPRINGS,1204012,-80.299987,25.818442,8574,1
33167,12,4006,FL,MIAMI,1204006,-80.23047,25.887048,6292,1
33168,12,4006,FL,MIAMI,1204006,-80.214976,25.890688,3502,0.490545
33168,12,4007,FL,MIAMI,1204007,-80.20424,25.897615,2608,0.365317
33168,12,4008,FL,MIAMI,1204008,-80.204134,25.878081,1029,0.144138
33169,12,4001,FL,MIAMI,1204001,-80.203103,25.959184,1175,0.085176
33169,12,4002,FL,MIAMI,1204002,-80.216892,25.952003,9922,0.719246
33169,12,4006,FL,MIAMI,1204006,-80.216682,25.917641,1393,0.100979
33169,12,4007,FL,MIAMI,1204007,-80.20455,25.921426,1305,0.094599
33170,12,4019,FL,QUAIL HEIGHTS,1204019,-80.396646,25.559102,3913,0.979965
33170,12,4020,FL,QUAIL HEIGHTS,1204020,-80.527445,25.556968,80,0.020035
33172,12,4012,FL,MIAMI,1204012,-80.357471,25.776214,14723,1
33173,12,4014,FL,MIAMI,1204014,-80.334287,25.71218,12,0.00095
33173,12,4015,FL,MIAMI,1204015,-80.361875,25.700021,12625,0.99905
33174,12,4012,FL,MIAMI,1204012,-80.361699,25.765609,7640,0.72417
33174,12,4013,FL,MIAMI,1204013,-80.354803,25.758298,2910,0.275829
33175,12,4013,FL,OLYMPIA HEIGHTS,1204013,-80.404528,25.743363,10604,0.63554
33175,12,4015,FL,OLYMPIA HEIGHTS,1204015,-80.382566,25.721096,34,0.002038
33175,12,4016,FL,OLYMPIA HEIGHTS,1204016,-80.414151,25.721437,6047,0.362421
33176,12,4015,FL,MIAMI,1204015,-80.363763,25.669817,14897,0.747916
33176,12,4018,FL,MIAMI,1204018,-80.359399,25.63611,5021,0.252084
33177,12,4017,FL,QUAIL HEIGHTS,1204017,-80.421781,25.610391,6186,0.402525
33177,12,4018,FL,QUAIL HEIGHTS,1204018,-80.394591,25.611067,1954,0.127147
33177,12,4019,FL,QUAIL HEIGHTS,1204019,-80.3923,25.581963,7228,0.470328
33178,12,4012,FL,MIAMI,1204012,-80.372831,25.828191,15134,1
33179,12,4001,FL,MIAMI,1204001,-80.18172,25.956561,18110,0.997686
33179,12,4007,FL,MIAMI,1204007,-80.185267,25.944354,42,0.002314
33180,12,4001,FL,OJUS,1204001,-80.133985,25.960434,20316,1
33181,12,4007,FL,NORTH MIAMI BEAC,1204007,-80.158897,25.896164,9694,1
33182,12,4012,FL,MIAMI,1204012,-80.404719,25.776794,3953,1
33183,12,4015,FL,MIAMI,1204015,-80.385183,25.693476,322,0.025678
33183,12,4016,FL,MIAMI,1204016,-80.412453,25.701468,12218,0.974322
33184,12,4012,FL,MIAMI,1204012,-80.402842,25.764346,1174,0.175591
33184,12,4013,FL,MIAMI,1204013,-80.405881,25.756296,5512,0.824409
33185,12,4013,FL,OLYMPIA HEIGHTS,1204013,-80.441097,25.739424,3630,0.455058
33185,12,4016,FL,OLYMPIA HEIGHTS,1204016,-80.44725,25.720266,4347,0.544941
33186,12,4015,FL,MIAMI,1204015,-80.386807,25.671633,1356,0.055372
33186,12,4016,FL,MIAMI,1204016,-80.425513,25.686476,682,0.027849
33186,12,4017,FL,MIAMI,1204017,-80.409058,25.661654,22451,0.916779
33187,12,4017,FL,QUAIL HEIGHTS,1204017,-80.439509,25.608995,3342,0.672299
33187,12,4019,FL,QUAIL HEIGHTS,1204019,-80.480655,25.581885,1219,0.245222
33187,12,4020,FL,QUAIL HEIGHTS,1204020,-80.519677,25.590542,410,0.082478
33189,12,4018,FL,QUAIL HEIGHTS,1204018,-80.338936,25.573334,7527,0.85147
33189,12,4019,FL,QUAIL HEIGHTS,1204019,-80.374749,25.574364,1313,0.148529
33190,12,4018,FL,QUAIL HEIGHTS,1204018,-80.351387,25.563729,2467,0.565307
33190,12,4019,FL,QUAIL HEIGHTS,1204019,-80.347628,25.557061,1897,0.434693
33193,12,4016,FL,MIAMI,1204016,-80.443563,25.696647,15020,1
33194,12,4013,FL,OLYMPIA HEIGHTS,1204013,-80.441829,25.756541,1674,0.929483
33194,12,4020,FL,OLYMPIA HEIGHTS,1204020,-80.785306,25.753347,127,0.070516
33196,12,4017,FL,MIAMI,1204017,-80.445985,25.661806,14026,0.987955
33196,12,4020,FL,MIAMI,1204020,-80.516211,25.63644,171,0.012045
33301,12,3605,FL,FORT LAUDERDALE,1203605,-80.130811,26.121893,9658,1
33304,12,3605,FL,OAKLAND PARK,1203605,-80.122536,26.136866,12509,1
33305,12,3605,FL,OAKLAND PARK,1203605,-80.116889,26.153013,4488,0.562265
33305,12,3606,FL,OAKLAND PARK,1203606,-80.136251,26.155247,3494,0.437735
33306,12,3605,FL,OAKLAND PARK,1203605,-80.110317,26.16634,1857,0.83013
33306,12,3606,FL,OAKLAND PARK,1203606,-80.121781,26.165663,380,0.16987
33308,12,3604,FL,OAKLAND PARK,1203604,-80.105483,26.199125,10637,0.463789
33308,12,3605,FL,OAKLAND PARK,1203605,-80.103597,26.176344,11943,0.520732
33308,12,3606,FL,OAKLAND PARK,1203606,-80.120753,26.179288,355,0.015479
33309,12,3604,FL,FORT LAUDERDALE,1203604,-80.179241,26.205876,1608,0.109485
33309,12,3606,FL,FORT LAUDERDALE,1203606,-80.174939,26.17783,13079,0.890515
33311,12,3605,FL,FORT LAUDERDALE,1203605,-80.158966,26.138473,11809,0.465343
33311,12,3606,FL,FORT LAUDERDALE,1203606,-80.180246,26.159245,8323,0.327974
33311,12,3607,FL,FORT LAUDERDALE,1203607,-80.188132,26.135079,5245,0.206683
33312,12,3605,FL,FORT LAUDERDALE,1203605,-80.175315,26.107715,11765,0.558165
33312,12,3607,FL,FORT LAUDERDALE,1203607,-80.194284,26.114513,2261,0.107268
33312,12,3609,FL,FORT LAUDERDALE,1203609,-80.181235,26.062334,7052,0.334567
33313,12,3606,FL,CITY OF SUNRISE,1203606,-80.214023,26.162831,2920,0.118338
33313,12,3607,FL,CITY OF SUNRISE,1203607,-80.216256,26.152074,13899,0.563282
33313,12,3608,FL,CITY OF SUNRISE,1203608,-80.236844,26.149129,7856,0.318379
33314,12,3609,FL,DAVIE,1203609,-80.224213,26.0676,9143,1
33315,12,3605,FL,FORT LAUDERDALE,1203605,-80.154373,26.100477,6774,0.999852
33315,12,3609,FL,FORT LAUDERDALE,1203609,-80.167478,26.065475,1,0.000148
33316,12,3605,FL,FORT LAUDERDALE,1203605,-80.12094,26.104527,7701,1
33317,12,3607,FL,PLANTATION,1203607,-80.201217,26.1105,15,0.00112
33317,12,3608,FL,PLANTATION,1203608,-80.224732,26.115053,12478,0.931541
33317,12,3609,FL,PLANTATION,1203609,-80.242209,26.090575,902,0.067339
33319,12,3606,FL,TAMARAC,1203606,-80.216726,26.185458,13266,0.55576
33319,12,3607,FL,TAMARAC,1203607,-80.236777,26.175692,10604,0.44424
33321,12,3606,FL,TAMARAC,1203606,-80.269466,26.212707,23649,1
33322,12,3608,FL,SUNRISE,1203608,-80.273689,26.153016,20262,1
33323,12,3608,FL,SUNRISE,1203608,-80.312067,26.15697,7417,1
33324,12,3608,FL,PLANTATION,1203608,-80.27271,26.124261,13539,0.624061
33324,12,3609,FL,PLANTATION,1203609,-80.25907,26.094568,2510,0.115695
33324,12,3610,FL,PLANTATION,1203610,-80.280042,26.098866,5646,0.260244
33325,12,3608,FL,DAVIE,1203608,-80.318421,26.124679,3232,0.308868
33325,12,3610,FL,DAVIE,1203610,-80.325162,26.107556,7232,0.691131
33326,12,3610,FL,DAVIE,1203610,-80.377321,26.11517,13519,1
33327,12,3610,FL,FORT LAUDERDALE,1203610,-80.413515,26.117477,7028,1
33328,12,3609,FL,DAVIE,1203609,-80.255597,26.075863,3746,0.359122
33328,12,3610,FL,DAVIE,1203610,-80.275842,26.064703,6685,0.640878
33330,12,3610,FL,DAVIE,1203610,-80.315645,26.060747,4549,0.973673
33330,12,3611,FL,DAVIE,1203611,-80.330484,26.032573,123,0.026327
33331,12,3610,FL,DAVIE,1203610,-80.367584,26.061137,7080,0.912136
33331,12,3611,FL,DAVIE,1203611,-80.362891,26.032354,682,0.087864
33332,12,3610,FL,DAVIE,1203610,-80.402845,26.066508,3208,0.94743
33332,12,3611,FL,DAVIE,1203611,-80.40784,26.031837,178,0.052569
33334,12,3604,FL,OAKLAND PARK,1203604,-80.132757,26.200572,2598,0.183552
33334,12,3605,FL,OAKLAND PARK,1203605,-80.125883,26.192689,979,0.069168
33334,12,3606,FL,OAKLAND PARK,1203606,-80.135841,26.176178,10577,0.74728
33351,12,3606,FL,TAMARAC,1203606,-80.257849,26.194317,1,0.000077
33351,12,3607,FL,TAMARAC,1203607,-80.272769,26.177567,12970,0.999923
33401,12, ,FL,WEST PALM BEACH,12,-80.076316,26.720354,7,0.000431
33401,12,3502,FL,WEST PALM BEACH,1203502,-80.066197,26.714192,16234,0.999569
33403,12,3501,FL,LAKE PARK,1203501,-80.072536,26.803343,5614,1
33404,12,3501,FL,RIVIERA BEACH,1203501,-80.059969,26.784846,16189,1
33405,12,3502,FL,WEST PALM BEACH,1203502,-80.057008,26.670227,8606,1
33406,12,3502,FL,GLEN RIDGE,1203502,-80.109711,26.679252,1,0.000105
33406,12,3503,FL,GLEN RIDGE,1203503,-80.093405,26.654704,9521,0.999895
33407,12,3501,FL,WEST PALM BEACH,1203501,-80.114164,26.768521,2257,0.166617
33407,12,3502,FL,WEST PALM BEACH,1203502,-80.067276,26.747197,11289,0.833382
33408,12,3501,FL,NORTH PALM BEACH,1203501,-80.060028,26.83935,11890,1
33409,12,3502,FL,HAVERHILL,1203502,-80.099864,26.721984,13501,1
33410,12,3501,FL,PALM BEACH GARDE,1203501,-80.087922,26.841494,17112,1
33411,12,3509,FL,ROYAL PALM BEACH,1203509,-80.201347,26.709039,27877,1
33412,12,3501,FL,WEST PALM BEACH,1203501,-80.173474,26.799542,566,0.091779
33412,12,3509,FL,WEST PALM BEACH,1203509,-80.230771,26.792675,5601,0.908221
33413,12,3502,FL,WEST PALM BEACH,1203502,-80.139627,26.686124,2289,0.393502
33413,12,3503,FL,WEST PALM BEACH,1203503,-80.150779,26.65022,3528,0.606498
33414,12, ,FL,WEST PALM BEACH,12,-80.243137,26.65702,142,0.006615
33414,12,3509,FL,WEST PALM BEACH,1203509,-80.241134,26.656277,21323,0.993384
33415,12,3502,FL,HAVERHILL,1203502,-80.120845,26.685818,1134,0.058705
33415,12,3503,FL,HAVERHILL,1203503,-80.129426,26.65072,18183,0.941295
33417,12,3502,FL,HAVERHILL,1203502,-80.124493,26.716511,18638,1
33418,12,3501,FL,PALM BEACH GARDE,1203501,-80.132955,26.838647,19727,1
33426,12,3505,FL,BOYNTON BEACH,1203505,-80.083788,26.531917,10844,0.971162
33426,12,3506,FL,BOYNTON BEACH,1203506,-80.086798,26.489263,322,0.028838
33428,12,3508,FL,BOCA RATON,1203508,-80.209721,26.345748,15941,1
33430,12,3509,FL,BELLE GLADE,1203509,-80.670857,26.683702,7328,1
33431,12,3507,FL,BOCA RATON,1203507,-80.088021,26.378962,8375,1
33432,12,3507,FL,BOCA RATON,1203507,-80.082962,26.342477,12849,1
33433,12,3507,FL,BOCA RATON,1203507,-80.141505,26.350052,7691,0.33613
33433,12,3508,FL,BOCA RATON,1203508,-80.163211,26.343233,15190,0.663869
33434,12,3507,FL,BOCA RATON,1203507,-80.154138,26.380916,5079,0.380051
33434,12,3508,FL,BOCA RATON,1203508,-80.182215,26.385218,8285,0.619949
33435,12,3505,FL,BRINY BREEZES,1203505,-80.061206,26.525594,17925,0.986082
33435,12,3506,FL,BRINY BREEZES,1203506,-80.076998,26.492424,253,0.013918
33436,12,3505,FL,VILLAGE OF GOLF,1203505,-80.105956,26.538799,19616,0.87466
33436,12,3506,FL,VILLAGE OF GOLF,1203506,-80.109126,26.490304,2811,0.12534
33437,12,3505,FL,BOYNTON BEACH,1203505,-80.145591,26.519543,16602,0.799634
33437,12,3506,FL,BOYNTON BEACH,1203506,-80.145801,26.491875,4160,0.200366
33438,12,3400,FL,CANAL POINT,1203400,-80.59953,26.983171,14,0.066351
33438,12,3509,FL,CANAL POINT,1203509,-80.623817,26.870472,197,0.933649
33440,12,3100,FL,CLEWISTON,1203100,-80.989065,26.704815,7472,0.985362
33440,12,3509,FL,CLEWISTON,1203509,-80.841448,26.717633,111,0.014638
33441,12,3603,FL,DEERFIELD BEACH,1203603,-80.096669,26.309904,14313,1
33442,12,3603,FL,DEERFIELD BEACH,1203603,-80.142419,26.311589,19840,1
33444,12,3506,FL,DELRAY BEACH,1203506,-80.079093,26.453328,9318,1
33445,12,3506,FL,DELRAY BEACH,1203506,-80.105512,26.455676,16684,1
33446,12,3506,FL,DELRAY BEACH,1203506,-80.157179,26.455012,14111,0.895936
33446,12,3508,FL,DELRAY BEACH,1203508,-80.214228,26.423053,246,0.015619
33446,12,3509,FL,DELRAY BEACH,1203509,-80.193842,26.442672,1393,0.088444
33449,12,3509,FL,33449,1203509,-80.220348,26.611354,4191,1
33455,12,3400,FL,HOBE SOUND,1203400,-80.152718,27.084665,11737,1
33458,12,3400,FL,JUPITER,1203400,-80.140723,26.97434,403,0.018738
33458,12,3501,FL,JUPITER,1203501,-80.120067,26.920882,21104,0.981262
33460,12,3503,FL,LAKE WORTH,1203503,-80.070604,26.638585,56,0.003983
33460,12,3504,FL,LAKE WORTH,1203504,-80.057235,26.618288,14005,0.996017
33461,12,3503,FL,LAKE WORTH,1203503,-80.096952,26.638649,7726,0.432224
33461,12,3504,FL,LAKE WORTH,1203504,-80.0894,26.614127,10149,0.567776
33462,12,3504,FL,LANTANA,1203504,-80.078355,26.584266,11255,0.730701
33462,12,3505,FL,LANTANA,1203505,-80.054334,26.56527,4148,0.269298
33463,12,3503,FL,GREENACRES,1203503,-80.131904,26.619376,11275,0.550887
33463,12,3504,FL,GREENACRES,1203504,-80.130158,26.58807,8058,0.393707
33463,12,3505,FL,GREENACRES,1203505,-80.133114,26.562249,1134,0.055406
33467,12,3503,FL,LAKE WORTH,1203503,-80.158161,26.624451,5012,0.215449
33467,12,3504,FL,LAKE WORTH,1203504,-80.160515,26.598205,8372,0.359885
33467,12,3505,FL,LAKE WORTH,1203505,-80.159701,26.564977,2723,0.117053
33467,12,3509,FL,LAKE WORTH,1203509,-80.188688,26.588726,7156,0.307613
33469,12,3400,FL,TEQUESTA,1203400,-80.117054,26.980901,2851,0.332129
33469,12,3501,FL,TEQUESTA,1203501,-80.092905,26.960535,5733,0.66787
33470,12,3509,FL,LOXAHATCHEE,1203509,-80.301882,26.760769,9209,1
33471,12,3100,FL,MOORE HAVEN,1203100,-81.12647,26.880724,3442,1
33472,12,3505,FL,33472,1203505,-80.146391,26.546829,6071,0.675456
33472,12,3509,FL,33472,1203509,-80.189578,26.550013,2917,0.324544
33473,12,3509,FL,33473,1203509,-80.187409,26.512128,2118,1
33476,12,3509,FL,PAHOKEE,1203509,-80.658629,26.817254,2852,1
33477,12,3501,FL,JUPITER,1203501,-80.075034,26.916454,11473,1
33478,12,3400,FL,JUPITER,1203400,-80.215571,26.968021,206,0.042819
33478,12,3501,FL,JUPITER,1203501,-80.218926,26.920002,4605,0.957181
33480,12,3502,FL,PALM BEACH,1203502,-80.038454,26.690952,7368,0.692416
33480,12,3504,FL,PALM BEACH,1203504,-80.037926,26.597353,3273,0.307584
33483,12,3505,FL,DELRAY BEACH,1203505,-80.056211,26.494138,942,0.102347
33483,12,3506,FL,DELRAY BEACH,1203506,-80.065327,26.451113,8262,0.897653
33484,12,3506,FL,DELRAY BEACH,1203506,-80.134722,26.452854,18209,1
33486,12,3507,FL,BOCA RATON,1203507,-80.113853,26.35003,9302,0.967446
33486,12,3508,FL,BOCA RATON,1203508,-80.12446,26.329885,313,0.032553
33487,12,3507,FL,HIGHLAND BEACH,1203507,-80.080421,26.409692,11037,1
33493,12,3509,FL,SOUTH BAY,1203509,-80.718839,26.665796,1097,1
33496,12,3507,FL,BOCA RATON,1203507,-80.143012,26.407954,6449,0.575136
33496,12,3508,FL,BOCA RATON,1203508,-80.187672,26.401281,4764,0.424864
33498,12,3508,FL,BOCA RATON,1203508,-80.217254,26.392113,5673,1
33503,12,2708,FL,BALM,1202708,-82.273989,27.763448,35,1
33510,12,2707,FL,BRANDON,1202707,-82.299577,27.954227,11221,1
33511,12,2707,FL,BRANDON,1202707,-82.302517,27.914775,19845,0.888476
33511,12,2708,FL,BRANDON,1202708,-82.279745,27.880805,2491,0.111524
33513,12,1600,FL,BUSHNELL,1201600,-82.150466,28.664427,5578,1
33514,12,1600,FL,CENTER HILL,1201600,-81.994366,28.649978,736,1
33521,12,1600,FL,COLEMAN,1201600,-82.068753,28.799824,285,1
33523,12,1700,FL,33523,1201700,-82.184004,28.502488,2267,0.290195
33523,12,2501,FL,33523,1202501,-82.213629,28.407969,5545,0.709805
33525,12,2501,FL,RIDGE MANOR,1202501,-82.204352,28.336232,8393,1
33527,12,2706,FL,DOVER,1202706,-82.217547,27.995773,4250,0.819672
33527,12,2707,FL,DOVER,1202707,-82.256688,27.971125,138,0.026615
33527,12,2708,FL,DOVER,1202708,-82.195906,27.914467,797,0.153713
33534,12,2707,FL,GIBSONTON,1202707,-82.367197,27.852616,900,0.179247
33534,12,2708,FL,GIBSONTON,1202708,-82.370304,27.827003,4121,0.820753
33538,12,1600,FL,LAKE PANASOFFKEE,1201600,-82.13548,28.787789,2863,1
33540,12,2501,FL,ZEPHYRHILLS,1202501,-82.159755,28.245008,4792,0.992955
33540,12,2706,FL,ZEPHYRHILLS,1202706,-82.166099,28.164837,34,0.007045
33541,12,2501,FL,ZEPHYRHILLS,1202501,-82.212952,28.228653,12695,1
33542,12,2501,FL,33542,1202501,-82.182425,28.238862,13125,1
33543,12,2501,FL,WESLEY CHAPEL,1202501,-82.306599,28.195517,9251,1
33544,12,2501,FL,ZEPHYRHILLS,1202501,-82.369322,28.224573,8769,1
33545,12,2501,FL,33545,1202501,-82.301036,28.254809,5192,1
33547,12,2708,FL,LITHIA,1202708,-82.183187,27.84336,6773,1
33548,12,2502,FL,33548,1202502,-82.467639,28.1761,56,0.023983
33548,12,2704,FL,33548,1202704,-82.475149,28.137377,2279,0.976017
33549,12,2501,FL,LUTZ,1202501,-82.451539,28.180348,1735,0.24921
33549,12,2704,FL,LUTZ,1202704,-82.443256,28.120926,5227,0.75079
33556,12,2502,FL,ODESSA,1202502,-82.565128,28.18303,2543,0.294261
33556,12,2703,FL,ODESSA,1202703,-82.597909,28.121048,6099,0.705739
33558,12,2502,FL,33558,1202502,-82.486493,28.185716,1641,0.190283
33558,12,2703,FL,33558,1202703,-82.530543,28.153908,1629,0.188891
33558,12,2704,FL,33558,1202704,-82.521599,28.143329,5354,0.620825
33559,12,2501,FL,33559,1202501,-82.404501,28.188384,2825,0.411508
33559,12,2704,FL,33559,1202704,-82.432565,28.122143,1347,0.196213
33559,12,2705,FL,33559,1202705,-82.422566,28.086565,2693,0.39228
33563,12,2706,FL,33563,1202706,-82.131818,28.014819,10224,1
33565,12,2706,FL,PLANT CITY,1202706,-82.162313,28.065084,7143,1
33566,12,2706,FL,PLANT CITY,1202706,-82.133019,27.992819,7278,1
33567,12,2706,FL,PLANT CITY,1202706,-82.127991,27.952722,2918,0.7542
33567,12,2708,FL,PLANT CITY,1202708,-82.141279,27.899536,951,0.2458
33569,12,2707,FL,RIVERVIEW,1202707,-82.301409,27.8629,2747,0.301868
33569,12,2708,FL,RIVERVIEW,1202708,-82.302175,27.840232,6353,0.698132
33570,12,2708,FL,RUSKIN,1202708,-82.440737,27.705958,9195,1
33572,12,2708,FL,APOLLO BEACH,1202708,-82.404279,27.769945,6742,1
33573,12,2708,FL,SUN CITY CENTER,1202708,-82.361146,27.711253,13836,1
33576,12,2501,FL,SAN ANTONIO,1202501,-82.31357,28.319766,2046,1
33578,12,2707,FL,33578,1202707,-82.337982,27.890453,13251,0.813743
33578,12,2708,FL,33578,1202708,-82.339399,27.813313,3033,0.186256
33579,12,2708,FL,33579,1202708,-82.30943,27.79838,8901,1
33584,12,2705,FL,SEFFNER,1202705,-82.316973,28.023666,821,0.083904
33584,12,2706,FL,SEFFNER,1202706,-82.287372,27.996926,6386,0.652631
33584,12,2707,FL,SEFFNER,1202707,-82.273273,27.972093,2578,0.263464
33585,12,1600,FL,SUMTERVILLE,1201600,-82.070329,28.74364,536,1
33592,12,2705,FL,THONOTOSASSA,1202705,-82.318883,28.065077,2265,0.488779
33592,12,2706,FL,THONOTOSASSA,1202706,-82.286831,28.060273,2369,0.511221
33594,12,2706,FL,VALRICO,1202706,-82.236771,27.940223,6281,0.49032
33594,12,2707,FL,VALRICO,1202707,-82.24703,27.93303,6529,0.50968
33596,12,2707,FL,33596,1202707,-82.242022,27.903918,2781,0.264328
33596,12,2708,FL,33596,1202708,-82.240422,27.882779,7740,0.735671
33597,12,1600,FL,RIDGE MANOR ESTA,1201600,-82.095622,28.592719,3180,0.843725
33597,12,1700,FL,RIDGE MANOR ESTA,1201700,-82.172973,28.536409,564,0.149642
33597,12,2501,FL,RIDGE MANOR ESTA,1202501,-82.073551,28.465288,25,0.006633
33598,12,2708,FL,WIMAUMA,1202708,-82.319598,27.702131,4314,0.991724
33598,12,2802,FL,WIMAUMA,1202802,-82.338265,27.632467,36,0.008276
33602,12,2701,FL,TAMPA,1202701,-82.465433,27.969172,975,0.121966
33602,12,2702,FL,TAMPA,1202702,-82.453077,27.948093,7019,0.878033
33603,12,2701,FL,TAMPA,1202701,-82.4635,27.985225,8745,0.972531
33603,12,2702,FL,TAMPA,1202702,-82.48565,27.985907,247,0.027469
33604,12,2701,FL,TAMPA,1202701,-82.457684,28.01775,16496,0.998064
33604,12,2704,FL,TAMPA,1202704,-82.485102,28.013865,32,0.001936
33605,12,2701,FL,TAMPA,1202701,-82.433943,27.971902,5110,0.639149
33605,12,2702,FL,TAMPA,1202702,-82.435561,27.957158,2885,0.36085
33606,12,2702,FL,TAMPA,1202702,-82.468791,27.93428,8460,1
33607,12,2701,FL,TAMPA,1202701,-82.478626,27.98178,17,0.001523
33607,12,2702,FL,TAMPA,1202702,-82.498996,27.964091,11142,0.998477
33609,12,2702,FL,TAMPA,1202702,-82.505567,27.942805,8774,1
33610,12,2701,FL,TAMPA,1202701,-82.424708,27.996604,10177,0.624547
33610,12,2705,FL,TAMPA,1202705,-82.362449,28.00352,1038,0.0637
33610,12,2706,FL,TAMPA,1202706,-82.317644,27.986832,1703,0.104511
33610,12,2707,FL,TAMPA,1202707,-82.35255,27.987857,3377,0.207241
33611,12,2702,FL,TAMPA,1202702,-82.506187,27.892086,16077,1
33612,12,2701,FL,TAMPA,1202701,-82.446502,28.044021,11250,0.533681
33612,12,2704,FL,TAMPA,1202704,-82.46995,28.05931,3283,0.15574
33612,12,2705,FL,TAMPA,1202705,-82.439522,28.062688,6547,0.310579
33613,12,2704,FL,TAMPA,1202704,-82.464944,28.082855,5230,0.304193
33613,12,2705,FL,TAMPA,1202705,-82.427111,28.07562,11963,0.695806
33614,12,2702,FL,TAMPA,1202702,-82.497412,27.98856,3610,0.176201
33614,12,2704,FL,TAMPA,1202704,-82.504586,28.01702,16878,0.823799
33615,12,2702,FL,TAMPA,1202702,-82.567609,27.978705,450,0.023493
33615,12,2703,FL,TAMPA,1202703,-82.581207,28.007731,18705,0.976507
33616,12,2702,FL,TAMPA,1202702,-82.521156,27.873234,6552,1
33617,12,2701,FL,TAMPA,1202701,-82.404163,28.029703,9409,0.471251
33617,12,2705,FL,TAMPA,1202705,-82.388491,28.047099,10557,0.528749
33618,12,2704,FL,CARROLLWOOD,1202704,-82.499345,28.074142,12311,1
33619,12,2701,FL,TAMPA,1202701,-82.396026,27.977804,889,0.070848
33619,12,2702,FL,TAMPA,1202702,-82.397401,27.942056,1937,0.154367
33619,12,2707,FL,TAMPA,1202707,-82.365892,27.933692,9722,0.774785
33620,12,2705,FL,TAMPA,1202705,-82.413022,28.061321,132,1
33621,12,2702,FL,TAMPA,1202702,-82.481561,27.84482,438,1
33624,12,2703,FL,CARROLLWOOD,1202703,-82.541365,28.111374,299,0.018445
33624,12,2704,FL,CARROLLWOOD,1202704,-82.524684,28.078178,15911,0.981555
33625,12,2703,FL,TAMPA,1202703,-82.558603,28.06995,8554,0.884043
33625,12,2704,FL,TAMPA,1202704,-82.546104,28.052077,1122,0.115957
33626,12,2703,FL,TAMPA,1202703,-82.613612,28.060158,11297,1
33629,12,2702,FL,TAMPA,1202702,-82.505043,27.921162,11353,1
33634,12,2702,FL,TAMPA,1202702,-82.557726,27.974262,701,0.088858
33634,12,2703,FL,TAMPA,1202703,-82.555955,28.008696,7188,0.911142
33635,12,2703,FL,TAMPA,1202703,-82.608581,28.028125,7208,1
33637,12,2705,FL,TAMPA,1202705,-82.365296,28.041184,7273,1
33647,12,2705,FL,TAMPA,1202705,-82.353771,28.131757,22854,1
33701,12,2607,FL,SAINT PETERSBURG,1202607,-82.637326,27.77391,11071,1
33702,12,2604,FL,SAINT PETERSBURG,1202604,-82.632903,27.868686,771,0.049319
33702,12,2606,FL,SAINT PETERSBURG,1202606,-82.645362,27.843337,14862,0.950681
33703,12,2606,FL,SAINT PETERSBURG,1202606,-82.640427,27.82482,2274,0.190372
33703,12,2607,FL,SAINT PETERSBURG,1202607,-82.625549,27.815274,9671,0.809627
33704,12,2607,FL,SAINT PETERSBURG,1202607,-82.637262,27.796307,8537,1
33705,12,2607,FL,SAINT PETERSBURG,1202607,-82.64303,27.739757,13605,1
33706,12,2608,FL,SAINT PETERSBURG,1202608,-82.753493,27.744787,13515,1
33707,12,2608,FL,SAINT PETERSBURG,1202608,-82.723814,27.754006,15810,1
33708,12,2605,FL,MADEIRA BEACH,1202605,-82.803794,27.820944,8861,0.692644
33708,12,2608,FL,MADEIRA BEACH,1202608,-82.792078,27.796681,3932,0.307355
33709,12,2605,FL,KENNETH CITY,1202605,-82.744142,27.818658,7955,0.556449
33709,12,2606,FL,KENNETH CITY,1202606,-82.714222,27.816666,5418,0.378987
33709,12,2608,FL,KENNETH CITY,1202608,-82.728881,27.807406,923,0.064564
33710,12,2608,FL,SAINT PETERSBURG,1202608,-82.723656,27.789454,15644,1
33711,12,2607,FL,SAINT PETERSBURG,1202607,-82.67806,27.701977,584,0.064925
33711,12,2608,FL,SAINT PETERSBURG,1202608,-82.689407,27.74502,8411,0.935075
33712,12,2607,FL,SAINT PETERSBURG,1202607,-82.665918,27.732797,11604,0.989089
33712,12,2608,FL,SAINT PETERSBURG,1202608,-82.678044,27.751263,128,0.01091
33713,12,2607,FL,SAINT PETERSBURG,1202607,-82.666761,27.789078,7389,0.498112
33713,12,2608,FL,SAINT PETERSBURG,1202608,-82.689492,27.788368,7445,0.501887
33714,12,2606,FL,SAINT PETERSBURG,1202606,-82.677599,27.819584,8004,0.816901
33714,12,2607,FL,SAINT PETERSBURG,1202607,-82.661103,27.812944,1464,0.149418
33714,12,2608,FL,SAINT PETERSBURG,1202608,-82.692674,27.807477,330,0.03368
33715,12,2608,FL,TIERRA VERDE,1202608,-82.715652,27.701902,6646,1
33716,12,2604,FL,SAINT PETERSBURG,1202604,-82.631777,27.875639,4692,0.476829
33716,12,2606,FL,SAINT PETERSBURG,1202606,-82.647167,27.877212,5148,0.52317
33744,12,2605,FL,SAINT PETERSBURG,1202605,-82.773047,27.80729,1,1
33755,12,2603,FL,SAINT PETERSBURG,1202603,-82.780076,27.980577,11821,1
33756,12,2603,FL,SAINT PETERSBURG,1202603,-82.788825,27.949203,12423,0.78029
33756,12,2604,FL,SAINT PETERSBURG,1202604,-82.78381,27.933804,3498,0.21971
33759,12,2602,FL,SAINT PETERSBURG,1202602,-82.712095,27.985907,2967,0.324085
33759,12,2603,FL,SAINT PETERSBURG,1202603,-82.719815,27.973166,6188,0.675915
33760,12,2603,FL,SAINT PETERSBURG,1202603,-82.718507,27.925987,4492,0.595046
33760,12,2604,FL,SAINT PETERSBURG,1202604,-82.71679,27.906952,2958,0.39184
33760,12,2606,FL,SAINT PETERSBURG,1202606,-82.711262,27.891534,99,0.013114
33761,12,2602,FL,SAINT PETERSBURG,1202602,-82.72713,28.0304,10475,1
33762,12,2603,FL,SAINT PETERSBURG,1202603,-82.702232,27.91694,243,0.077118
33762,12,2604,FL,SAINT PETERSBURG,1202604,-82.669726,27.90111,2044,0.648683
33762,12,2606,FL,SAINT PETERSBURG,1202606,-82.690072,27.867445,864,0.274199
33763,12,2602,FL,SAINT PETERSBURG,1202602,-82.741703,28.002924,10394,0.927042
33763,12,2603,FL,SAINT PETERSBURG,1202603,-82.755176,27.993702,818,0.072958
33764,12,2603,FL,SAINT PETERSBURG,1202603,-82.739574,27.946396,9808,0.68645
33764,12,2604,FL,SAINT PETERSBURG,1202604,-82.738446,27.917477,4290,0.300252
33764,12,2606,FL,SAINT PETERSBURG,1202606,-82.718066,27.883276,190,0.013298
33765,12,2602,FL,SAINT PETERSBURG,1202602,-82.738173,27.990268,12,0.001787
33765,12,2603,FL,SAINT PETERSBURG,1202603,-82.744533,27.971961,6702,0.998212
33767,12,2603,FL,SAINT PETERSBURG,1202603,-82.825925,27.972591,8450,1
33770,12,2604,FL,SAINT PETERSBURG,1202604,-82.798582,27.916253,14697,1
33771,12,2604,FL,SAINT PETERSBURG,1202604,-82.756858,27.909623,16608,0.91691
33771,12,2605,FL,SAINT PETERSBURG,1202605,-82.741805,27.890997,1505,0.083089
33772,12,2605,FL,SAINT PETERSBURG,1202605,-82.795295,27.843236,12485,1
33773,12,2604,FL,SAINT PETERSBURG,1202604,-82.783426,27.888431,407,0.047703
33773,12,2605,FL,SAINT PETERSBURG,1202605,-82.771453,27.880145,6044,0.708392
33773,12,2606,FL,SAINT PETERSBURG,1202606,-82.734128,27.882231,2081,0.243905
33774,12,2604,FL,SAINT PETERSBURG,1202604,-82.823966,27.890292,5963,0.587603
33774,12,2605,FL,SAINT PETERSBURG,1202605,-82.835204,27.874038,4185,0.412396
33776,12,2605,FL,SAINT PETERSBURG,1202605,-82.829235,27.854187,5591,1
33777,12,2605,FL,SAINT PETERSBURG,1202605,-82.760188,27.851618,7896,0.98737
33777,12,2606,FL,SAINT PETERSBURG,1202606,-82.731542,27.873801,101,0.01263
33778,12,2604,FL,SAINT PETERSBURG,1202604,-82.793274,27.890952,4575,0.614506
33778,12,2605,FL,SAINT PETERSBURG,1202605,-82.796307,27.872233,2870,0.385494
33781,12,2605,FL,SAINT PETERSBURG,1202605,-82.735566,27.840726,2888,0.24743
33781,12,2606,FL,SAINT PETERSBURG,1202606,-82.703278,27.83965,8784,0.75257
33782,12,2605,FL,SAINT PETERSBURG,1202605,-82.734195,27.858367,1151,0.112987
33782,12,2606,FL,SAINT PETERSBURG,1202606,-82.706001,27.861374,9036,0.887012
33785,12,2604,FL,33785,1202604,-82.846626,27.89509,3476,0.569742
33785,12,2605,FL,33785,1202605,-82.843906,27.85179,2625,0.430257
33786,12,2603,FL,33786,1202603,-82.841295,27.925318,1160,1
33801,12,2401,FL,LAKELAND,1202401,-81.926656,28.0413,10591,0.699954
33801,12,2402,FL,LAKELAND,1202402,-81.869733,28.062113,1110,0.073359
33801,12,2404,FL,LAKELAND,1202404,-81.891128,28.027135,3430,0.226687
33803,12,2401,FL,LAKELAND,1202401,-81.957986,28.013984,13777,0.955674
33803,12,2404,FL,LAKELAND,1202404,-81.901348,28.007709,639,0.044326
33805,12,2401,FL,LAKELAND,1202401,-81.956747,28.079925,9687,0.952882
33805,12,2402,FL,LAKELAND,1202402,-81.894879,28.083124,479,0.047118
33809,12,2401,FL,LAKELAND,1202401,-81.952494,28.137233,12789,0.998361
33809,12,2402,FL,LAKELAND,1202402,-81.867991,28.152581,21,0.001639
33810,12,2401,FL,33810,1202401,-82.006248,28.119412,18641,0.982812
33810,12,2706,FL,33810,1202706,-82.062579,28.113061,326,0.017188
33811,12,2401,FL,SOUTHSIDE,1202401,-82.008629,27.99484,2394,0.274699
33811,12,2404,FL,SOUTHSIDE,1202404,-82.00562,27.954819,6321,0.725301
33812,12,2404,FL,SOUTHSIDE,1202404,-81.897769,27.966132,5032,1
33813,12,2401,FL,SOUTHSIDE,1202401,-81.938675,27.987634,1726,0.134717
33813,12,2404,FL,SOUTHSIDE,1202404,-81.941279,27.961285,11086,0.865283
33815,12,2401,FL,33815,1202401,-81.98815,28.039676,7643,1
33823,12,2402,FL,AUBURNDALE,1202402,-81.805545,28.081209,11616,0.934739
33823,12,2404,FL,AUBURNDALE,1202404,-81.830564,28.039027,811,0.065261
33825,12,2403,FL,AVON PARK,1202403,-81.454098,27.665068,107,0.008848
33825,12,3100,FL,AVON PARK,1203100,-81.501008,27.595542,11986,0.991152
33827,12,2403,FL,BABSON PARK,1202403,-81.534275,27.827985,1356,1
33830,12,2403,FL,BARTOW,1202403,-81.819903,27.891341,8701,0.799504
33830,12,2404,FL,BARTOW,1202404,-81.808834,27.936229,2182,0.200496
33834,12,2403,FL,DUETTE,1202403,-81.846387,27.662979,78,0.035183
33834,12,2802,FL,DUETTE,1202802,-82.169516,27.565099,49,0.022102
33834,12,3100,FL,DUETTE,1203100,-81.840599,27.624151,2090,0.942715
33837,12,2402,FL,DAVENPORT,1202402,-81.614633,28.194604,10886,1
33838,12,2403,FL,DUNDEE,1202403,-81.619358,28.019915,1619,1
33839,12,2404,FL,EAGLE LAKE,1202404,-81.754128,27.977585,1126,1
33841,12,2403,FL,FORT MEADE,1202403,-81.776847,27.752563,3611,1
33843,12,2403,FL,FROSTPROOF,1202403,-81.552377,27.735914,5202,1
33844,12,2402,FL,GRENELEFE,1202402,-81.634032,28.118283,11506,0.69355
33844,12,2403,FL,GRENELEFE,1202403,-81.570696,28.061553,5084,0.30645
33847,12,2403,FL,HOMELAND,1202403,-81.825099,27.815982,89,1
33848,12,2300,FL,INTERCESSION CIT,1202300,-81.506942,28.263545,426,1
33849,12,2401,FL,KATHLEEN,1202401,-82.053237,28.226835,317,1
33850,12,2402,FL,LAKE ALFRED,1202402,-81.729572,28.091875,3692,1
33851,12,2403,FL,LAKE HAMILTON,1202403,-81.623679,28.044265,404,1
33852,12,3100,FL,LAKE PLACID,1203100,-81.365338,27.28973,12566,1
33853,12,2403,FL,LAKE WALES,1202403,-81.580318,27.901555,5115,1
33854,12,2403,FL,FEDHAVEN,1202403,-81.40993,27.856274,500,1
33855,12,2403,FL,INDIAN LAKE ESTA,1202403,-81.355141,27.795788,29,1
33856,12,2403,FL,NALCREST,1202403,-81.428375,27.856354,497,1
33857,12,3100,FL,LORIDA,1203100,-81.19199,27.406186,1291,1
33859,12,2403,FL,LAKE WALES,1202403,-81.615899,27.909418,5356,1
33860,12,2403,FL,MULBERRY,1202403,-81.995674,27.862262,1595,0.180696
33860,12,2404,FL,MULBERRY,1202404,-82.004434,27.921004,7232,0.819304
33865,12,3100,FL,ONA,1203100,-81.959046,27.429474,337,1
33867,12,2403,FL,RIVER RANCH,1202403,-81.188106,27.765643,393,1
33868,12,2401,FL,POLK CITY,1202401,-81.861353,28.224295,1626,0.377525
33868,12,2402,FL,POLK CITY,1202402,-81.822244,28.181675,2681,0.622475
33870,12,3100,FL,SEBRING,1203100,-81.452389,27.497101,11499,1
33872,12,3100,FL,SEBRING,1203100,-81.506853,27.50889,8530,1
33873,12,3100,FL,WAUCHULA,1203100,-81.800804,27.549743,5288,1
33875,12,3100,FL,33875,1203100,-81.464974,27.432262,5739,1
33876,12,3100,FL,33876,1203100,-81.357578,27.433369,2936,1
33877,12,2403,FL,WAVERLY,1202403,-81.614605,27.985666,145,1
33880,12,2402,FL,ELOISE,1202402,-81.744468,28.015298,6622,0.423998
33880,12,2404,FL,ELOISE,1202404,-81.763862,27.984879,8996,0.576002
33881,12,2402,FL,WINTER HAVEN,1202402,-81.720616,28.052855,14863,0.982353
33881,12,2403,FL,WINTER HAVEN,1202403,-81.649338,28.027124,267,0.017647
33884,12,2402,FL,CYPRESS GARDENS,1202402,-81.696305,28.010659,1371,0.097269
33884,12,2403,FL,CYPRESS GARDENS,1202403,-81.652553,27.981279,5175,0.367151
33884,12,2404,FL,CYPRESS GARDENS,1202404,-81.679881,27.986709,7549,0.53558
33890,12,3100,FL,ZOLFO SPRINGS,1203100,-81.747473,27.46279,1985,1
33896,12,2300,FL,33896,1202300,-81.555081,28.267743,413,0.085774
33896,12,2402,FL,33896,1202402,-81.604693,28.251702,4402,0.914226
33897,12,2402,FL,33897,1202402,-81.675131,28.309683,11399,1
33898,12,2403,FL,33898,1202403,-81.480387,27.909721,9181,1
33901,12,3903,FL,FORT MYERS,1203903,-81.872697,26.619147,11020,1
33903,12,3902,FL,FORT MYERS,1203902,-81.909276,26.689986,14659,1
33904,12,3800,FL,CAPE CORAL CENTR,1203800,-81.952621,26.577464,19192,1
33905,12,3902,FL,TICE,1203902,-81.755399,26.682467,9666,0.671903
33905,12,3903,FL,TICE,1203903,-81.815872,26.667171,4720,0.328097
33907,12,3903,FL,FORT MYERS,1203903,-81.874232,26.563854,13113,1
33908,12,3901,FL,FORT MYERS,1203901,-81.928361,26.503317,29217,0.987828
33908,12,3903,FL,FORT MYERS,1203903,-81.922685,26.528024,360,0.012172
33909,12,3800,FL,CAPE CORAL CENTR,1203800,-81.946206,26.686343,10148,0.951791
33909,12,3902,FL,CAPE CORAL CENTR,1203902,-81.934452,26.680033,514,0.048209
33912,12,3901,FL,FORT MYERS,1203901,-81.858752,26.513176,120,0.011871
33912,12,3903,FL,FORT MYERS,1203903,-81.828607,26.537909,9989,0.988129
33913,12,3902,FL,FORT MYERS,1203902,-81.754207,26.569157,9733,1
33914,12,3800,FL,CAPE CORAL CENTR,1203800,-82.001486,26.572792,19008,1
33916,12,3903,FL,FORT MYERS,1203903,-81.842819,26.635922,10575,1
33917,12,3000,FL,FORT MYERS,1203000,-81.847476,26.782086,45,0.00256
33917,12,3902,FL,FORT MYERS,1203902,-81.866358,26.712071,17531,0.997439
33919,12,3903,FL,COLLEGE PARKWAY,1203903,-81.90131,26.550061,18725,1
33920,12,3902,FL,ALVA,1203902,-81.638326,26.710038,2383,1
33921,12,3000,FL,BOCA GRANDE,1203000,-82.2774,26.802219,645,0.341994
33921,12,3901,FL,BOCA GRANDE,1203901,-82.260982,26.746422,1241,0.658006
33922,12,3901,FL,BOKEELIA,1203901,-82.137995,26.663013,2823,1
33924,12,3901,FL,CAPTIVA,1203901,-82.198096,26.550095,1854,1
33928,12,3901,FL,ESTERO,1203901,-81.796145,26.431935,14680,0.936523
33928,12,3902,FL,ESTERO,1203902,-81.76248,26.446043,995,0.063477
33930,12,3100,FL,FELDA,1203100,-81.434597,26.545982,359,1
33931,12,3901,FL,FORT MYERS BEACH,1203901,-81.924491,26.444378,14187,1
33935,12,3100,FL,LABELLE,1203100,-81.442893,26.759209,8050,1
33936,12,3100,FL,LEHIGH ACRES,1203100,-81.558209,26.633387,28,0.002669
33936,12,3902,FL,LEHIGH ACRES,1203902,-81.627021,26.602804,10461,0.99733
33944,12,3100,FL,PALMDALE,1203100,-81.30961,26.954352,191,1
33945,12,3901,FL,PINELAND,1203901,-82.220462,26.601816,140,1
33946,12,3000,FL,PLACIDA,1203000,-82.293904,26.853348,2737,1
33947,12,3000,FL,PLACIDA,1203000,-82.275463,26.896037,5576,1
33948,12,3000,FL,PORT CHARLOTTE,1203000,-82.141045,26.985976,8887,1
33950,12,3000,FL,PUNTA GORDA,1203000,-82.051879,26.9099,14664,1
33952,12,3000,FL,PORT CHARLOTTE,1203000,-82.096729,26.99124,16056,1
33953,12,3000,FL,PORT CHARLOTTE,1203000,-82.216619,26.9952,3753,1
33954,12,3000,FL,PORT CHARLOTTE,1203000,-82.097775,27.023908,4293,1
33955,12,3000,FL,PUNTA GORDA,1203000,-82.00475,26.833112,4225,0.671808
33955,12,3800,FL,PUNTA GORDA,1203800,-82.054906,26.757556,103,0.016378
33955,12,3901,FL,PUNTA GORDA,1203901,-82.052068,26.763486,1961,0.311814
33956,12, ,FL,SAINT JAMES CITY,12,-82.065255,26.50154,1,0.000307
33956,12,3901,FL,SAINT JAMES CITY,1203901,-82.090089,26.52346,3259,0.999693
33957,12,3901,FL,SANIBEL,1203901,-82.070598,26.442688,7817,1
33960,12,3100,FL,VENUS,1203100,-81.403248,27.085864,502,1
33966,12,3903,FL,33966,1203903,-81.831103,26.580182,5229,1
33967,12,3901,FL,33967,1203901,-81.812037,26.471506,9923,1
33971,12,3902,FL,LEHIGH ACRES,1203902,-81.706291,26.632425,7986,1
33972,12,3902,FL,33972,1203902,-81.621735,26.639254,4877,1
33973,12,3902,FL,33973,1203902,-81.72894,26.602037,4586,1
33974,12,3902,FL,33974,1203902,-81.606613,26.563058,5374,1
33976,12,3902,FL,33976,1203902,-81.686125,26.592262,4992,1
33980,12,3000,FL,PORT CHARLOTTE,1203000,-82.057503,26.985685,7343,1
33981,12,3000,FL,PORT CHARLOTTE,1203000,-82.228014,26.929613,5710,1
33982,12,3000,FL,PUNTA GORDA,1203000,-81.934432,26.9587,5177,1
33983,12,3000,FL,PUNTA GORDA,1203000,-82.020491,27.009044,7699,1
33990,12,3800,FL,CAPE CORAL CENTR,1203800,-81.948505,26.630012,13455,0.991452
33990,12,3902,FL,CAPE CORAL CENTR,1203902,-81.923808,26.645341,116,0.008548
33991,12,3800,FL,CAPE CORAL CENTR,1203800,-82.003005,26.628022,7737,0.942387
33991,12,3901,FL,CAPE CORAL CENTR,1203901,-82.039862,26.628957,473,0.057613
33993,12,3800,FL,33993,1203800,-82.013572,26.681366,8867,0.925091
33993,12,3901,FL,33993,1203901,-82.073088,26.633194,708,0.073865
33993,12,3902,FL,33993,1203902,-82.005514,26.741141,10,0.001043
34101,12,3701,FL,34101,1203701,-81.769421,26.032283,40,1
34102,12,3701,FL,34102,1203701,-81.797973,26.144425,9011,1
34103,12,3701,FL,34103,1203701,-81.806632,26.191964,10165,1
34104,12,3701,FL,34104,1203701,-81.737587,26.155777,9045,0.608394
34104,12,3702,FL,34104,1203702,-81.725122,26.146444,5822,0.391605
34105,12,3701,FL,34105,1203701,-81.765179,26.197492,9693,1
34108,12,3701,FL,34108,1203701,-81.811286,26.248407,14295,1
34109,12,3701,FL,34109,1203701,-81.766207,26.245226,13923,1
34110,12,3701,FL,34110,1203701,-81.79529,26.293084,13218,0.865505
34110,12,3702,FL,34110,1203702,-81.748667,26.284641,1903,0.124607
34110,12,3901,FL,34110,1203901,-81.772614,26.320021,151,0.009887
34112,12,3701,FL,34112,1203701,-81.761542,26.124443,10722,0.573645
34112,12,3702,FL,34112,1203702,-81.718801,26.123857,7969,0.426355
34113,12,3701,FL,34113,1203701,-81.722249,26.046807,2920,0.273331
34113,12,3702,FL,34113,1203702,-81.715769,26.091994,7763,0.726668
34114,12,3702,FL,34114,1203702,-81.667367,26.049494,11630,1
34116,12,3701,FL,34116,1203701,-81.709429,26.166472,1429,0.132095
34116,12,3702,FL,34116,1203702,-81.704599,26.187885,9389,0.867905
34117,12,3702,FL,34117,1203702,-81.610357,26.206123,5242,1
34119,12,3702,FL,34119,1203702,-81.71608,26.25857,14561,0.996373
34119,12,3901,FL,34119,1203901,-81.731284,26.320603,53,0.003627
34120,12,3702,FL,34120,1203702,-81.60198,26.276989,10989,1
34134,12,3701,FL,34134,1203701,-81.830427,26.321752,1557,0.114806
34134,12,3901,FL,34134,1203901,-81.825498,26.358833,12005,0.885194
34135,12,3901,FL,34135,1203901,-81.770856,26.352745,24362,1
34137,12,3702,FL,34137,1203702,-81.382002,25.942808,106,1
34138,12,3702,FL,34138,1203702,-81.360472,25.814118,255,1
34139,12,3702,FL,34139,1203702,-81.382105,25.854438,625,1
34140,12,3702,FL,34140,1203702,-81.64732,25.924114,382,1
34141,12,3702,FL,34141,1203702,-81.181729,25.953761,127,0.947761
34141,12,4020,FL,34141,1204020,-80.984565,25.770384,7,0.052239
34142,12,3100,FL,34142,1203100,-81.225623,26.310965,92,0.012273
34142,12,3702,FL,34142,1203702,-81.433401,26.418098,7404,0.987727
34145,12,3702,FL,34145,1203702,-81.723734,25.938623,17113,1
34201,12,2802,FL,BRADEN RIVER,1202802,-82.470592,27.404366,2271,1
34202,12,2802,FL,BRADEN RIVER,1202802,-82.417891,27.412154,9161,1
34203,12,2801,FL,BRADEN RIVER,1202801,-82.52502,27.454507,7217,0.416157
34203,12,2802,FL,BRADEN RIVER,1202802,-82.51371,27.436754,10125,0.583842
34205,12,2801,FL,WESTGATE,1202801,-82.583065,27.480146,16102,1
34207,12,2801,FL,COLLEGE PLAZA,1202801,-82.577746,27.454782,6889,0.376345
34207,12,2802,FL,COLLEGE PLAZA,1202802,-82.578436,27.432702,11416,0.623654
34208,12,2801,FL,BRADEN RIVER,1202801,-82.526442,27.485591,13859,0.996835
34208,12,2802,FL,BRADEN RIVER,1202802,-82.497924,27.517291,44,0.003165
34209,12,2801,FL,PALMA SOLA,1202801,-82.630288,27.486621,17475,1
34210,12,2801,FL,BRADENTON,1202801,-82.630305,27.458718,7704,0.688718
34210,12,2802,FL,BRADENTON,1202802,-82.603351,27.436606,3482,0.311282
34211,12,2802,FL,34211,1202802,-82.406852,27.444679,1298,1
34212,12,2802,FL,34212,1202802,-82.431407,27.500637,6763,1
34215,12,2801,FL,CORTEZ,1202801,-82.686097,27.471107,682,1
34216,12,2801,FL,ANNA MARIA,1202801,-82.734908,27.530032,1559,1
34217,12,2801,FL,BRADENTON BEACH,1202801,-82.710936,27.497989,6032,1
34219,12,2802,FL,PARRISH,1202802,-82.429618,27.556404,7302,1
34221,12,2802,FL,PALMETTO,1202802,-82.553755,27.550082,19260,1
34222,12,2802,FL,ELLENTON,1202802,-82.501047,27.538378,6855,1
34223,12,2902,FL,ENGLEWOOD,1202902,-82.366244,26.980922,9747,0.748962
34223,12,3000,FL,ENGLEWOOD,1203000,-82.353566,26.933002,3267,0.251037
34224,12,2902,FL,GROVE CITY,1202902,-82.312831,26.950824,22,0.00208
34224,12,3000,FL,GROVE CITY,1203000,-82.303452,26.920208,10555,0.99792
34228,12,2802,FL,WHITNEY BEACH,1202802,-82.660691,27.413797,3244,0.368051
34228,12,2901,FL,WHITNEY BEACH,1202901,-82.613313,27.35734,5570,0.631949
34229,12,2902,FL,OSPREY,1202902,-82.481515,27.188335,4167,1
34231,12,2901,FL,SOUTH TRAIL,1202901,-82.51815,27.280283,10107,0.555727
34231,12,2902,FL,SOUTH TRAIL,1202902,-82.507469,27.249193,8080,0.444273
34232,12,2901,FL,FOREST LAKES,1202901,-82.475797,27.322553,15035,1
34233,12,2901,FL,SARASOTA,1202901,-82.472866,27.286248,8726,0.999885
34233,12,2902,FL,SARASOTA,1202902,-82.455822,27.268828,1,0.000115
34234,12,2901,FL,MEADOWS VILLAGE,1202901,-82.534601,27.366922,9939,1
34235,12,2901,FL,SARASOTA,1202901,-82.478906,27.365497,8225,1
34236,12,2901,FL,SARASOTA,1202901,-82.550199,27.330029,9709,1
34237,12,2901,FL,SARASOTA,1202901,-82.511674,27.338298,8120,1
34238,12,2902,FL,SARASOTA SQUARE,1202902,-82.474867,27.237472,11579,1
34239,12,2901,FL,SARASOTA,1202901,-82.517825,27.311156,8317,1
34240,12,2901,FL,SARASOTA,1202901,-82.420693,27.323023,4170,0.751486
34240,12,2902,FL,SARASOTA,1202902,-82.339364,27.334658,1379,0.248513
34241,12,2901,FL,SARASOTA,1202901,-82.422774,27.284997,5187,0.826613
34241,12,2902,FL,SARASOTA,1202902,-82.389171,27.25662,1088,0.173386
34242,12,2901,FL,CRESCENT BEACH,1202901,-82.543487,27.261273,10854,1
34243,12,2802,FL,SARASOTA,1202802,-82.51472,27.407466,11652,0.826149
34243,12,2901,FL,SARASOTA,1202901,-82.496867,27.385317,2452,0.173851
34251,12,2802,FL,MYAKKA CITY,1202802,-82.204624,27.396362,2213,0.983993
34251,12,2902,FL,MYAKKA CITY,1202902,-82.260287,27.36936,36,0.016007
34266,12,2902,FL,34266,1202902,-82.093924,27.164127,12,0.001019
34266,12,3100,FL,34266,1203100,-81.859538,27.208053,11770,0.998981
34268,12,3100,FL,34268,1203100,-81.891045,27.156998,74,1
34269,12,3100,FL,34269,1203100,-82.004,27.052419,2746,1
34275,12, ,FL,NOKOMIS,12,-82.441802,27.128595,22,0.002065
34275,12,2902,FL,NOKOMIS,1202902,-82.443575,27.140778,10633,0.997935
34285,12,2902,FL,VENICE,1202902,-82.436808,27.097043,14882,1
34286,12,2902,FL,34286,1202902,-82.183237,27.070898,7611,1
34287,12, ,FL,NORTH PORT,12,-82.291951,27.045907,9,0.000612
34287,12,2902,FL,NORTH PORT,1202902,-82.240926,27.048953,14708,0.999388
34288,12,2902,FL,34288,1202902,-82.136088,27.05167,5083,1
34289,12,2902,FL,34289,1202902,-82.145045,27.081924,1244,1
34291,12,2902,FL,34291,1202902,-82.232697,27.092112,3054,1
34292,12,2902,FL,MID VENICE,1202902,-82.389956,27.100008,8912,1
34293,12,2902,FL,SOUTH VENICE,1202902,-82.393483,27.055125,19733,1
34420,12,1502,FL,BELLEVIEW,1201502,-82.038023,29.053623,7770,1
34428,12,1600,FL,CRYSTAL RIVER,1201600,-82.59427,28.943574,5155,1
34429,12,1600,FL,CRYSTAL RIVER,1201600,-82.581402,28.877549,5439,1
34431,12,800,FL,DUNNELLON,1200800,-82.55652,29.130092,379,0.091259
34431,12,1502,FL,DUNNELLON,1201502,-82.476357,29.11352,3774,0.908741
34432,12,1502,FL,DUNNELLON,1201502,-82.383518,29.074136,6581,1
34433,12,1600,FL,CITRUS SPRINGS,1201600,-82.518762,29.002399,3341,1
34434,12,1600,FL,CITRUS SPRINGS,1201600,-82.453439,28.996006,3921,1
34436,12, ,FL,FLORAL CITY,12,-82.286973,28.768723,11,0.002387
34436,12,1600,FL,FLORAL CITY,1201600,-82.28781,28.740024,4597,0.997396
34436,12,1700,FL,FLORAL CITY,1201700,-82.417898,28.669113,1,0.000217
34442,12,1600,FL,HERNANDO,1201600,-82.401942,28.914205,8519,1
34445,12,1600,FL,HOLDER,1201600,-82.420448,28.967415,23,1
34446,12,1600,FL,HOMOSASSA,1201600,-82.533926,28.751264,9114,1
34448,12,1600,FL,HOMOSASSA,1201600,-82.576312,28.802321,6529,1
34449,12,800,FL,INGLIS,1200800,-82.644451,29.048159,1719,0.896713
34449,12,1600,FL,INGLIS,1201600,-82.690613,29.022604,198,0.103286
34450,12,1600,FL,INVERNESS,1201600,-82.291294,28.835251,6243,1
34452,12,1600,FL,INVERNESS,1201600,-82.341405,28.803271,5785,1
34453,12,1600,FL,INVERNESS,1201600,-82.361695,28.867811,5392,1
34461,12,1600,FL,LECANTO,1201600,-82.481511,28.855046,5133,1
34465,12,1600,FL,BEVERLY HILLS,1201600,-82.468048,28.924063,8625,1
34470,12,1501,FL,OCALA,1201501,-82.097889,29.199087,8452,0.916802
34470,12,1502,FL,OCALA,1201502,-82.041419,29.188137,767,0.083198
34471,12,1501,FL,OCALA,1201501,-82.121935,29.168947,11929,1
34472,12,1502,FL,OCALA,1201502,-82.023761,29.126622,11690,1
34473,12,1502,FL,OCALA,1201502,-82.186628,29.007429,7632,1
34474,12,1501,FL,OCALA,1201501,-82.199689,29.151559,7930,1
34475,12,1501,FL,OCALA,1201501,-82.154792,29.221521,4988,1
34476,12,1501,FL,OCALA,1201501,-82.196677,29.108613,875,0.083893
34476,12,1502,FL,OCALA,1201502,-82.213501,29.07488,9555,0.916107
34479,12,1501,FL,OCALA,1201501,-82.110402,29.237408,5695,1
34480,12,1501,FL,OCALA,1201501,-82.088227,29.139826,5826,0.724627
34480,12,1502,FL,OCALA,1201502,-82.075351,29.102108,2214,0.275373
34481,12,1501,FL,OCALA,1201501,-82.248561,29.11325,51,0.004803
34481,12,1502,FL,OCALA,1201502,-82.286659,29.098387,10567,0.995197
34482,12,1501,FL,OCALA,1201501,-82.210803,29.223906,5406,0.603887
34482,12,1502,FL,OCALA,1201502,-82.299877,29.227403,3546,0.396112
34484,12,1600,FL,OXFORD,1201600,-82.058573,28.928416,1354,1
34488,12,1501,FL,SILVER SPRINGS,1201501,-82.056276,29.228332,1518,0.256853
34488,12,1502,FL,SILVER SPRINGS,1201502,-81.894256,29.200011,4392,0.743147
34491,12,1502,FL,SUMMERFIELD,1201502,-82.014693,28.999027,14487,1
34498,12,800,FL,YANKEETOWN,1200800,-82.717585,29.028957,472,1
34601,12,1700,FL,BROOKSVILLE,1201700,-82.373594,28.563329,11460,1
34602,12,1700,FL,RIDGE MANOR WEST,1201700,-82.289025,28.50975,3288,1
34604,12,1700,FL,34604,1201700,-82.45416,28.479954,4135,1
34606,12,1700,FL,SPRING HILL,1201700,-82.596644,28.468007,13677,1
34607,12,1700,FL,SPRING HILL,1201700,-82.626478,28.501112,5032,1
34608,12,1700,FL,SPRING HILL,1201700,-82.552524,28.479532,14446,1
34609,12,1700,FL,SPRING HILL,1201700,-82.512281,28.477775,16255,1
34610,12,2501,FL,SHADY HILLS,1202501,-82.473261,28.372172,300,0.055494
34610,12,2502,FL,SHADY HILLS,1202502,-82.537086,28.400919,5106,0.944506
34613,12, ,FL,BROOKSVILLE,12,-82.556608,28.561922,9,0.000883
34613,12,1700,FL,BROOKSVILLE,1201700,-82.527937,28.549471,10179,0.999116
34614,12,1700,FL,BROOKSVILLE,1201700,-82.519015,28.62055,2974,1
34637,12,2501,FL,34637,1202501,-82.465761,28.268723,2414,1
34638,12,2501,FL,34638,1202501,-82.489325,28.272614,2666,0.351483
34638,12,2502,FL,34638,1202502,-82.513069,28.217467,4919,0.648517
34639,12,2501,FL,LAND O LAKES,1202501,-82.429016,28.216092,9236,1
34652,12,2502,FL,NEW PORT RICHEY,1202502,-82.729519,28.266013,13,0.000892
34652,12,2503,FL,NEW PORT RICHEY,1202503,-82.733034,28.233526,14567,0.999108
34653,12,2503,FL,NEW PORT RICHEY,1202503,-82.696373,28.243563,16932,1
34654,12,2502,FL,NEW PORT RICHEY,1202502,-82.631026,28.299804,10131,0.998423
34654,12,2503,FL,NEW PORT RICHEY,1202503,-82.67765,28.289506,16,0.001577
34655,12,2502,FL,NEW PORT RICHEY,1202502,-82.655732,28.204997,12660,0.711236
34655,12,2503,FL,NEW PORT RICHEY,1202503,-82.693445,28.203502,5140,0.288764
34661,12,1700,FL,NOBLETON,1201700,-82.261614,28.643682,218,1
34667,12,2502,FL,HUDSON,1202502,-82.671248,28.369878,19291,1
34668,12,2502,FL,PORT RICHEY,1202502,-82.692282,28.308309,16222,0.715571
34668,12,2503,FL,PORT RICHEY,1202503,-82.69661,28.28506,6448,0.284429
34669,12,2502,FL,HUDSON,1202502,-82.620874,28.350338,5844,1
34677,12,2601,FL,OLDSMAR,1202601,-82.689004,28.058979,5846,0.59248
34677,12,2602,FL,OLDSMAR,1202602,-82.682669,28.037848,4021,0.40752
34679,12,2502,FL,ARIPEKA,1202502,-82.661939,28.43085,74,1
34681,12,2601,FL,CRYSTAL BEACH,1202601,-82.77774,28.08897,656,1
34683,12,2601,FL,PALM HARBOR,1202601,-82.757889,28.083,15333,0.99649
34683,12,2602,FL,PALM HARBOR,1202602,-82.746639,28.045512,54,0.003509
34684,12,2601,FL,LAKE TARPON,1202601,-82.727205,28.075315,14360,1
34685,12,2601,FL,PALM HARBOR,1202601,-82.696213,28.099561,7959,1
34688,12,2601,FL,TARPON SPRINGS,1202601,-82.693262,28.139934,3430,1
34689,12,2601,FL,TARPON SPRINGS,1202601,-82.75898,28.144754,13845,1
34690,12,2503,FL,HOLIDAY,1202503,-82.727959,28.190951,6835,1
34691,12, ,FL,HOLIDAY,12,-82.783845,28.200415,3,0.000261
34691,12,2503,FL,HOLIDAY,1202503,-82.755132,28.192229,11478,0.999739
34695,12,2602,FL,SAFETY HARBOR,1202602,-82.696268,28.009345,8413,1
34698,12,2601,FL,DUNEDIN,1202601,-82.778003,28.054505,2236,0.100912
34698,12,2602,FL,DUNEDIN,1202602,-82.772053,28.02225,19922,0.899088
34705,12,1801,FL,ASTATULA,1201801,-81.730407,28.709949,1069,1
34711,12,1801,FL,CLERMONT,1201801,-81.736531,28.530942,21806,1
34714,12,1801,FL,34714,1201801,-81.696768,28.387057,7085,0.836976
34714,12,2402,FL,34714,1202402,-81.663383,28.34355,1380,0.163024
34715,12,1801,FL,34715,1201801,-81.749887,28.599154,5799,1
34731,12,1801,FL,FRUITLAND PARK,1201801,-81.897658,28.864362,5325,0.994583
34731,12,1802,FL,FRUITLAND PARK,1201802,-81.943834,28.893049,29,0.005417
34734,12,2202,FL,GOTHA,1202202,-81.522091,28.540922,1400,1
34736,12,1801,FL,GROVELAND,1201801,-81.851517,28.576583,5614,1
34737,12,1801,FL,HOWEY IN THE HIL,1201801,-81.784865,28.709337,1253,1
34739,12,2300,FL,KENANSVILLE,1202300,-81.044251,27.887587,500,1
34741,12,2300,FL,KISSIMMEE,1202300,-81.427146,28.312286,18561,1
34743,12,2300,FL,BUENA VENTURA LA,1202300,-81.353416,28.32907,12033,1
34744,12,2300,FL,KISSIMMEE,1202300,-81.350172,28.304489,16948,1
34746,12,2300,FL,KISSIMMEE,1202300,-81.459474,28.273536,19693,1
34747,12,2300,FL,KISSIMMEE,1202300,-81.587291,28.316329,20571,1
34748,12,1801,FL,LEESBURG,1201801,-81.881472,28.775163,21151,0.983264
34748,12,1802,FL,LEESBURG,1201802,-81.833314,28.825808,360,0.016736
34753,12,1801,FL,MASCOTTE,1201801,-81.893698,28.584257,1822,1
34756,12,1801,FL,MONTVERDE,1201801,-81.680491,28.594366,1308,1
34758,12,2300,FL,KISSIMMEE,1202300,-81.481454,28.185491,11360,1
34759,12,2300,FL,POINCIANA,1202300,-81.44486,28.121285,2169,0.163624
34759,12,2403,FL,POINCIANA,1202403,-81.484598,28.100839,11087,0.836376
34760,12,2202,FL,OAKLAND,1202202,-81.630224,28.556268,343,1
34761,12,2201,FL,OCOEE,1202201,-81.542818,28.612098,1262,0.091589
34761,12,2202,FL,OCOEE,1202202,-81.526869,28.570968,12517,0.908411
34762,12,1801,FL,OKAHUMPKA,1201801,-81.888239,28.751371,313,1
34769,12,2300,FL,SAINT CLOUD,1202300,-81.29282,28.24838,9757,1
34771,12,2300,FL,SAINT CLOUD,1202300,-81.212116,28.276234,5813,1
34772,12,2300,FL,SAINT CLOUD,1202300,-81.284742,28.204584,8498,1
34773,12,2300,FL,SAINT CLOUD,1202300,-81.078462,28.153466,1268,1
34785,12,1600,FL,WILDWOOD,1201600,-82.028583,28.848143,5913,1
34786,12,2202,FL,WINDERMERE,1202202,-81.557425,28.481626,10953,1
34787,12,1801,FL,WINTER GARDEN,1201801,-81.668659,28.515488,327,0.017822
34787,12,2202,FL,WINTER GARDEN,1202202,-81.597615,28.529325,18021,0.982178
34788,12,1801,FL,HAINES CREEK,1201801,-81.790862,28.821988,484,0.049302
34788,12,1802,FL,HAINES CREEK,1201802,-81.780373,28.856872,9333,0.950697
34797,12,1801,FL,YALAHA,1201801,-81.82003,28.742225,665,1
34945,12,3300,FL,FORT PIERCE,1203300,-80.440373,27.438872,1812,1
34946,12,3300,FL,FORT PIERCE,1203300,-80.351436,27.48339,2966,1
34947,12,3300,FL,FORT PIERCE,1203300,-80.362245,27.446698,4834,1
34949,12,3300,FL,FORT PIERCE,1203300,-80.301822,27.482992,7685,1
34950,12,3300,FL,FORT PIERCE,1203300,-80.337338,27.446253,7111,1
34951,12,3300,FL,FORT PIERCE,1203300,-80.408829,27.540627,7876,1
34952,12,3300,FL,PORT SAINT LUCIE,1203300,-80.29601,27.293574,20971,1
34953,12,3300,FL,PORT SAINT LUCIE,1203300,-80.381254,27.250932,23419,1
34956,12,3400,FL,INDIANTOWN,1203400,-80.478934,27.035962,2501,1
34957,12,3300,FL,JENSEN BEACH,1203300,-80.2162,27.286597,8469,0.465151
34957,12,3400,FL,JENSEN BEACH,1203400,-80.238758,27.238189,9738,0.534849
34972,12,2300,FL,BASINGER,1202300,-80.899674,27.699323,160,0.023032
34972,12,3200,FL,BASINGER,1203200,-80.857475,27.329882,6768,0.974233
34972,12,3300,FL,BASINGER,1203300,-80.637345,27.261781,19,0.002735
34974,12,3100,FL,OKEECHOBEE,1203100,-80.951002,27.134955,2268,0.159842
34974,12,3200,FL,OKEECHOBEE,1203200,-80.801204,27.211692,11741,0.827472
34974,12,3400,FL,OKEECHOBEE,1203400,-80.63885,27.131571,180,0.012686
34981,12,3300,FL,FORT PIERCE,1203300,-80.358935,27.404464,1818,1
34982,12,3300,FL,FORT PIERCE,1203300,-80.323784,27.390482,11561,1
34983,12,3300,FL,PORT SAINT LUCIE,1203300,-80.349731,27.317633,15795,1
34984,12,3300,FL,PORT SAINT LUCIE,1203300,-80.343855,27.269047,5719,1
34986,12,3300,FL,PORT SAINT LUCIE,1203300,-80.398581,27.325841,12936,1
34987,12,3300,FL,PORT SAINT LUCIE,1203300,-80.447009,27.283515,3075,1
34990,12,3300,FL,PALM CITY,1203300,-80.307477,27.225867,737,0.056024
34990,12,3400,FL,PALM CITY,1203400,-80.292896,27.169717,12418,0.943975
34994,12,3300,FL,STUART,1203300,-80.288139,27.237913,226,0.023923
34994,12,3400,FL,STUART,1203400,-80.253653,27.191451,9221,0.976077
34996,12,3400,FL,STUART,1203400,-80.203011,27.195453,8391,1
34997,12,3400,FL,STUART,1203400,-80.21899,27.135242,20471,1
99999,12,200,FL,99999,1200200,-86.86339,30.514879,1,0.008333
99999,12,500,FL,99999,1200500,-85.554761,30.154001,2,0.016667
99999,12,600,FL,99999,1200600,-83.996611,29.889162,25,0.208333
99999,12,702,FL,99999,1200702,-84.297091,30.366619,3,0.025
99999,12,800,FL,99999,1200800,-83.015755,29.379197,58,0.483333
99999,12,900,FL,99999,1200900,-82.342813,30.531004,1,0.008333
99999,12,1502,FL,99999,1201502,-81.783964,29.479427,4,0.033333
99999,12,3509,FL,99999,1203509,-80.615848,26.575931,3,0.025
99999,12,4014,FL,99999,1204014,-80.280851,25.636643,5,0.041667
99999,12,4020,FL,99999,1204020,-81.037625,24.878173,18,0.15
